2026-03-07 10:22:55: [retrieval_preprocessing] starting retrieval preprocessing for base_image
2026-03-07 10:23:03: [retrieval_preprocessing] concatenated all embeddings and indices for 42 episodes for libero_collected_demos_training/pick_up_the_tomato_sauce_and_place_it_in_the_basket [chosen_id count 0/32]
2026-03-07 10:23:03: [retrieval_preprocessing] we have num_total=6097 embedding_dim=49152
2026-03-07 10:23:03: [retrieval_preprocessing] skipping episode 100000 [episode count 0/42]
2026-03-07 10:23:03: [retrieval_preprocessing] skipping episode 100001 [episode count 1/42]
2026-03-07 10:23:03: [retrieval_preprocessing] skipping episode 100002 [episode count 2/42]
2026-03-07 10:23:03: [retrieval_preprocessing] skipping episode 100003 [episode count 3/42]
2026-03-07 10:23:03: [retrieval_preprocessing] skipping episode 100004 [episode count 4/42]
2026-03-07 10:23:03: [retrieval_preprocessing] skipping episode 100005 [episode count 5/42]
2026-03-07 10:23:03: [retrieval_preprocessing] skipping episode 100006 [episode count 6/42]
2026-03-07 10:23:03: [retrieval_preprocessing] skipping episode 100007 [episode count 7/42]
2026-03-07 10:23:03: [retrieval_preprocessing] skipping episode 100008 [episode count 8/42]
2026-03-07 10:23:03: [retrieval_preprocessing] skipping episode 100009 [episode count 9/42]
2026-03-07 10:23:03: [retrieval_preprocessing] skipping episode 100010 [episode count 10/42]
2026-03-07 10:23:03: [retrieval_preprocessing] skipping episode 100011 [episode count 11/42]
2026-03-07 10:23:03: [retrieval_preprocessing] skipping episode 100012 [episode count 12/42]
2026-03-07 10:23:03: [retrieval_preprocessing] skipping episode 100013 [episode count 13/42]
2026-03-07 10:23:03: [retrieval_preprocessing] skipping episode 100014 [episode count 14/42]
2026-03-07 10:23:03: [retrieval_preprocessing] skipping episode 100015 [episode count 15/42]
2026-03-07 10:23:03: [retrieval_preprocessing] skipping episode 100016 [episode count 16/42]
2026-03-07 10:23:03: [retrieval_preprocessing] skipping episode 100017 [episode count 17/42]
2026-03-07 10:23:03: [retrieval_preprocessing] skipping episode 100018 [episode count 18/42]
2026-03-07 10:23:03: [retrieval_preprocessing] skipping episode 100019 [episode count 19/42]
2026-03-07 10:23:03: [retrieval_preprocessing] skipping episode 100020 [episode count 20/42]
2026-03-07 10:23:03: [retrieval_preprocessing] skipping episode 100021 [episode count 21/42]
2026-03-07 10:23:03: [retrieval_preprocessing] skipping episode 100022 [episode count 22/42]
2026-03-07 10:23:03: [retrieval_preprocessing] skipping episode 100023 [episode count 23/42]
2026-03-07 10:23:03: [retrieval_preprocessing] skipping episode 100024 [episode count 24/42]
2026-03-07 10:23:03: [retrieval_preprocessing] skipping episode 100025 [episode count 25/42]
2026-03-07 10:23:03: [retrieval_preprocessing] skipping episode 100026 [episode count 26/42]
2026-03-07 10:23:03: [retrieval_preprocessing] skipping episode 100027 [episode count 27/42]
2026-03-07 10:23:03: [retrieval_preprocessing] skipping episode 100028 [episode count 28/42]
2026-03-07 10:23:03: [retrieval_preprocessing] skipping episode 100029 [episode count 29/42]
2026-03-07 10:23:03: [retrieval_preprocessing] skipping episode 100030 [episode count 30/42]
2026-03-07 10:23:03: [retrieval_preprocessing] skipping episode 100031 [episode count 31/42]
2026-03-07 10:23:03: [retrieval_preprocessing] skipping episode 100032 [episode count 32/42]
2026-03-07 10:23:03: [retrieval_preprocessing] skipping episode 100033 [episode count 33/42]
2026-03-07 10:23:03: [retrieval_preprocessing] skipping episode 100034 [episode count 34/42]
2026-03-07 10:23:03: [retrieval_preprocessing] skipping episode 100035 [episode count 35/42]
2026-03-07 10:23:03: [retrieval_preprocessing] skipping episode 100036 [episode count 36/42]
2026-03-07 10:23:03: [retrieval_preprocessing] skipping episode 100037 [episode count 37/42]
2026-03-07 10:23:03: [retrieval_preprocessing] skipping episode 100038 [episode count 38/42]
2026-03-07 10:23:03: [retrieval_preprocessing] skipping episode 100039 [episode count 39/42]
2026-03-07 10:23:03: [retrieval_preprocessing] skipping episode 100040 [episode count 40/42]
2026-03-07 10:23:03: [retrieval_preprocessing] skipping episode 100041 [episode count 41/42]
2026-03-07 10:23:03: [retrieval_preprocessing] finished for libero_collected_demos_training/pick_up_the_tomato_sauce_and_place_it_in_the_basket [chosen_id count 0/32]
2026-03-07 10:23:14: [retrieval_preprocessing] concatenated all embeddings and indices for 33 episodes for libero_collected_demos_training/put_both_the_alphabet_soup_and_the_tomato_sauce_in_the_basket [chosen_id count 1/32]
2026-03-07 10:23:14: [retrieval_preprocessing] we have num_total=9571 embedding_dim=49152
2026-03-07 10:23:14: [retrieval_preprocessing] skipping episode 100042 [episode count 0/33]
[retrieval_preprocessing] for episode 100043 [episode count 1/33], we have num_retrieval=np.int64(9312) num_query=np.int64(259)
2026-03-07 10:24:39: [retrieval_preprocessing] calculating distances ...
2026-03-07 10:24:40: [retrieval_preprocessing] finished and saved retrieval indices for episode 100043 [episode count 1/33]
[retrieval_preprocessing] for episode 100044 [episode count 2/33], we have num_retrieval=np.int64(9297) num_query=np.int64(274)
2026-03-07 10:26:05: [retrieval_preprocessing] calculating distances ...
2026-03-07 10:26:06: [retrieval_preprocessing] finished and saved retrieval indices for episode 100044 [episode count 2/33]
[retrieval_preprocessing] for episode 100045 [episode count 3/33], we have num_retrieval=np.int64(9235) num_query=np.int64(336)
2026-03-07 10:27:31: [retrieval_preprocessing] calculating distances ...
2026-03-07 10:27:31: [retrieval_preprocessing] finished and saved retrieval indices for episode 100045 [episode count 3/33]
[retrieval_preprocessing] for episode 100046 [episode count 4/33], we have num_retrieval=np.int64(9316) num_query=np.int64(255)
2026-03-07 10:28:56: [retrieval_preprocessing] calculating distances ...
2026-03-07 10:28:57: [retrieval_preprocessing] finished and saved retrieval indices for episode 100046 [episode count 4/33]
[retrieval_preprocessing] for episode 100047 [episode count 5/33], we have num_retrieval=np.int64(9303) num_query=np.int64(268)
2026-03-07 10:30:22: [retrieval_preprocessing] calculating distances ...
2026-03-07 10:30:23: [retrieval_preprocessing] finished and saved retrieval indices for episode 100047 [episode count 5/33]
[retrieval_preprocessing] for episode 100048 [episode count 6/33], we have num_retrieval=np.int64(9310) num_query=np.int64(261)
2026-03-07 10:31:48: [retrieval_preprocessing] calculating distances ...
2026-03-07 10:31:48: [retrieval_preprocessing] finished and saved retrieval indices for episode 100048 [episode count 6/33]
[retrieval_preprocessing] for episode 100049 [episode count 7/33], we have num_retrieval=np.int64(9231) num_query=np.int64(340)
2026-03-07 10:33:14: [retrieval_preprocessing] calculating distances ...
2026-03-07 10:33:15: [retrieval_preprocessing] finished and saved retrieval indices for episode 100049 [episode count 7/33]
[retrieval_preprocessing] for episode 100050 [episode count 8/33], we have num_retrieval=np.int64(9286) num_query=np.int64(285)
2026-03-07 10:34:40: [retrieval_preprocessing] calculating distances ...
2026-03-07 10:34:41: [retrieval_preprocessing] finished and saved retrieval indices for episode 100050 [episode count 8/33]
[retrieval_preprocessing] for episode 100051 [episode count 9/33], we have num_retrieval=np.int64(9271) num_query=np.int64(300)
2026-03-07 10:36:06: [retrieval_preprocessing] calculating distances ...
2026-03-07 10:36:07: [retrieval_preprocessing] finished and saved retrieval indices for episode 100051 [episode count 9/33]
[retrieval_preprocessing] for episode 100052 [episode count 10/33], we have num_retrieval=np.int64(9304) num_query=np.int64(267)
2026-03-07 10:37:32: [retrieval_preprocessing] calculating distances ...
2026-03-07 10:37:33: [retrieval_preprocessing] finished and saved retrieval indices for episode 100052 [episode count 10/33]
[retrieval_preprocessing] for episode 100053 [episode count 11/33], we have num_retrieval=np.int64(9316) num_query=np.int64(255)
2026-03-07 10:38:58: [retrieval_preprocessing] calculating distances ...
2026-03-07 10:38:58: [retrieval_preprocessing] finished and saved retrieval indices for episode 100053 [episode count 11/33]
[retrieval_preprocessing] for episode 100054 [episode count 12/33], we have num_retrieval=np.int64(9259) num_query=np.int64(312)
2026-03-07 10:40:22: [retrieval_preprocessing] calculating distances ...
2026-03-07 10:40:23: [retrieval_preprocessing] finished and saved retrieval indices for episode 100054 [episode count 12/33]
[retrieval_preprocessing] for episode 100055 [episode count 13/33], we have num_retrieval=np.int64(9289) num_query=np.int64(282)
2026-03-07 10:41:48: [retrieval_preprocessing] calculating distances ...
2026-03-07 10:41:49: [retrieval_preprocessing] finished and saved retrieval indices for episode 100055 [episode count 13/33]
[retrieval_preprocessing] for episode 100056 [episode count 14/33], we have num_retrieval=np.int64(9297) num_query=np.int64(274)
2026-03-07 10:43:13: [retrieval_preprocessing] calculating distances ...
2026-03-07 10:43:14: [retrieval_preprocessing] finished and saved retrieval indices for episode 100056 [episode count 14/33]
[retrieval_preprocessing] for episode 100057 [episode count 15/33], we have num_retrieval=np.int64(9293) num_query=np.int64(278)
2026-03-07 10:44:38: [retrieval_preprocessing] calculating distances ...
2026-03-07 10:44:39: [retrieval_preprocessing] finished and saved retrieval indices for episode 100057 [episode count 15/33]
[retrieval_preprocessing] for episode 100058 [episode count 16/33], we have num_retrieval=np.int64(9289) num_query=np.int64(282)
2026-03-07 10:46:03: [retrieval_preprocessing] calculating distances ...
2026-03-07 10:46:04: [retrieval_preprocessing] finished and saved retrieval indices for episode 100058 [episode count 16/33]
[retrieval_preprocessing] for episode 100059 [episode count 17/33], we have num_retrieval=np.int64(9306) num_query=np.int64(265)
2026-03-07 10:47:28: [retrieval_preprocessing] calculating distances ...
2026-03-07 10:47:29: [retrieval_preprocessing] finished and saved retrieval indices for episode 100059 [episode count 17/33]
[retrieval_preprocessing] for episode 100060 [episode count 18/33], we have num_retrieval=np.int64(9295) num_query=np.int64(276)
2026-03-07 10:48:54: [retrieval_preprocessing] calculating distances ...
2026-03-07 10:48:55: [retrieval_preprocessing] finished and saved retrieval indices for episode 100060 [episode count 18/33]
[retrieval_preprocessing] for episode 100061 [episode count 19/33], we have num_retrieval=np.int64(9283) num_query=np.int64(288)
2026-03-07 10:50:19: [retrieval_preprocessing] calculating distances ...
2026-03-07 10:50:20: [retrieval_preprocessing] finished and saved retrieval indices for episode 100061 [episode count 19/33]
[retrieval_preprocessing] for episode 100062 [episode count 20/33], we have num_retrieval=np.int64(9254) num_query=np.int64(317)
2026-03-07 10:51:44: [retrieval_preprocessing] calculating distances ...
2026-03-07 10:51:45: [retrieval_preprocessing] finished and saved retrieval indices for episode 100062 [episode count 20/33]
[retrieval_preprocessing] for episode 100063 [episode count 21/33], we have num_retrieval=np.int64(9275) num_query=np.int64(296)
2026-03-07 10:53:10: [retrieval_preprocessing] calculating distances ...
2026-03-07 10:53:11: [retrieval_preprocessing] finished and saved retrieval indices for episode 100063 [episode count 21/33]
[retrieval_preprocessing] for episode 100064 [episode count 22/33], we have num_retrieval=np.int64(9326) num_query=np.int64(245)
2026-03-07 10:54:36: [retrieval_preprocessing] calculating distances ...
2026-03-07 10:54:37: [retrieval_preprocessing] finished and saved retrieval indices for episode 100064 [episode count 22/33]
[retrieval_preprocessing] for episode 100065 [episode count 23/33], we have num_retrieval=np.int64(9279) num_query=np.int64(292)
2026-03-07 10:56:01: [retrieval_preprocessing] calculating distances ...
2026-03-07 10:56:02: [retrieval_preprocessing] finished and saved retrieval indices for episode 100065 [episode count 23/33]
[retrieval_preprocessing] for episode 100066 [episode count 24/33], we have num_retrieval=np.int64(9321) num_query=np.int64(250)
2026-03-07 10:57:27: [retrieval_preprocessing] calculating distances ...
2026-03-07 10:57:28: [retrieval_preprocessing] finished and saved retrieval indices for episode 100066 [episode count 24/33]
[retrieval_preprocessing] for episode 100067 [episode count 25/33], we have num_retrieval=np.int64(9228) num_query=np.int64(343)
2026-03-07 10:58:53: [retrieval_preprocessing] calculating distances ...
2026-03-07 10:58:54: [retrieval_preprocessing] finished and saved retrieval indices for episode 100067 [episode count 25/33]
[retrieval_preprocessing] for episode 100068 [episode count 26/33], we have num_retrieval=np.int64(9229) num_query=np.int64(342)
2026-03-07 11:00:19: [retrieval_preprocessing] calculating distances ...
2026-03-07 11:00:20: [retrieval_preprocessing] finished and saved retrieval indices for episode 100068 [episode count 26/33]
[retrieval_preprocessing] for episode 100069 [episode count 27/33], we have num_retrieval=np.int64(9259) num_query=np.int64(312)
2026-03-07 11:01:45: [retrieval_preprocessing] calculating distances ...
2026-03-07 11:01:46: [retrieval_preprocessing] finished and saved retrieval indices for episode 100069 [episode count 27/33]
[retrieval_preprocessing] for episode 100070 [episode count 28/33], we have num_retrieval=np.int64(9254) num_query=np.int64(317)
2026-03-07 11:03:11: [retrieval_preprocessing] calculating distances ...
2026-03-07 11:03:12: [retrieval_preprocessing] finished and saved retrieval indices for episode 100070 [episode count 28/33]
[retrieval_preprocessing] for episode 100071 [episode count 29/33], we have num_retrieval=np.int64(9271) num_query=np.int64(300)
2026-03-07 11:04:36: [retrieval_preprocessing] calculating distances ...
2026-03-07 11:04:37: [retrieval_preprocessing] finished and saved retrieval indices for episode 100071 [episode count 29/33]
[retrieval_preprocessing] for episode 100072 [episode count 30/33], we have num_retrieval=np.int64(9293) num_query=np.int64(278)
2026-03-07 11:06:02: [retrieval_preprocessing] calculating distances ...
2026-03-07 11:06:02: [retrieval_preprocessing] finished and saved retrieval indices for episode 100072 [episode count 30/33]
[retrieval_preprocessing] for episode 100073 [episode count 31/33], we have num_retrieval=np.int64(9291) num_query=np.int64(280)
2026-03-07 11:07:27: [retrieval_preprocessing] calculating distances ...
2026-03-07 11:07:27: [retrieval_preprocessing] finished and saved retrieval indices for episode 100073 [episode count 31/33]
[retrieval_preprocessing] for episode 100074 [episode count 32/33], we have num_retrieval=np.int64(9204) num_query=np.int64(367)
2026-03-07 11:08:52: [retrieval_preprocessing] calculating distances ...
2026-03-07 11:08:53: [retrieval_preprocessing] finished and saved retrieval indices for episode 100074 [episode count 32/33]
2026-03-07 11:08:53: [retrieval_preprocessing] finished for libero_collected_demos_training/put_both_the_alphabet_soup_and_the_tomato_sauce_in_the_basket [chosen_id count 1/32]
2026-03-07 11:09:03: [retrieval_preprocessing] concatenated all embeddings and indices for 35 episodes for libero_collected_demos_training/put_the_black_bowl_in_the_bottom_drawer_of_the_cabinet_and_close_it [chosen_id count 2/32]
2026-03-07 11:09:03: [retrieval_preprocessing] we have num_total=8577 embedding_dim=49152
[retrieval_preprocessing] for episode 100075 [episode count 0/35], we have num_retrieval=np.int64(8337) num_query=np.int64(240)
2026-03-07 11:10:27: [retrieval_preprocessing] calculating distances ...
2026-03-07 11:10:28: [retrieval_preprocessing] finished and saved retrieval indices for episode 100075 [episode count 0/35]
[retrieval_preprocessing] for episode 100076 [episode count 1/35], we have num_retrieval=np.int64(8314) num_query=np.int64(263)
2026-03-07 11:11:51: [retrieval_preprocessing] calculating distances ...
2026-03-07 11:11:51: [retrieval_preprocessing] finished and saved retrieval indices for episode 100076 [episode count 1/35]
[retrieval_preprocessing] for episode 100077 [episode count 2/35], we have num_retrieval=np.int64(8340) num_query=np.int64(237)
2026-03-07 11:13:13: [retrieval_preprocessing] calculating distances ...
2026-03-07 11:13:14: [retrieval_preprocessing] finished and saved retrieval indices for episode 100077 [episode count 2/35]
[retrieval_preprocessing] for episode 100078 [episode count 3/35], we have num_retrieval=np.int64(8322) num_query=np.int64(255)
2026-03-07 11:14:38: [retrieval_preprocessing] calculating distances ...
2026-03-07 11:14:38: [retrieval_preprocessing] finished and saved retrieval indices for episode 100078 [episode count 3/35]
[retrieval_preprocessing] for episode 100079 [episode count 4/35], we have num_retrieval=np.int64(8316) num_query=np.int64(261)
2026-03-07 11:16:01: [retrieval_preprocessing] calculating distances ...
2026-03-07 11:16:02: [retrieval_preprocessing] finished and saved retrieval indices for episode 100079 [episode count 4/35]
[retrieval_preprocessing] for episode 100080 [episode count 5/35], we have num_retrieval=np.int64(8356) num_query=np.int64(221)
2026-03-07 11:17:25: [retrieval_preprocessing] calculating distances ...
2026-03-07 11:17:26: [retrieval_preprocessing] finished and saved retrieval indices for episode 100080 [episode count 5/35]
[retrieval_preprocessing] for episode 100081 [episode count 6/35], we have num_retrieval=np.int64(8326) num_query=np.int64(251)
2026-03-07 11:18:47: [retrieval_preprocessing] calculating distances ...
2026-03-07 11:18:48: [retrieval_preprocessing] finished and saved retrieval indices for episode 100081 [episode count 6/35]
[retrieval_preprocessing] for episode 100082 [episode count 7/35], we have num_retrieval=np.int64(8325) num_query=np.int64(252)
2026-03-07 11:20:10: [retrieval_preprocessing] calculating distances ...
2026-03-07 11:20:11: [retrieval_preprocessing] finished and saved retrieval indices for episode 100082 [episode count 7/35]
[retrieval_preprocessing] for episode 100083 [episode count 8/35], we have num_retrieval=np.int64(8320) num_query=np.int64(257)
2026-03-07 11:21:32: [retrieval_preprocessing] calculating distances ...
2026-03-07 11:21:33: [retrieval_preprocessing] finished and saved retrieval indices for episode 100083 [episode count 8/35]
[retrieval_preprocessing] for episode 100084 [episode count 9/35], we have num_retrieval=np.int64(8350) num_query=np.int64(227)
2026-03-07 11:22:57: [retrieval_preprocessing] calculating distances ...
2026-03-07 11:22:57: [retrieval_preprocessing] finished and saved retrieval indices for episode 100084 [episode count 9/35]
[retrieval_preprocessing] for episode 100085 [episode count 10/35], we have num_retrieval=np.int64(8348) num_query=np.int64(229)
2026-03-07 11:24:20: [retrieval_preprocessing] calculating distances ...
2026-03-07 11:24:20: [retrieval_preprocessing] finished and saved retrieval indices for episode 100085 [episode count 10/35]
[retrieval_preprocessing] for episode 100086 [episode count 11/35], we have num_retrieval=np.int64(8333) num_query=np.int64(244)
2026-03-07 11:25:42: [retrieval_preprocessing] calculating distances ...
2026-03-07 11:25:43: [retrieval_preprocessing] finished and saved retrieval indices for episode 100086 [episode count 11/35]
[retrieval_preprocessing] for episode 100087 [episode count 12/35], we have num_retrieval=np.int64(8348) num_query=np.int64(229)
2026-03-07 11:27:06: [retrieval_preprocessing] calculating distances ...
2026-03-07 11:27:07: [retrieval_preprocessing] finished and saved retrieval indices for episode 100087 [episode count 12/35]
[retrieval_preprocessing] for episode 100088 [episode count 13/35], we have num_retrieval=np.int64(8347) num_query=np.int64(230)
2026-03-07 11:28:30: [retrieval_preprocessing] calculating distances ...
2026-03-07 11:28:30: [retrieval_preprocessing] finished and saved retrieval indices for episode 100088 [episode count 13/35]
[retrieval_preprocessing] for episode 100089 [episode count 14/35], we have num_retrieval=np.int64(8342) num_query=np.int64(235)
2026-03-07 11:29:54: [retrieval_preprocessing] calculating distances ...
2026-03-07 11:29:55: [retrieval_preprocessing] finished and saved retrieval indices for episode 100089 [episode count 14/35]
[retrieval_preprocessing] for episode 100090 [episode count 15/35], we have num_retrieval=np.int64(8329) num_query=np.int64(248)
2026-03-07 11:31:20: [retrieval_preprocessing] calculating distances ...
2026-03-07 11:31:21: [retrieval_preprocessing] finished and saved retrieval indices for episode 100090 [episode count 15/35]
[retrieval_preprocessing] for episode 100091 [episode count 16/35], we have num_retrieval=np.int64(8341) num_query=np.int64(236)
2026-03-07 11:32:43: [retrieval_preprocessing] calculating distances ...
2026-03-07 11:32:44: [retrieval_preprocessing] finished and saved retrieval indices for episode 100091 [episode count 16/35]
[retrieval_preprocessing] for episode 100092 [episode count 17/35], we have num_retrieval=np.int64(8336) num_query=np.int64(241)
2026-03-07 11:34:06: [retrieval_preprocessing] calculating distances ...
2026-03-07 11:34:07: [retrieval_preprocessing] finished and saved retrieval indices for episode 100092 [episode count 17/35]
[retrieval_preprocessing] for episode 100093 [episode count 18/35], we have num_retrieval=np.int64(8348) num_query=np.int64(229)
2026-03-07 11:35:31: [retrieval_preprocessing] calculating distances ...
2026-03-07 11:35:32: [retrieval_preprocessing] finished and saved retrieval indices for episode 100093 [episode count 18/35]
[retrieval_preprocessing] for episode 100094 [episode count 19/35], we have num_retrieval=np.int64(8342) num_query=np.int64(235)
2026-03-07 11:36:56: [retrieval_preprocessing] calculating distances ...
2026-03-07 11:36:56: [retrieval_preprocessing] finished and saved retrieval indices for episode 100094 [episode count 19/35]
[retrieval_preprocessing] for episode 100095 [episode count 20/35], we have num_retrieval=np.int64(8335) num_query=np.int64(242)
2026-03-07 11:38:20: [retrieval_preprocessing] calculating distances ...
2026-03-07 11:38:21: [retrieval_preprocessing] finished and saved retrieval indices for episode 100095 [episode count 20/35]
[retrieval_preprocessing] for episode 100096 [episode count 21/35], we have num_retrieval=np.int64(8354) num_query=np.int64(223)
2026-03-07 11:39:44: [retrieval_preprocessing] calculating distances ...
2026-03-07 11:39:45: [retrieval_preprocessing] finished and saved retrieval indices for episode 100096 [episode count 21/35]
[retrieval_preprocessing] for episode 100097 [episode count 22/35], we have num_retrieval=np.int64(8290) num_query=np.int64(287)
2026-03-07 11:41:08: [retrieval_preprocessing] calculating distances ...
2026-03-07 11:41:08: [retrieval_preprocessing] finished and saved retrieval indices for episode 100097 [episode count 22/35]
[retrieval_preprocessing] for episode 100098 [episode count 23/35], we have num_retrieval=np.int64(8350) num_query=np.int64(227)
2026-03-07 11:42:31: [retrieval_preprocessing] calculating distances ...
2026-03-07 11:42:32: [retrieval_preprocessing] finished and saved retrieval indices for episode 100098 [episode count 23/35]
[retrieval_preprocessing] for episode 100099 [episode count 24/35], we have num_retrieval=np.int64(8328) num_query=np.int64(249)
2026-03-07 11:43:55: [retrieval_preprocessing] calculating distances ...
2026-03-07 11:43:55: [retrieval_preprocessing] finished and saved retrieval indices for episode 100099 [episode count 24/35]
[retrieval_preprocessing] for episode 100100 [episode count 25/35], we have num_retrieval=np.int64(8337) num_query=np.int64(240)
2026-03-07 11:45:18: [retrieval_preprocessing] calculating distances ...
2026-03-07 11:45:19: [retrieval_preprocessing] finished and saved retrieval indices for episode 100100 [episode count 25/35]
[retrieval_preprocessing] for episode 100101 [episode count 26/35], we have num_retrieval=np.int64(8271) num_query=np.int64(306)
2026-03-07 11:46:42: [retrieval_preprocessing] calculating distances ...
2026-03-07 11:46:42: [retrieval_preprocessing] finished and saved retrieval indices for episode 100101 [episode count 26/35]
[retrieval_preprocessing] for episode 100102 [episode count 27/35], we have num_retrieval=np.int64(8349) num_query=np.int64(228)
2026-03-07 11:48:06: [retrieval_preprocessing] calculating distances ...
2026-03-07 11:48:06: [retrieval_preprocessing] finished and saved retrieval indices for episode 100102 [episode count 27/35]
[retrieval_preprocessing] for episode 100103 [episode count 28/35], we have num_retrieval=np.int64(8293) num_query=np.int64(284)
2026-03-07 11:49:30: [retrieval_preprocessing] calculating distances ...
2026-03-07 11:49:30: [retrieval_preprocessing] finished and saved retrieval indices for episode 100103 [episode count 28/35]
[retrieval_preprocessing] for episode 100104 [episode count 29/35], we have num_retrieval=np.int64(8347) num_query=np.int64(230)
2026-03-07 11:50:54: [retrieval_preprocessing] calculating distances ...
2026-03-07 11:50:55: [retrieval_preprocessing] finished and saved retrieval indices for episode 100104 [episode count 29/35]
[retrieval_preprocessing] for episode 100105 [episode count 30/35], we have num_retrieval=np.int64(8310) num_query=np.int64(267)
2026-03-07 11:52:17: [retrieval_preprocessing] calculating distances ...
2026-03-07 11:52:18: [retrieval_preprocessing] finished and saved retrieval indices for episode 100105 [episode count 30/35]
[retrieval_preprocessing] for episode 100106 [episode count 31/35], we have num_retrieval=np.int64(8360) num_query=np.int64(217)
2026-03-07 11:53:41: [retrieval_preprocessing] calculating distances ...
2026-03-07 11:53:41: [retrieval_preprocessing] finished and saved retrieval indices for episode 100106 [episode count 31/35]
[retrieval_preprocessing] for episode 100107 [episode count 32/35], we have num_retrieval=np.int64(8286) num_query=np.int64(291)
2026-03-07 11:55:04: [retrieval_preprocessing] calculating distances ...
2026-03-07 11:55:05: [retrieval_preprocessing] finished and saved retrieval indices for episode 100107 [episode count 32/35]
[retrieval_preprocessing] for episode 100108 [episode count 33/35], we have num_retrieval=np.int64(8340) num_query=np.int64(237)
2026-03-07 11:56:28: [retrieval_preprocessing] calculating distances ...
2026-03-07 11:56:29: [retrieval_preprocessing] finished and saved retrieval indices for episode 100108 [episode count 33/35]
[retrieval_preprocessing] for episode 100109 [episode count 34/35], we have num_retrieval=np.int64(8348) num_query=np.int64(229)
2026-03-07 11:57:52: [retrieval_preprocessing] calculating distances ...
2026-03-07 11:57:53: [retrieval_preprocessing] finished and saved retrieval indices for episode 100109 [episode count 34/35]
2026-03-07 11:57:53: [retrieval_preprocessing] finished for libero_collected_demos_training/put_the_black_bowl_in_the_bottom_drawer_of_the_cabinet_and_close_it [chosen_id count 2/32]
2026-03-07 11:58:00: [retrieval_preprocessing] concatenated all embeddings and indices for 45 episodes for libero_collected_demos_training/pick_up_the_orange_juice_and_place_it_in_the_basket [chosen_id count 3/32]
2026-03-07 11:58:00: [retrieval_preprocessing] we have num_total=6291 embedding_dim=49152
[retrieval_preprocessing] for episode 100110 [episode count 0/45], we have num_retrieval=np.int64(6153) num_query=np.int64(138)
2026-03-07 11:59:14: [retrieval_preprocessing] calculating distances ...
2026-03-07 11:59:14: [retrieval_preprocessing] finished and saved retrieval indices for episode 100110 [episode count 0/45]
[retrieval_preprocessing] for episode 100111 [episode count 1/45], we have num_retrieval=np.int64(6165) num_query=np.int64(126)
2026-03-07 12:00:26: [retrieval_preprocessing] calculating distances ...
2026-03-07 12:00:27: [retrieval_preprocessing] finished and saved retrieval indices for episode 100111 [episode count 1/45]
[retrieval_preprocessing] for episode 100112 [episode count 2/45], we have num_retrieval=np.int64(6157) num_query=np.int64(134)
2026-03-07 12:01:39: [retrieval_preprocessing] calculating distances ...
2026-03-07 12:01:39: [retrieval_preprocessing] finished and saved retrieval indices for episode 100112 [episode count 2/45]
[retrieval_preprocessing] for episode 100113 [episode count 3/45], we have num_retrieval=np.int64(6164) num_query=np.int64(127)
2026-03-07 12:02:52: [retrieval_preprocessing] calculating distances ...
2026-03-07 12:02:52: [retrieval_preprocessing] finished and saved retrieval indices for episode 100113 [episode count 3/45]
[retrieval_preprocessing] for episode 100114 [episode count 4/45], we have num_retrieval=np.int64(6037) num_query=np.int64(254)
2026-03-07 12:04:02: [retrieval_preprocessing] calculating distances ...
2026-03-07 12:04:03: [retrieval_preprocessing] finished and saved retrieval indices for episode 100114 [episode count 4/45]
[retrieval_preprocessing] for episode 100115 [episode count 5/45], we have num_retrieval=np.int64(6166) num_query=np.int64(125)
2026-03-07 12:05:14: [retrieval_preprocessing] calculating distances ...
2026-03-07 12:05:14: [retrieval_preprocessing] finished and saved retrieval indices for episode 100115 [episode count 5/45]
[retrieval_preprocessing] for episode 100116 [episode count 6/45], we have num_retrieval=np.int64(6155) num_query=np.int64(136)
2026-03-07 12:06:25: [retrieval_preprocessing] calculating distances ...
2026-03-07 12:06:26: [retrieval_preprocessing] finished and saved retrieval indices for episode 100116 [episode count 6/45]
[retrieval_preprocessing] for episode 100117 [episode count 7/45], we have num_retrieval=np.int64(6168) num_query=np.int64(123)
2026-03-07 12:07:36: [retrieval_preprocessing] calculating distances ...
2026-03-07 12:07:37: [retrieval_preprocessing] finished and saved retrieval indices for episode 100117 [episode count 7/45]
[retrieval_preprocessing] for episode 100118 [episode count 8/45], we have num_retrieval=np.int64(6150) num_query=np.int64(141)
2026-03-07 12:08:48: [retrieval_preprocessing] calculating distances ...
2026-03-07 12:08:48: [retrieval_preprocessing] finished and saved retrieval indices for episode 100118 [episode count 8/45]
[retrieval_preprocessing] for episode 100119 [episode count 9/45], we have num_retrieval=np.int64(6158) num_query=np.int64(133)
2026-03-07 12:09:58: [retrieval_preprocessing] calculating distances ...
2026-03-07 12:09:59: [retrieval_preprocessing] finished and saved retrieval indices for episode 100119 [episode count 9/45]
[retrieval_preprocessing] for episode 100120 [episode count 10/45], we have num_retrieval=np.int64(6160) num_query=np.int64(131)
2026-03-07 12:11:11: [retrieval_preprocessing] calculating distances ...
2026-03-07 12:11:11: [retrieval_preprocessing] finished and saved retrieval indices for episode 100120 [episode count 10/45]
[retrieval_preprocessing] for episode 100121 [episode count 11/45], we have num_retrieval=np.int64(6172) num_query=np.int64(119)
2026-03-07 12:12:22: [retrieval_preprocessing] calculating distances ...
2026-03-07 12:12:22: [retrieval_preprocessing] finished and saved retrieval indices for episode 100121 [episode count 11/45]
[retrieval_preprocessing] for episode 100122 [episode count 12/45], we have num_retrieval=np.int64(6146) num_query=np.int64(145)
2026-03-07 12:13:33: [retrieval_preprocessing] calculating distances ...
2026-03-07 12:13:34: [retrieval_preprocessing] finished and saved retrieval indices for episode 100122 [episode count 12/45]
[retrieval_preprocessing] for episode 100123 [episode count 13/45], we have num_retrieval=np.int64(6096) num_query=np.int64(195)
2026-03-07 12:14:45: [retrieval_preprocessing] calculating distances ...
2026-03-07 12:14:46: [retrieval_preprocessing] finished and saved retrieval indices for episode 100123 [episode count 13/45]
[retrieval_preprocessing] for episode 100124 [episode count 14/45], we have num_retrieval=np.int64(6090) num_query=np.int64(201)
2026-03-07 12:15:56: [retrieval_preprocessing] calculating distances ...
2026-03-07 12:15:57: [retrieval_preprocessing] finished and saved retrieval indices for episode 100124 [episode count 14/45]
[retrieval_preprocessing] for episode 100125 [episode count 15/45], we have num_retrieval=np.int64(6128) num_query=np.int64(163)
2026-03-07 12:17:08: [retrieval_preprocessing] calculating distances ...
2026-03-07 12:17:09: [retrieval_preprocessing] finished and saved retrieval indices for episode 100125 [episode count 15/45]
[retrieval_preprocessing] for episode 100126 [episode count 16/45], we have num_retrieval=np.int64(6157) num_query=np.int64(134)
2026-03-07 12:18:19: [retrieval_preprocessing] calculating distances ...
2026-03-07 12:18:19: [retrieval_preprocessing] finished and saved retrieval indices for episode 100126 [episode count 16/45]
[retrieval_preprocessing] for episode 100127 [episode count 17/45], we have num_retrieval=np.int64(6149) num_query=np.int64(142)
2026-03-07 12:19:30: [retrieval_preprocessing] calculating distances ...
2026-03-07 12:19:31: [retrieval_preprocessing] finished and saved retrieval indices for episode 100127 [episode count 17/45]
[retrieval_preprocessing] for episode 100128 [episode count 18/45], we have num_retrieval=np.int64(6170) num_query=np.int64(121)
2026-03-07 12:20:42: [retrieval_preprocessing] calculating distances ...
2026-03-07 12:20:42: [retrieval_preprocessing] finished and saved retrieval indices for episode 100128 [episode count 18/45]
[retrieval_preprocessing] for episode 100129 [episode count 19/45], we have num_retrieval=np.int64(6165) num_query=np.int64(126)
2026-03-07 12:21:54: [retrieval_preprocessing] calculating distances ...
2026-03-07 12:21:54: [retrieval_preprocessing] finished and saved retrieval indices for episode 100129 [episode count 19/45]
[retrieval_preprocessing] for episode 100130 [episode count 20/45], we have num_retrieval=np.int64(6167) num_query=np.int64(124)
2026-03-07 12:23:05: [retrieval_preprocessing] calculating distances ...
2026-03-07 12:23:06: [retrieval_preprocessing] finished and saved retrieval indices for episode 100130 [episode count 20/45]
[retrieval_preprocessing] for episode 100131 [episode count 21/45], we have num_retrieval=np.int64(6138) num_query=np.int64(153)
2026-03-07 12:24:17: [retrieval_preprocessing] calculating distances ...
2026-03-07 12:24:17: [retrieval_preprocessing] finished and saved retrieval indices for episode 100131 [episode count 21/45]
[retrieval_preprocessing] for episode 100132 [episode count 22/45], we have num_retrieval=np.int64(6123) num_query=np.int64(168)
2026-03-07 12:25:28: [retrieval_preprocessing] calculating distances ...
2026-03-07 12:25:29: [retrieval_preprocessing] finished and saved retrieval indices for episode 100132 [episode count 22/45]
[retrieval_preprocessing] for episode 100133 [episode count 23/45], we have num_retrieval=np.int64(6162) num_query=np.int64(129)
2026-03-07 12:26:39: [retrieval_preprocessing] calculating distances ...
2026-03-07 12:26:40: [retrieval_preprocessing] finished and saved retrieval indices for episode 100133 [episode count 23/45]
[retrieval_preprocessing] for episode 100134 [episode count 24/45], we have num_retrieval=np.int64(6170) num_query=np.int64(121)
2026-03-07 12:27:51: [retrieval_preprocessing] calculating distances ...
2026-03-07 12:27:51: [retrieval_preprocessing] finished and saved retrieval indices for episode 100134 [episode count 24/45]
[retrieval_preprocessing] for episode 100135 [episode count 25/45], we have num_retrieval=np.int64(6150) num_query=np.int64(141)
2026-03-07 12:29:02: [retrieval_preprocessing] calculating distances ...
2026-03-07 12:29:02: [retrieval_preprocessing] finished and saved retrieval indices for episode 100135 [episode count 25/45]
[retrieval_preprocessing] for episode 100136 [episode count 26/45], we have num_retrieval=np.int64(6177) num_query=np.int64(114)
2026-03-07 12:30:14: [retrieval_preprocessing] calculating distances ...
2026-03-07 12:30:15: [retrieval_preprocessing] finished and saved retrieval indices for episode 100136 [episode count 26/45]
[retrieval_preprocessing] for episode 100137 [episode count 27/45], we have num_retrieval=np.int64(6162) num_query=np.int64(129)
2026-03-07 12:31:25: [retrieval_preprocessing] calculating distances ...
2026-03-07 12:31:25: [retrieval_preprocessing] finished and saved retrieval indices for episode 100137 [episode count 27/45]
[retrieval_preprocessing] for episode 100138 [episode count 28/45], we have num_retrieval=np.int64(6148) num_query=np.int64(143)
2026-03-07 12:32:37: [retrieval_preprocessing] calculating distances ...
2026-03-07 12:32:37: [retrieval_preprocessing] finished and saved retrieval indices for episode 100138 [episode count 28/45]
[retrieval_preprocessing] for episode 100139 [episode count 29/45], we have num_retrieval=np.int64(6163) num_query=np.int64(128)
2026-03-07 12:33:49: [retrieval_preprocessing] calculating distances ...
2026-03-07 12:33:49: [retrieval_preprocessing] finished and saved retrieval indices for episode 100139 [episode count 29/45]
[retrieval_preprocessing] for episode 100140 [episode count 30/45], we have num_retrieval=np.int64(6147) num_query=np.int64(144)
2026-03-07 12:35:02: [retrieval_preprocessing] calculating distances ...
2026-03-07 12:35:03: [retrieval_preprocessing] finished and saved retrieval indices for episode 100140 [episode count 30/45]
[retrieval_preprocessing] for episode 100141 [episode count 31/45], we have num_retrieval=np.int64(6149) num_query=np.int64(142)
2026-03-07 12:36:15: [retrieval_preprocessing] calculating distances ...
2026-03-07 12:36:15: [retrieval_preprocessing] finished and saved retrieval indices for episode 100141 [episode count 31/45]
[retrieval_preprocessing] for episode 100142 [episode count 32/45], we have num_retrieval=np.int64(6168) num_query=np.int64(123)
2026-03-07 12:37:28: [retrieval_preprocessing] calculating distances ...
2026-03-07 12:37:28: [retrieval_preprocessing] finished and saved retrieval indices for episode 100142 [episode count 32/45]
[retrieval_preprocessing] for episode 100143 [episode count 33/45], we have num_retrieval=np.int64(6155) num_query=np.int64(136)
2026-03-07 12:38:41: [retrieval_preprocessing] calculating distances ...
2026-03-07 12:38:41: [retrieval_preprocessing] finished and saved retrieval indices for episode 100143 [episode count 33/45]
[retrieval_preprocessing] for episode 100144 [episode count 34/45], we have num_retrieval=np.int64(6158) num_query=np.int64(133)
2026-03-07 12:39:52: [retrieval_preprocessing] calculating distances ...
2026-03-07 12:39:52: [retrieval_preprocessing] finished and saved retrieval indices for episode 100144 [episode count 34/45]
[retrieval_preprocessing] for episode 100145 [episode count 35/45], we have num_retrieval=np.int64(6125) num_query=np.int64(166)
2026-03-07 12:41:06: [retrieval_preprocessing] calculating distances ...
2026-03-07 12:41:06: [retrieval_preprocessing] finished and saved retrieval indices for episode 100145 [episode count 35/45]
[retrieval_preprocessing] for episode 100146 [episode count 36/45], we have num_retrieval=np.int64(6166) num_query=np.int64(125)
2026-03-07 12:42:17: [retrieval_preprocessing] calculating distances ...
2026-03-07 12:42:18: [retrieval_preprocessing] finished and saved retrieval indices for episode 100146 [episode count 36/45]
[retrieval_preprocessing] for episode 100147 [episode count 37/45], we have num_retrieval=np.int64(6149) num_query=np.int64(142)
2026-03-07 12:43:30: [retrieval_preprocessing] calculating distances ...
2026-03-07 12:43:30: [retrieval_preprocessing] finished and saved retrieval indices for episode 100147 [episode count 37/45]
[retrieval_preprocessing] for episode 100148 [episode count 38/45], we have num_retrieval=np.int64(6158) num_query=np.int64(133)
2026-03-07 12:44:42: [retrieval_preprocessing] calculating distances ...
2026-03-07 12:44:43: [retrieval_preprocessing] finished and saved retrieval indices for episode 100148 [episode count 38/45]
[retrieval_preprocessing] for episode 100149 [episode count 39/45], we have num_retrieval=np.int64(6156) num_query=np.int64(135)
2026-03-07 12:45:54: [retrieval_preprocessing] calculating distances ...
2026-03-07 12:45:55: [retrieval_preprocessing] finished and saved retrieval indices for episode 100149 [episode count 39/45]
[retrieval_preprocessing] for episode 100150 [episode count 40/45], we have num_retrieval=np.int64(6170) num_query=np.int64(121)
2026-03-07 12:47:06: [retrieval_preprocessing] calculating distances ...
2026-03-07 12:47:06: [retrieval_preprocessing] finished and saved retrieval indices for episode 100150 [episode count 40/45]
[retrieval_preprocessing] for episode 100151 [episode count 41/45], we have num_retrieval=np.int64(6164) num_query=np.int64(127)
2026-03-07 12:48:18: [retrieval_preprocessing] calculating distances ...
2026-03-07 12:48:19: [retrieval_preprocessing] finished and saved retrieval indices for episode 100151 [episode count 41/45]
[retrieval_preprocessing] for episode 100152 [episode count 42/45], we have num_retrieval=np.int64(6171) num_query=np.int64(120)
2026-03-07 12:49:30: [retrieval_preprocessing] calculating distances ...
2026-03-07 12:49:31: [retrieval_preprocessing] finished and saved retrieval indices for episode 100152 [episode count 42/45]
[retrieval_preprocessing] for episode 100153 [episode count 43/45], we have num_retrieval=np.int64(6143) num_query=np.int64(148)
2026-03-07 12:50:42: [retrieval_preprocessing] calculating distances ...
2026-03-07 12:50:42: [retrieval_preprocessing] finished and saved retrieval indices for episode 100153 [episode count 43/45]
[retrieval_preprocessing] for episode 100154 [episode count 44/45], we have num_retrieval=np.int64(6159) num_query=np.int64(132)
2026-03-07 12:51:53: [retrieval_preprocessing] calculating distances ...
2026-03-07 12:51:53: [retrieval_preprocessing] finished and saved retrieval indices for episode 100154 [episode count 44/45]
2026-03-07 12:51:53: [retrieval_preprocessing] finished for libero_collected_demos_training/pick_up_the_orange_juice_and_place_it_in_the_basket [chosen_id count 3/32]
2026-03-07 12:52:02: [retrieval_preprocessing] concatenated all embeddings and indices for 45 episodes for libero_collected_demos_training/pick_up_the_ketchup_and_place_it_in_the_basket [chosen_id count 4/32]
2026-03-07 12:52:02: [retrieval_preprocessing] we have num_total=6919 embedding_dim=49152
[retrieval_preprocessing] for episode 100155 [episode count 0/45], we have num_retrieval=np.int64(6771) num_query=np.int64(148)
2026-03-07 12:53:20: [retrieval_preprocessing] calculating distances ...
2026-03-07 12:53:20: [retrieval_preprocessing] finished and saved retrieval indices for episode 100155 [episode count 0/45]
[retrieval_preprocessing] for episode 100156 [episode count 1/45], we have num_retrieval=np.int64(6759) num_query=np.int64(160)
2026-03-07 12:54:39: [retrieval_preprocessing] calculating distances ...
2026-03-07 12:54:39: [retrieval_preprocessing] finished and saved retrieval indices for episode 100156 [episode count 1/45]
[retrieval_preprocessing] for episode 100157 [episode count 2/45], we have num_retrieval=np.int64(6769) num_query=np.int64(150)
2026-03-07 12:55:58: [retrieval_preprocessing] calculating distances ...
2026-03-07 12:55:59: [retrieval_preprocessing] finished and saved retrieval indices for episode 100157 [episode count 2/45]
[retrieval_preprocessing] for episode 100158 [episode count 3/45], we have num_retrieval=np.int64(6764) num_query=np.int64(155)
2026-03-07 12:57:18: [retrieval_preprocessing] calculating distances ...
2026-03-07 12:57:18: [retrieval_preprocessing] finished and saved retrieval indices for episode 100158 [episode count 3/45]
[retrieval_preprocessing] for episode 100159 [episode count 4/45], we have num_retrieval=np.int64(6760) num_query=np.int64(159)
2026-03-07 12:58:37: [retrieval_preprocessing] calculating distances ...
2026-03-07 12:58:37: [retrieval_preprocessing] finished and saved retrieval indices for episode 100159 [episode count 4/45]
[retrieval_preprocessing] for episode 100160 [episode count 5/45], we have num_retrieval=np.int64(6777) num_query=np.int64(142)
2026-03-07 12:59:56: [retrieval_preprocessing] calculating distances ...
2026-03-07 12:59:56: [retrieval_preprocessing] finished and saved retrieval indices for episode 100160 [episode count 5/45]
[retrieval_preprocessing] for episode 100161 [episode count 6/45], we have num_retrieval=np.int64(6778) num_query=np.int64(141)
2026-03-07 13:01:16: [retrieval_preprocessing] calculating distances ...
2026-03-07 13:01:16: [retrieval_preprocessing] finished and saved retrieval indices for episode 100161 [episode count 6/45]
[retrieval_preprocessing] for episode 100162 [episode count 7/45], we have num_retrieval=np.int64(6769) num_query=np.int64(150)
2026-03-07 13:02:35: [retrieval_preprocessing] calculating distances ...
2026-03-07 13:02:36: [retrieval_preprocessing] finished and saved retrieval indices for episode 100162 [episode count 7/45]
[retrieval_preprocessing] for episode 100163 [episode count 8/45], we have num_retrieval=np.int64(6769) num_query=np.int64(150)
2026-03-07 13:03:54: [retrieval_preprocessing] calculating distances ...
2026-03-07 13:03:55: [retrieval_preprocessing] finished and saved retrieval indices for episode 100163 [episode count 8/45]
[retrieval_preprocessing] for episode 100164 [episode count 9/45], we have num_retrieval=np.int64(6762) num_query=np.int64(157)
2026-03-07 13:05:14: [retrieval_preprocessing] calculating distances ...
2026-03-07 13:05:15: [retrieval_preprocessing] finished and saved retrieval indices for episode 100164 [episode count 9/45]
[retrieval_preprocessing] for episode 100165 [episode count 10/45], we have num_retrieval=np.int64(6740) num_query=np.int64(179)
2026-03-07 13:06:34: [retrieval_preprocessing] calculating distances ...
2026-03-07 13:06:34: [retrieval_preprocessing] finished and saved retrieval indices for episode 100165 [episode count 10/45]
[retrieval_preprocessing] for episode 100166 [episode count 11/45], we have num_retrieval=np.int64(6782) num_query=np.int64(137)
2026-03-07 13:07:52: [retrieval_preprocessing] calculating distances ...
2026-03-07 13:07:53: [retrieval_preprocessing] finished and saved retrieval indices for episode 100166 [episode count 11/45]
[retrieval_preprocessing] for episode 100167 [episode count 12/45], we have num_retrieval=np.int64(6757) num_query=np.int64(162)
2026-03-07 13:09:12: [retrieval_preprocessing] calculating distances ...
2026-03-07 13:09:12: [retrieval_preprocessing] finished and saved retrieval indices for episode 100167 [episode count 12/45]
[retrieval_preprocessing] for episode 100168 [episode count 13/45], we have num_retrieval=np.int64(6763) num_query=np.int64(156)
2026-03-07 13:10:32: [retrieval_preprocessing] calculating distances ...
2026-03-07 13:10:33: [retrieval_preprocessing] finished and saved retrieval indices for episode 100168 [episode count 13/45]
[retrieval_preprocessing] for episode 100169 [episode count 14/45], we have num_retrieval=np.int64(6760) num_query=np.int64(159)
2026-03-07 13:11:52: [retrieval_preprocessing] calculating distances ...
2026-03-07 13:11:53: [retrieval_preprocessing] finished and saved retrieval indices for episode 100169 [episode count 14/45]
[retrieval_preprocessing] for episode 100170 [episode count 15/45], we have num_retrieval=np.int64(6768) num_query=np.int64(151)
2026-03-07 13:13:12: [retrieval_preprocessing] calculating distances ...
2026-03-07 13:13:13: [retrieval_preprocessing] finished and saved retrieval indices for episode 100170 [episode count 15/45]
[retrieval_preprocessing] for episode 100171 [episode count 16/45], we have num_retrieval=np.int64(6760) num_query=np.int64(159)
2026-03-07 13:14:33: [retrieval_preprocessing] calculating distances ...
2026-03-07 13:14:33: [retrieval_preprocessing] finished and saved retrieval indices for episode 100171 [episode count 16/45]
[retrieval_preprocessing] for episode 100172 [episode count 17/45], we have num_retrieval=np.int64(6783) num_query=np.int64(136)
2026-03-07 13:15:52: [retrieval_preprocessing] calculating distances ...
2026-03-07 13:15:53: [retrieval_preprocessing] finished and saved retrieval indices for episode 100172 [episode count 17/45]
[retrieval_preprocessing] for episode 100173 [episode count 18/45], we have num_retrieval=np.int64(6720) num_query=np.int64(199)
2026-03-07 13:17:11: [retrieval_preprocessing] calculating distances ...
2026-03-07 13:17:12: [retrieval_preprocessing] finished and saved retrieval indices for episode 100173 [episode count 18/45]
[retrieval_preprocessing] for episode 100174 [episode count 19/45], we have num_retrieval=np.int64(6777) num_query=np.int64(142)
2026-03-07 13:18:31: [retrieval_preprocessing] calculating distances ...
2026-03-07 13:18:31: [retrieval_preprocessing] finished and saved retrieval indices for episode 100174 [episode count 19/45]
[retrieval_preprocessing] for episode 100175 [episode count 20/45], we have num_retrieval=np.int64(6772) num_query=np.int64(147)
2026-03-07 13:19:50: [retrieval_preprocessing] calculating distances ...
2026-03-07 13:19:51: [retrieval_preprocessing] finished and saved retrieval indices for episode 100175 [episode count 20/45]
[retrieval_preprocessing] for episode 100176 [episode count 21/45], we have num_retrieval=np.int64(6778) num_query=np.int64(141)
2026-03-07 13:21:09: [retrieval_preprocessing] calculating distances ...
2026-03-07 13:21:09: [retrieval_preprocessing] finished and saved retrieval indices for episode 100176 [episode count 21/45]
[retrieval_preprocessing] for episode 100177 [episode count 22/45], we have num_retrieval=np.int64(6725) num_query=np.int64(194)
2026-03-07 13:22:29: [retrieval_preprocessing] calculating distances ...
2026-03-07 13:22:29: [retrieval_preprocessing] finished and saved retrieval indices for episode 100177 [episode count 22/45]
[retrieval_preprocessing] for episode 100178 [episode count 23/45], we have num_retrieval=np.int64(6771) num_query=np.int64(148)
2026-03-07 13:23:48: [retrieval_preprocessing] calculating distances ...
2026-03-07 13:23:48: [retrieval_preprocessing] finished and saved retrieval indices for episode 100178 [episode count 23/45]
[retrieval_preprocessing] for episode 100179 [episode count 24/45], we have num_retrieval=np.int64(6775) num_query=np.int64(144)
2026-03-07 13:25:08: [retrieval_preprocessing] calculating distances ...
2026-03-07 13:25:08: [retrieval_preprocessing] finished and saved retrieval indices for episode 100179 [episode count 24/45]
[retrieval_preprocessing] for episode 100180 [episode count 25/45], we have num_retrieval=np.int64(6778) num_query=np.int64(141)
2026-03-07 13:26:26: [retrieval_preprocessing] calculating distances ...
2026-03-07 13:26:26: [retrieval_preprocessing] finished and saved retrieval indices for episode 100180 [episode count 25/45]
[retrieval_preprocessing] for episode 100181 [episode count 26/45], we have num_retrieval=np.int64(6764) num_query=np.int64(155)
2026-03-07 13:27:46: [retrieval_preprocessing] calculating distances ...
2026-03-07 13:27:46: [retrieval_preprocessing] finished and saved retrieval indices for episode 100181 [episode count 26/45]
[retrieval_preprocessing] for episode 100182 [episode count 27/45], we have num_retrieval=np.int64(6755) num_query=np.int64(164)
2026-03-07 13:29:05: [retrieval_preprocessing] calculating distances ...
2026-03-07 13:29:05: [retrieval_preprocessing] finished and saved retrieval indices for episode 100182 [episode count 27/45]
[retrieval_preprocessing] for episode 100183 [episode count 28/45], we have num_retrieval=np.int64(6700) num_query=np.int64(219)
2026-03-07 13:30:25: [retrieval_preprocessing] calculating distances ...
2026-03-07 13:30:25: [retrieval_preprocessing] finished and saved retrieval indices for episode 100183 [episode count 28/45]
[retrieval_preprocessing] for episode 100184 [episode count 29/45], we have num_retrieval=np.int64(6770) num_query=np.int64(149)
2026-03-07 13:31:45: [retrieval_preprocessing] calculating distances ...
2026-03-07 13:31:45: [retrieval_preprocessing] finished and saved retrieval indices for episode 100184 [episode count 29/45]
[retrieval_preprocessing] for episode 100185 [episode count 30/45], we have num_retrieval=np.int64(6774) num_query=np.int64(145)
2026-03-07 13:33:04: [retrieval_preprocessing] calculating distances ...
2026-03-07 13:33:04: [retrieval_preprocessing] finished and saved retrieval indices for episode 100185 [episode count 30/45]
[retrieval_preprocessing] for episode 100186 [episode count 31/45], we have num_retrieval=np.int64(6774) num_query=np.int64(145)
2026-03-07 13:34:23: [retrieval_preprocessing] calculating distances ...
2026-03-07 13:34:24: [retrieval_preprocessing] finished and saved retrieval indices for episode 100186 [episode count 31/45]
[retrieval_preprocessing] for episode 100187 [episode count 32/45], we have num_retrieval=np.int64(6761) num_query=np.int64(158)
2026-03-07 13:35:44: [retrieval_preprocessing] calculating distances ...
2026-03-07 13:35:44: [retrieval_preprocessing] finished and saved retrieval indices for episode 100187 [episode count 32/45]
[retrieval_preprocessing] for episode 100188 [episode count 33/45], we have num_retrieval=np.int64(6767) num_query=np.int64(152)
2026-03-07 13:37:04: [retrieval_preprocessing] calculating distances ...
2026-03-07 13:37:04: [retrieval_preprocessing] finished and saved retrieval indices for episode 100188 [episode count 33/45]
[retrieval_preprocessing] for episode 100189 [episode count 34/45], we have num_retrieval=np.int64(6777) num_query=np.int64(142)
2026-03-07 13:38:24: [retrieval_preprocessing] calculating distances ...
2026-03-07 13:38:25: [retrieval_preprocessing] finished and saved retrieval indices for episode 100189 [episode count 34/45]
[retrieval_preprocessing] for episode 100190 [episode count 35/45], we have num_retrieval=np.int64(6775) num_query=np.int64(144)
2026-03-07 13:39:45: [retrieval_preprocessing] calculating distances ...
2026-03-07 13:39:45: [retrieval_preprocessing] finished and saved retrieval indices for episode 100190 [episode count 35/45]
[retrieval_preprocessing] for episode 100191 [episode count 36/45], we have num_retrieval=np.int64(6762) num_query=np.int64(157)
2026-03-07 13:41:05: [retrieval_preprocessing] calculating distances ...
2026-03-07 13:41:06: [retrieval_preprocessing] finished and saved retrieval indices for episode 100191 [episode count 36/45]
[retrieval_preprocessing] for episode 100192 [episode count 37/45], we have num_retrieval=np.int64(6778) num_query=np.int64(141)
2026-03-07 13:42:25: [retrieval_preprocessing] calculating distances ...
2026-03-07 13:42:25: [retrieval_preprocessing] finished and saved retrieval indices for episode 100192 [episode count 37/45]
[retrieval_preprocessing] for episode 100193 [episode count 38/45], we have num_retrieval=np.int64(6763) num_query=np.int64(156)
2026-03-07 13:43:45: [retrieval_preprocessing] calculating distances ...
2026-03-07 13:43:46: [retrieval_preprocessing] finished and saved retrieval indices for episode 100193 [episode count 38/45]
[retrieval_preprocessing] for episode 100194 [episode count 39/45], we have num_retrieval=np.int64(6767) num_query=np.int64(152)
2026-03-07 13:45:04: [retrieval_preprocessing] calculating distances ...
2026-03-07 13:45:05: [retrieval_preprocessing] finished and saved retrieval indices for episode 100194 [episode count 39/45]
[retrieval_preprocessing] for episode 100195 [episode count 40/45], we have num_retrieval=np.int64(6784) num_query=np.int64(135)
2026-03-07 13:46:23: [retrieval_preprocessing] calculating distances ...
2026-03-07 13:46:23: [retrieval_preprocessing] finished and saved retrieval indices for episode 100195 [episode count 40/45]
[retrieval_preprocessing] for episode 100196 [episode count 41/45], we have num_retrieval=np.int64(6771) num_query=np.int64(148)
2026-03-07 13:47:43: [retrieval_preprocessing] calculating distances ...
2026-03-07 13:47:43: [retrieval_preprocessing] finished and saved retrieval indices for episode 100196 [episode count 41/45]
[retrieval_preprocessing] for episode 100197 [episode count 42/45], we have num_retrieval=np.int64(6773) num_query=np.int64(146)
2026-03-07 13:49:04: [retrieval_preprocessing] calculating distances ...
2026-03-07 13:49:04: [retrieval_preprocessing] finished and saved retrieval indices for episode 100197 [episode count 42/45]
[retrieval_preprocessing] for episode 100198 [episode count 43/45], we have num_retrieval=np.int64(6772) num_query=np.int64(147)
2026-03-07 13:50:24: [retrieval_preprocessing] calculating distances ...
2026-03-07 13:50:24: [retrieval_preprocessing] finished and saved retrieval indices for episode 100198 [episode count 43/45]
[retrieval_preprocessing] for episode 100199 [episode count 44/45], we have num_retrieval=np.int64(6762) num_query=np.int64(157)
2026-03-07 13:51:44: [retrieval_preprocessing] calculating distances ...
2026-03-07 13:51:45: [retrieval_preprocessing] finished and saved retrieval indices for episode 100199 [episode count 44/45]
2026-03-07 13:51:45: [retrieval_preprocessing] finished for libero_collected_demos_training/pick_up_the_ketchup_and_place_it_in_the_basket [chosen_id count 4/32]
2026-03-07 13:51:51: [retrieval_preprocessing] concatenated all embeddings and indices for 33 episodes for libero_collected_demos_training/push_the_plate_to_the_front_of_the_stove [chosen_id count 5/32]
2026-03-07 13:51:51: [retrieval_preprocessing] we have num_total=4990 embedding_dim=49152
[retrieval_preprocessing] for episode 100200 [episode count 0/33], we have num_retrieval=np.int64(4852) num_query=np.int64(138)
2026-03-07 13:52:52: [retrieval_preprocessing] calculating distances ...
2026-03-07 13:52:52: [retrieval_preprocessing] finished and saved retrieval indices for episode 100200 [episode count 0/33]
[retrieval_preprocessing] for episode 100201 [episode count 1/33], we have num_retrieval=np.int64(4845) num_query=np.int64(145)
2026-03-07 13:53:53: [retrieval_preprocessing] calculating distances ...
2026-03-07 13:53:54: [retrieval_preprocessing] finished and saved retrieval indices for episode 100201 [episode count 1/33]
[retrieval_preprocessing] for episode 100202 [episode count 2/33], we have num_retrieval=np.int64(4821) num_query=np.int64(169)
2026-03-07 13:54:53: [retrieval_preprocessing] calculating distances ...
2026-03-07 13:54:54: [retrieval_preprocessing] finished and saved retrieval indices for episode 100202 [episode count 2/33]
[retrieval_preprocessing] for episode 100203 [episode count 3/33], we have num_retrieval=np.int64(4815) num_query=np.int64(175)
2026-03-07 13:55:53: [retrieval_preprocessing] calculating distances ...
2026-03-07 13:55:54: [retrieval_preprocessing] finished and saved retrieval indices for episode 100203 [episode count 3/33]
[retrieval_preprocessing] for episode 100204 [episode count 4/33], we have num_retrieval=np.int64(4849) num_query=np.int64(141)
2026-03-07 13:56:53: [retrieval_preprocessing] calculating distances ...
2026-03-07 13:56:53: [retrieval_preprocessing] finished and saved retrieval indices for episode 100204 [episode count 4/33]
[retrieval_preprocessing] for episode 100205 [episode count 5/33], we have num_retrieval=np.int64(4846) num_query=np.int64(144)
2026-03-07 13:57:53: [retrieval_preprocessing] calculating distances ...
2026-03-07 13:57:54: [retrieval_preprocessing] finished and saved retrieval indices for episode 100205 [episode count 5/33]
[retrieval_preprocessing] for episode 100206 [episode count 6/33], we have num_retrieval=np.int64(4836) num_query=np.int64(154)
2026-03-07 13:58:53: [retrieval_preprocessing] calculating distances ...
2026-03-07 13:58:54: [retrieval_preprocessing] finished and saved retrieval indices for episode 100206 [episode count 6/33]
[retrieval_preprocessing] for episode 100207 [episode count 7/33], we have num_retrieval=np.int64(4775) num_query=np.int64(215)
2026-03-07 13:59:53: [retrieval_preprocessing] calculating distances ...
2026-03-07 13:59:54: [retrieval_preprocessing] finished and saved retrieval indices for episode 100207 [episode count 7/33]
[retrieval_preprocessing] for episode 100208 [episode count 8/33], we have num_retrieval=np.int64(4802) num_query=np.int64(188)
2026-03-07 14:00:49: [retrieval_preprocessing] calculating distances ...
2026-03-07 14:00:50: [retrieval_preprocessing] finished and saved retrieval indices for episode 100208 [episode count 8/33]
[retrieval_preprocessing] for episode 100209 [episode count 9/33], we have num_retrieval=np.int64(4836) num_query=np.int64(154)
2026-03-07 14:01:50: [retrieval_preprocessing] calculating distances ...
2026-03-07 14:01:50: [retrieval_preprocessing] finished and saved retrieval indices for episode 100209 [episode count 9/33]
[retrieval_preprocessing] for episode 100210 [episode count 10/33], we have num_retrieval=np.int64(4867) num_query=np.int64(123)
2026-03-07 14:02:50: [retrieval_preprocessing] calculating distances ...
2026-03-07 14:02:50: [retrieval_preprocessing] finished and saved retrieval indices for episode 100210 [episode count 10/33]
[retrieval_preprocessing] for episode 100211 [episode count 11/33], we have num_retrieval=np.int64(4844) num_query=np.int64(146)
2026-03-07 14:03:49: [retrieval_preprocessing] calculating distances ...
2026-03-07 14:03:50: [retrieval_preprocessing] finished and saved retrieval indices for episode 100211 [episode count 11/33]
[retrieval_preprocessing] for episode 100212 [episode count 12/33], we have num_retrieval=np.int64(4864) num_query=np.int64(126)
2026-03-07 14:04:50: [retrieval_preprocessing] calculating distances ...
2026-03-07 14:04:50: [retrieval_preprocessing] finished and saved retrieval indices for episode 100212 [episode count 12/33]
[retrieval_preprocessing] for episode 100213 [episode count 13/33], we have num_retrieval=np.int64(4851) num_query=np.int64(139)
2026-03-07 14:05:50: [retrieval_preprocessing] calculating distances ...
2026-03-07 14:05:51: [retrieval_preprocessing] finished and saved retrieval indices for episode 100213 [episode count 13/33]
[retrieval_preprocessing] for episode 100214 [episode count 14/33], we have num_retrieval=np.int64(4823) num_query=np.int64(167)
2026-03-07 14:06:51: [retrieval_preprocessing] calculating distances ...
2026-03-07 14:06:52: [retrieval_preprocessing] finished and saved retrieval indices for episode 100214 [episode count 14/33]
[retrieval_preprocessing] for episode 100215 [episode count 15/33], we have num_retrieval=np.int64(4841) num_query=np.int64(149)
2026-03-07 14:07:52: [retrieval_preprocessing] calculating distances ...
2026-03-07 14:07:52: [retrieval_preprocessing] finished and saved retrieval indices for episode 100215 [episode count 15/33]
[retrieval_preprocessing] for episode 100216 [episode count 16/33], we have num_retrieval=np.int64(4770) num_query=np.int64(220)
2026-03-07 14:08:52: [retrieval_preprocessing] calculating distances ...
2026-03-07 14:08:52: [retrieval_preprocessing] finished and saved retrieval indices for episode 100216 [episode count 16/33]
[retrieval_preprocessing] for episode 100217 [episode count 17/33], we have num_retrieval=np.int64(4835) num_query=np.int64(155)
2026-03-07 14:09:52: [retrieval_preprocessing] calculating distances ...
2026-03-07 14:09:53: [retrieval_preprocessing] finished and saved retrieval indices for episode 100217 [episode count 17/33]
[retrieval_preprocessing] for episode 100218 [episode count 18/33], we have num_retrieval=np.int64(4854) num_query=np.int64(136)
2026-03-07 14:10:52: [retrieval_preprocessing] calculating distances ...
2026-03-07 14:10:52: [retrieval_preprocessing] finished and saved retrieval indices for episode 100218 [episode count 18/33]
[retrieval_preprocessing] for episode 100219 [episode count 19/33], we have num_retrieval=np.int64(4797) num_query=np.int64(193)
2026-03-07 14:11:52: [retrieval_preprocessing] calculating distances ...
2026-03-07 14:11:53: [retrieval_preprocessing] finished and saved retrieval indices for episode 100219 [episode count 19/33]
[retrieval_preprocessing] for episode 100220 [episode count 20/33], we have num_retrieval=np.int64(4843) num_query=np.int64(147)
2026-03-07 14:12:53: [retrieval_preprocessing] calculating distances ...
2026-03-07 14:12:53: [retrieval_preprocessing] finished and saved retrieval indices for episode 100220 [episode count 20/33]
[retrieval_preprocessing] for episode 100221 [episode count 21/33], we have num_retrieval=np.int64(4827) num_query=np.int64(163)
2026-03-07 14:13:54: [retrieval_preprocessing] calculating distances ...
2026-03-07 14:13:54: [retrieval_preprocessing] finished and saved retrieval indices for episode 100221 [episode count 21/33]
[retrieval_preprocessing] for episode 100222 [episode count 22/33], we have num_retrieval=np.int64(4854) num_query=np.int64(136)
2026-03-07 14:14:55: [retrieval_preprocessing] calculating distances ...
2026-03-07 14:14:55: [retrieval_preprocessing] finished and saved retrieval indices for episode 100222 [episode count 22/33]
[retrieval_preprocessing] for episode 100223 [episode count 23/33], we have num_retrieval=np.int64(4865) num_query=np.int64(125)
2026-03-07 14:15:55: [retrieval_preprocessing] calculating distances ...
2026-03-07 14:15:55: [retrieval_preprocessing] finished and saved retrieval indices for episode 100223 [episode count 23/33]
[retrieval_preprocessing] for episode 100224 [episode count 24/33], we have num_retrieval=np.int64(4865) num_query=np.int64(125)
2026-03-07 14:16:56: [retrieval_preprocessing] calculating distances ...
2026-03-07 14:16:56: [retrieval_preprocessing] finished and saved retrieval indices for episode 100224 [episode count 24/33]
[retrieval_preprocessing] for episode 100225 [episode count 25/33], we have num_retrieval=np.int64(4847) num_query=np.int64(143)
2026-03-07 14:17:56: [retrieval_preprocessing] calculating distances ...
2026-03-07 14:17:56: [retrieval_preprocessing] finished and saved retrieval indices for episode 100225 [episode count 25/33]
[retrieval_preprocessing] for episode 100226 [episode count 26/33], we have num_retrieval=np.int64(4856) num_query=np.int64(134)
2026-03-07 14:18:57: [retrieval_preprocessing] calculating distances ...
2026-03-07 14:18:57: [retrieval_preprocessing] finished and saved retrieval indices for episode 100226 [episode count 26/33]
[retrieval_preprocessing] for episode 100227 [episode count 27/33], we have num_retrieval=np.int64(4812) num_query=np.int64(178)
2026-03-07 14:19:57: [retrieval_preprocessing] calculating distances ...
2026-03-07 14:19:57: [retrieval_preprocessing] finished and saved retrieval indices for episode 100227 [episode count 27/33]
[retrieval_preprocessing] for episode 100228 [episode count 28/33], we have num_retrieval=np.int64(4848) num_query=np.int64(142)
2026-03-07 14:20:58: [retrieval_preprocessing] calculating distances ...
2026-03-07 14:20:58: [retrieval_preprocessing] finished and saved retrieval indices for episode 100228 [episode count 28/33]
[retrieval_preprocessing] for episode 100229 [episode count 29/33], we have num_retrieval=np.int64(4848) num_query=np.int64(142)
2026-03-07 14:21:59: [retrieval_preprocessing] calculating distances ...
2026-03-07 14:22:00: [retrieval_preprocessing] finished and saved retrieval indices for episode 100229 [episode count 29/33]
[retrieval_preprocessing] for episode 100230 [episode count 30/33], we have num_retrieval=np.int64(4858) num_query=np.int64(132)
2026-03-07 14:23:00: [retrieval_preprocessing] calculating distances ...
2026-03-07 14:23:01: [retrieval_preprocessing] finished and saved retrieval indices for episode 100230 [episode count 30/33]
[retrieval_preprocessing] for episode 100231 [episode count 31/33], we have num_retrieval=np.int64(4861) num_query=np.int64(129)
2026-03-07 14:24:01: [retrieval_preprocessing] calculating distances ...
2026-03-07 14:24:01: [retrieval_preprocessing] finished and saved retrieval indices for episode 100231 [episode count 31/33]
[retrieval_preprocessing] for episode 100232 [episode count 32/33], we have num_retrieval=np.int64(4873) num_query=np.int64(117)
2026-03-07 14:25:02: [retrieval_preprocessing] calculating distances ...
2026-03-07 14:25:02: [retrieval_preprocessing] finished and saved retrieval indices for episode 100232 [episode count 32/33]
2026-03-07 14:25:02: [retrieval_preprocessing] finished for libero_collected_demos_training/push_the_plate_to_the_front_of_the_stove [chosen_id count 5/32]
2026-03-07 14:25:09: [retrieval_preprocessing] concatenated all embeddings and indices for 46 episodes for libero_collected_demos_training/pick_up_the_black_bowl_from_table_center_and_place_it_on_the_plate [chosen_id count 6/32]
2026-03-07 14:25:09: [retrieval_preprocessing] we have num_total=5343 embedding_dim=49152
[retrieval_preprocessing] for episode 100233 [episode count 0/46], we have num_retrieval=np.int64(5233) num_query=np.int64(110)
2026-03-07 14:26:11: [retrieval_preprocessing] calculating distances ...
2026-03-07 14:26:11: [retrieval_preprocessing] finished and saved retrieval indices for episode 100233 [episode count 0/46]
[retrieval_preprocessing] for episode 100234 [episode count 1/46], we have num_retrieval=np.int64(5226) num_query=np.int64(117)
2026-03-07 14:27:15: [retrieval_preprocessing] calculating distances ...
2026-03-07 14:27:15: [retrieval_preprocessing] finished and saved retrieval indices for episode 100234 [episode count 1/46]
[retrieval_preprocessing] for episode 100235 [episode count 2/46], we have num_retrieval=np.int64(5212) num_query=np.int64(131)
2026-03-07 14:28:16: [retrieval_preprocessing] calculating distances ...
2026-03-07 14:28:17: [retrieval_preprocessing] finished and saved retrieval indices for episode 100235 [episode count 2/46]
[retrieval_preprocessing] for episode 100236 [episode count 3/46], we have num_retrieval=np.int64(5242) num_query=np.int64(101)
2026-03-07 14:29:22: [retrieval_preprocessing] calculating distances ...
2026-03-07 14:29:23: [retrieval_preprocessing] finished and saved retrieval indices for episode 100236 [episode count 3/46]
[retrieval_preprocessing] for episode 100237 [episode count 4/46], we have num_retrieval=np.int64(5241) num_query=np.int64(102)
2026-03-07 14:30:29: [retrieval_preprocessing] calculating distances ...
2026-03-07 14:30:29: [retrieval_preprocessing] finished and saved retrieval indices for episode 100237 [episode count 4/46]
[retrieval_preprocessing] for episode 100238 [episode count 5/46], we have num_retrieval=np.int64(5232) num_query=np.int64(111)
2026-03-07 14:31:36: [retrieval_preprocessing] calculating distances ...
2026-03-07 14:31:36: [retrieval_preprocessing] finished and saved retrieval indices for episode 100238 [episode count 5/46]
[retrieval_preprocessing] for episode 100239 [episode count 6/46], we have num_retrieval=np.int64(5223) num_query=np.int64(120)
2026-03-07 14:32:41: [retrieval_preprocessing] calculating distances ...
2026-03-07 14:32:41: [retrieval_preprocessing] finished and saved retrieval indices for episode 100239 [episode count 6/46]
[retrieval_preprocessing] for episode 100240 [episode count 7/46], we have num_retrieval=np.int64(5232) num_query=np.int64(111)
2026-03-07 14:33:46: [retrieval_preprocessing] calculating distances ...
2026-03-07 14:33:46: [retrieval_preprocessing] finished and saved retrieval indices for episode 100240 [episode count 7/46]
[retrieval_preprocessing] for episode 100241 [episode count 8/46], we have num_retrieval=np.int64(5229) num_query=np.int64(114)
2026-03-07 14:34:52: [retrieval_preprocessing] calculating distances ...
2026-03-07 14:34:52: [retrieval_preprocessing] finished and saved retrieval indices for episode 100241 [episode count 8/46]
[retrieval_preprocessing] for episode 100242 [episode count 9/46], we have num_retrieval=np.int64(5250) num_query=np.int64(93)
2026-03-07 14:35:57: [retrieval_preprocessing] calculating distances ...
2026-03-07 14:35:58: [retrieval_preprocessing] finished and saved retrieval indices for episode 100242 [episode count 9/46]
[retrieval_preprocessing] for episode 100243 [episode count 10/46], we have num_retrieval=np.int64(5221) num_query=np.int64(122)
2026-03-07 14:37:03: [retrieval_preprocessing] calculating distances ...
2026-03-07 14:37:03: [retrieval_preprocessing] finished and saved retrieval indices for episode 100243 [episode count 10/46]
[retrieval_preprocessing] for episode 100244 [episode count 11/46], we have num_retrieval=np.int64(5214) num_query=np.int64(129)
2026-03-07 14:38:09: [retrieval_preprocessing] calculating distances ...
2026-03-07 14:38:09: [retrieval_preprocessing] finished and saved retrieval indices for episode 100244 [episode count 11/46]
[retrieval_preprocessing] for episode 100245 [episode count 12/46], we have num_retrieval=np.int64(5228) num_query=np.int64(115)
2026-03-07 14:39:14: [retrieval_preprocessing] calculating distances ...
2026-03-07 14:39:14: [retrieval_preprocessing] finished and saved retrieval indices for episode 100245 [episode count 12/46]
[retrieval_preprocessing] for episode 100246 [episode count 13/46], we have num_retrieval=np.int64(5224) num_query=np.int64(119)
2026-03-07 14:40:19: [retrieval_preprocessing] calculating distances ...
2026-03-07 14:40:20: [retrieval_preprocessing] finished and saved retrieval indices for episode 100246 [episode count 13/46]
[retrieval_preprocessing] for episode 100247 [episode count 14/46], we have num_retrieval=np.int64(5219) num_query=np.int64(124)
2026-03-07 14:41:26: [retrieval_preprocessing] calculating distances ...
2026-03-07 14:41:26: [retrieval_preprocessing] finished and saved retrieval indices for episode 100247 [episode count 14/46]
[retrieval_preprocessing] for episode 100248 [episode count 15/46], we have num_retrieval=np.int64(5223) num_query=np.int64(120)
2026-03-07 14:42:31: [retrieval_preprocessing] calculating distances ...
2026-03-07 14:42:31: [retrieval_preprocessing] finished and saved retrieval indices for episode 100248 [episode count 15/46]
[retrieval_preprocessing] for episode 100249 [episode count 16/46], we have num_retrieval=np.int64(5218) num_query=np.int64(125)
2026-03-07 14:43:38: [retrieval_preprocessing] calculating distances ...
2026-03-07 14:43:38: [retrieval_preprocessing] finished and saved retrieval indices for episode 100249 [episode count 16/46]
[retrieval_preprocessing] for episode 100250 [episode count 17/46], we have num_retrieval=np.int64(5205) num_query=np.int64(138)
2026-03-07 14:44:44: [retrieval_preprocessing] calculating distances ...
2026-03-07 14:44:44: [retrieval_preprocessing] finished and saved retrieval indices for episode 100250 [episode count 17/46]
[retrieval_preprocessing] for episode 100251 [episode count 18/46], we have num_retrieval=np.int64(5229) num_query=np.int64(114)
2026-03-07 14:45:50: [retrieval_preprocessing] calculating distances ...
2026-03-07 14:45:50: [retrieval_preprocessing] finished and saved retrieval indices for episode 100251 [episode count 18/46]
[retrieval_preprocessing] for episode 100252 [episode count 19/46], we have num_retrieval=np.int64(5236) num_query=np.int64(107)
2026-03-07 14:46:55: [retrieval_preprocessing] calculating distances ...
2026-03-07 14:46:55: [retrieval_preprocessing] finished and saved retrieval indices for episode 100252 [episode count 19/46]
[retrieval_preprocessing] for episode 100253 [episode count 20/46], we have num_retrieval=np.int64(5226) num_query=np.int64(117)
2026-03-07 14:48:00: [retrieval_preprocessing] calculating distances ...
2026-03-07 14:48:01: [retrieval_preprocessing] finished and saved retrieval indices for episode 100253 [episode count 20/46]
[retrieval_preprocessing] for episode 100254 [episode count 21/46], we have num_retrieval=np.int64(5245) num_query=np.int64(98)
2026-03-07 14:49:06: [retrieval_preprocessing] calculating distances ...
2026-03-07 14:49:06: [retrieval_preprocessing] finished and saved retrieval indices for episode 100254 [episode count 21/46]
[retrieval_preprocessing] for episode 100255 [episode count 22/46], we have num_retrieval=np.int64(5237) num_query=np.int64(106)
2026-03-07 14:50:11: [retrieval_preprocessing] calculating distances ...
2026-03-07 14:50:11: [retrieval_preprocessing] finished and saved retrieval indices for episode 100255 [episode count 22/46]
[retrieval_preprocessing] for episode 100256 [episode count 23/46], we have num_retrieval=np.int64(5218) num_query=np.int64(125)
2026-03-07 14:51:18: [retrieval_preprocessing] calculating distances ...
2026-03-07 14:51:18: [retrieval_preprocessing] finished and saved retrieval indices for episode 100256 [episode count 23/46]
[retrieval_preprocessing] for episode 100257 [episode count 24/46], we have num_retrieval=np.int64(5212) num_query=np.int64(131)
2026-03-07 14:52:24: [retrieval_preprocessing] calculating distances ...
2026-03-07 14:52:24: [retrieval_preprocessing] finished and saved retrieval indices for episode 100257 [episode count 24/46]
[retrieval_preprocessing] for episode 100258 [episode count 25/46], we have num_retrieval=np.int64(5209) num_query=np.int64(134)
2026-03-07 14:53:30: [retrieval_preprocessing] calculating distances ...
2026-03-07 14:53:30: [retrieval_preprocessing] finished and saved retrieval indices for episode 100258 [episode count 25/46]
[retrieval_preprocessing] for episode 100259 [episode count 26/46], we have num_retrieval=np.int64(5232) num_query=np.int64(111)
2026-03-07 14:54:34: [retrieval_preprocessing] calculating distances ...
2026-03-07 14:54:34: [retrieval_preprocessing] finished and saved retrieval indices for episode 100259 [episode count 26/46]
[retrieval_preprocessing] for episode 100260 [episode count 27/46], we have num_retrieval=np.int64(5222) num_query=np.int64(121)
2026-03-07 14:55:41: [retrieval_preprocessing] calculating distances ...
2026-03-07 14:55:41: [retrieval_preprocessing] finished and saved retrieval indices for episode 100260 [episode count 27/46]
[retrieval_preprocessing] for episode 100261 [episode count 28/46], we have num_retrieval=np.int64(5237) num_query=np.int64(106)
2026-03-07 14:56:47: [retrieval_preprocessing] calculating distances ...
2026-03-07 14:56:47: [retrieval_preprocessing] finished and saved retrieval indices for episode 100261 [episode count 28/46]
[retrieval_preprocessing] for episode 100262 [episode count 29/46], we have num_retrieval=np.int64(5235) num_query=np.int64(108)
2026-03-07 14:57:51: [retrieval_preprocessing] calculating distances ...
2026-03-07 14:57:51: [retrieval_preprocessing] finished and saved retrieval indices for episode 100262 [episode count 29/46]
[retrieval_preprocessing] for episode 100263 [episode count 30/46], we have num_retrieval=np.int64(5233) num_query=np.int64(110)
2026-03-07 14:58:56: [retrieval_preprocessing] calculating distances ...
2026-03-07 14:58:57: [retrieval_preprocessing] finished and saved retrieval indices for episode 100263 [episode count 30/46]
[retrieval_preprocessing] for episode 100264 [episode count 31/46], we have num_retrieval=np.int64(5234) num_query=np.int64(109)
2026-03-07 15:00:00: [retrieval_preprocessing] calculating distances ...
2026-03-07 15:00:01: [retrieval_preprocessing] finished and saved retrieval indices for episode 100264 [episode count 31/46]
[retrieval_preprocessing] for episode 100265 [episode count 32/46], we have num_retrieval=np.int64(5228) num_query=np.int64(115)
2026-03-07 15:01:06: [retrieval_preprocessing] calculating distances ...
2026-03-07 15:01:06: [retrieval_preprocessing] finished and saved retrieval indices for episode 100265 [episode count 32/46]
[retrieval_preprocessing] for episode 100266 [episode count 33/46], we have num_retrieval=np.int64(5220) num_query=np.int64(123)
2026-03-07 15:02:11: [retrieval_preprocessing] calculating distances ...
2026-03-07 15:02:11: [retrieval_preprocessing] finished and saved retrieval indices for episode 100266 [episode count 33/46]
[retrieval_preprocessing] for episode 100267 [episode count 34/46], we have num_retrieval=np.int64(5220) num_query=np.int64(123)
2026-03-07 15:03:15: [retrieval_preprocessing] calculating distances ...
2026-03-07 15:03:15: [retrieval_preprocessing] finished and saved retrieval indices for episode 100267 [episode count 34/46]
[retrieval_preprocessing] for episode 100268 [episode count 35/46], we have num_retrieval=np.int64(5208) num_query=np.int64(135)
2026-03-07 15:04:20: [retrieval_preprocessing] calculating distances ...
2026-03-07 15:04:21: [retrieval_preprocessing] finished and saved retrieval indices for episode 100268 [episode count 35/46]
[retrieval_preprocessing] for episode 100269 [episode count 36/46], we have num_retrieval=np.int64(5234) num_query=np.int64(109)
2026-03-07 15:05:26: [retrieval_preprocessing] calculating distances ...
2026-03-07 15:05:27: [retrieval_preprocessing] finished and saved retrieval indices for episode 100269 [episode count 36/46]
[retrieval_preprocessing] for episode 100270 [episode count 37/46], we have num_retrieval=np.int64(5234) num_query=np.int64(109)
2026-03-07 15:06:31: [retrieval_preprocessing] calculating distances ...
2026-03-07 15:06:32: [retrieval_preprocessing] finished and saved retrieval indices for episode 100270 [episode count 37/46]
[retrieval_preprocessing] for episode 100271 [episode count 38/46], we have num_retrieval=np.int64(5200) num_query=np.int64(143)
2026-03-07 15:07:37: [retrieval_preprocessing] calculating distances ...
2026-03-07 15:07:38: [retrieval_preprocessing] finished and saved retrieval indices for episode 100271 [episode count 38/46]
[retrieval_preprocessing] for episode 100272 [episode count 39/46], we have num_retrieval=np.int64(5217) num_query=np.int64(126)
2026-03-07 15:08:42: [retrieval_preprocessing] calculating distances ...
2026-03-07 15:08:43: [retrieval_preprocessing] finished and saved retrieval indices for episode 100272 [episode count 39/46]
[retrieval_preprocessing] for episode 100273 [episode count 40/46], we have num_retrieval=np.int64(5229) num_query=np.int64(114)
2026-03-07 15:09:48: [retrieval_preprocessing] calculating distances ...
2026-03-07 15:09:48: [retrieval_preprocessing] finished and saved retrieval indices for episode 100273 [episode count 40/46]
[retrieval_preprocessing] for episode 100274 [episode count 41/46], we have num_retrieval=np.int64(5226) num_query=np.int64(117)
2026-03-07 15:10:53: [retrieval_preprocessing] calculating distances ...
2026-03-07 15:10:53: [retrieval_preprocessing] finished and saved retrieval indices for episode 100274 [episode count 41/46]
[retrieval_preprocessing] for episode 100275 [episode count 42/46], we have num_retrieval=np.int64(5240) num_query=np.int64(103)
2026-03-07 15:11:59: [retrieval_preprocessing] calculating distances ...
2026-03-07 15:12:00: [retrieval_preprocessing] finished and saved retrieval indices for episode 100275 [episode count 42/46]
[retrieval_preprocessing] for episode 100276 [episode count 43/46], we have num_retrieval=np.int64(5238) num_query=np.int64(105)
2026-03-07 15:13:06: [retrieval_preprocessing] calculating distances ...
2026-03-07 15:13:06: [retrieval_preprocessing] finished and saved retrieval indices for episode 100276 [episode count 43/46]
[retrieval_preprocessing] for episode 100277 [episode count 44/46], we have num_retrieval=np.int64(5243) num_query=np.int64(100)
2026-03-07 15:14:11: [retrieval_preprocessing] calculating distances ...
2026-03-07 15:14:11: [retrieval_preprocessing] finished and saved retrieval indices for episode 100277 [episode count 44/46]
[retrieval_preprocessing] for episode 100278 [episode count 45/46], we have num_retrieval=np.int64(5221) num_query=np.int64(122)
2026-03-07 15:15:15: [retrieval_preprocessing] calculating distances ...
2026-03-07 15:15:15: [retrieval_preprocessing] finished and saved retrieval indices for episode 100278 [episode count 45/46]
2026-03-07 15:15:15: [retrieval_preprocessing] finished for libero_collected_demos_training/pick_up_the_black_bowl_from_table_center_and_place_it_on_the_plate [chosen_id count 6/32]
2026-03-07 15:15:23: [retrieval_preprocessing] concatenated all embeddings and indices for 47 episodes for libero_collected_demos_training/pick_up_the_salad_dressing_and_place_it_in_the_basket [chosen_id count 7/32]
2026-03-07 15:15:23: [retrieval_preprocessing] we have num_total=6200 embedding_dim=49152
[retrieval_preprocessing] for episode 100279 [episode count 0/47], we have num_retrieval=np.int64(6076) num_query=np.int64(124)
2026-03-07 15:16:29: [retrieval_preprocessing] calculating distances ...
2026-03-07 15:16:29: [retrieval_preprocessing] finished and saved retrieval indices for episode 100279 [episode count 0/47]
[retrieval_preprocessing] for episode 100280 [episode count 1/47], we have num_retrieval=np.int64(6055) num_query=np.int64(145)
2026-03-07 15:17:40: [retrieval_preprocessing] calculating distances ...
2026-03-07 15:17:40: [retrieval_preprocessing] finished and saved retrieval indices for episode 100280 [episode count 1/47]
[retrieval_preprocessing] for episode 100281 [episode count 2/47], we have num_retrieval=np.int64(6076) num_query=np.int64(124)
2026-03-07 15:18:51: [retrieval_preprocessing] calculating distances ...
2026-03-07 15:18:51: [retrieval_preprocessing] finished and saved retrieval indices for episode 100281 [episode count 2/47]
[retrieval_preprocessing] for episode 100282 [episode count 3/47], we have num_retrieval=np.int64(6075) num_query=np.int64(125)
2026-03-07 15:20:01: [retrieval_preprocessing] calculating distances ...
2026-03-07 15:20:02: [retrieval_preprocessing] finished and saved retrieval indices for episode 100282 [episode count 3/47]
[retrieval_preprocessing] for episode 100283 [episode count 4/47], we have num_retrieval=np.int64(6072) num_query=np.int64(128)
2026-03-07 15:21:12: [retrieval_preprocessing] calculating distances ...
2026-03-07 15:21:13: [retrieval_preprocessing] finished and saved retrieval indices for episode 100283 [episode count 4/47]
[retrieval_preprocessing] for episode 100284 [episode count 5/47], we have num_retrieval=np.int64(6023) num_query=np.int64(177)
2026-03-07 15:22:23: [retrieval_preprocessing] calculating distances ...
2026-03-07 15:22:24: [retrieval_preprocessing] finished and saved retrieval indices for episode 100284 [episode count 5/47]
[retrieval_preprocessing] for episode 100285 [episode count 6/47], we have num_retrieval=np.int64(6072) num_query=np.int64(128)
2026-03-07 15:23:35: [retrieval_preprocessing] calculating distances ...
2026-03-07 15:23:35: [retrieval_preprocessing] finished and saved retrieval indices for episode 100285 [episode count 6/47]
[retrieval_preprocessing] for episode 100286 [episode count 7/47], we have num_retrieval=np.int64(6074) num_query=np.int64(126)
2026-03-07 15:24:46: [retrieval_preprocessing] calculating distances ...
2026-03-07 15:24:46: [retrieval_preprocessing] finished and saved retrieval indices for episode 100286 [episode count 7/47]
[retrieval_preprocessing] for episode 100287 [episode count 8/47], we have num_retrieval=np.int64(6072) num_query=np.int64(128)
2026-03-07 15:25:57: [retrieval_preprocessing] calculating distances ...
2026-03-07 15:25:57: [retrieval_preprocessing] finished and saved retrieval indices for episode 100287 [episode count 8/47]
[retrieval_preprocessing] for episode 100288 [episode count 9/47], we have num_retrieval=np.int64(6074) num_query=np.int64(126)
2026-03-07 15:27:09: [retrieval_preprocessing] calculating distances ...
2026-03-07 15:27:09: [retrieval_preprocessing] finished and saved retrieval indices for episode 100288 [episode count 9/47]
[retrieval_preprocessing] for episode 100289 [episode count 10/47], we have num_retrieval=np.int64(6066) num_query=np.int64(134)
2026-03-07 15:28:20: [retrieval_preprocessing] calculating distances ...
2026-03-07 15:28:21: [retrieval_preprocessing] finished and saved retrieval indices for episode 100289 [episode count 10/47]
[retrieval_preprocessing] for episode 100290 [episode count 11/47], we have num_retrieval=np.int64(6071) num_query=np.int64(129)
2026-03-07 15:29:30: [retrieval_preprocessing] calculating distances ...
2026-03-07 15:29:31: [retrieval_preprocessing] finished and saved retrieval indices for episode 100290 [episode count 11/47]
[retrieval_preprocessing] for episode 100291 [episode count 12/47], we have num_retrieval=np.int64(6075) num_query=np.int64(125)
2026-03-07 15:30:41: [retrieval_preprocessing] calculating distances ...
2026-03-07 15:30:41: [retrieval_preprocessing] finished and saved retrieval indices for episode 100291 [episode count 12/47]
[retrieval_preprocessing] for episode 100292 [episode count 13/47], we have num_retrieval=np.int64(6033) num_query=np.int64(167)
2026-03-07 15:31:52: [retrieval_preprocessing] calculating distances ...
2026-03-07 15:31:52: [retrieval_preprocessing] finished and saved retrieval indices for episode 100292 [episode count 13/47]
[retrieval_preprocessing] for episode 100293 [episode count 14/47], we have num_retrieval=np.int64(6068) num_query=np.int64(132)
2026-03-07 15:33:03: [retrieval_preprocessing] calculating distances ...
2026-03-07 15:33:03: [retrieval_preprocessing] finished and saved retrieval indices for episode 100293 [episode count 14/47]
[retrieval_preprocessing] for episode 100294 [episode count 15/47], we have num_retrieval=np.int64(6066) num_query=np.int64(134)
2026-03-07 15:34:14: [retrieval_preprocessing] calculating distances ...
2026-03-07 15:34:14: [retrieval_preprocessing] finished and saved retrieval indices for episode 100294 [episode count 15/47]
[retrieval_preprocessing] for episode 100295 [episode count 16/47], we have num_retrieval=np.int64(6078) num_query=np.int64(122)
2026-03-07 15:35:25: [retrieval_preprocessing] calculating distances ...
2026-03-07 15:35:25: [retrieval_preprocessing] finished and saved retrieval indices for episode 100295 [episode count 16/47]
[retrieval_preprocessing] for episode 100296 [episode count 17/47], we have num_retrieval=np.int64(6068) num_query=np.int64(132)
2026-03-07 15:36:35: [retrieval_preprocessing] calculating distances ...
2026-03-07 15:36:36: [retrieval_preprocessing] finished and saved retrieval indices for episode 100296 [episode count 17/47]
[retrieval_preprocessing] for episode 100297 [episode count 18/47], we have num_retrieval=np.int64(6077) num_query=np.int64(123)
2026-03-07 15:37:46: [retrieval_preprocessing] calculating distances ...
2026-03-07 15:37:47: [retrieval_preprocessing] finished and saved retrieval indices for episode 100297 [episode count 18/47]
[retrieval_preprocessing] for episode 100298 [episode count 19/47], we have num_retrieval=np.int64(6074) num_query=np.int64(126)
2026-03-07 15:38:58: [retrieval_preprocessing] calculating distances ...
2026-03-07 15:38:59: [retrieval_preprocessing] finished and saved retrieval indices for episode 100298 [episode count 19/47]
[retrieval_preprocessing] for episode 100299 [episode count 20/47], we have num_retrieval=np.int64(6075) num_query=np.int64(125)
2026-03-07 15:40:09: [retrieval_preprocessing] calculating distances ...
2026-03-07 15:40:10: [retrieval_preprocessing] finished and saved retrieval indices for episode 100299 [episode count 20/47]
[retrieval_preprocessing] for episode 100300 [episode count 21/47], we have num_retrieval=np.int64(6072) num_query=np.int64(128)
2026-03-07 15:41:20: [retrieval_preprocessing] calculating distances ...
2026-03-07 15:41:20: [retrieval_preprocessing] finished and saved retrieval indices for episode 100300 [episode count 21/47]
[retrieval_preprocessing] for episode 100301 [episode count 22/47], we have num_retrieval=np.int64(6084) num_query=np.int64(116)
2026-03-07 15:42:32: [retrieval_preprocessing] calculating distances ...
2026-03-07 15:42:32: [retrieval_preprocessing] finished and saved retrieval indices for episode 100301 [episode count 22/47]
[retrieval_preprocessing] for episode 100302 [episode count 23/47], we have num_retrieval=np.int64(6051) num_query=np.int64(149)
2026-03-07 15:43:43: [retrieval_preprocessing] calculating distances ...
2026-03-07 15:43:43: [retrieval_preprocessing] finished and saved retrieval indices for episode 100302 [episode count 23/47]
[retrieval_preprocessing] for episode 100303 [episode count 24/47], we have num_retrieval=np.int64(6071) num_query=np.int64(129)
2026-03-07 15:44:53: [retrieval_preprocessing] calculating distances ...
2026-03-07 15:44:53: [retrieval_preprocessing] finished and saved retrieval indices for episode 100303 [episode count 24/47]
[retrieval_preprocessing] for episode 100304 [episode count 25/47], we have num_retrieval=np.int64(6075) num_query=np.int64(125)
2026-03-07 15:46:04: [retrieval_preprocessing] calculating distances ...
2026-03-07 15:46:04: [retrieval_preprocessing] finished and saved retrieval indices for episode 100304 [episode count 25/47]
[retrieval_preprocessing] for episode 100305 [episode count 26/47], we have num_retrieval=np.int64(6076) num_query=np.int64(124)
2026-03-07 15:47:15: [retrieval_preprocessing] calculating distances ...
2026-03-07 15:47:15: [retrieval_preprocessing] finished and saved retrieval indices for episode 100305 [episode count 26/47]
[retrieval_preprocessing] for episode 100306 [episode count 27/47], we have num_retrieval=np.int64(6069) num_query=np.int64(131)
2026-03-07 15:48:26: [retrieval_preprocessing] calculating distances ...
2026-03-07 15:48:26: [retrieval_preprocessing] finished and saved retrieval indices for episode 100306 [episode count 27/47]
[retrieval_preprocessing] for episode 100307 [episode count 28/47], we have num_retrieval=np.int64(5984) num_query=np.int64(216)
2026-03-07 15:49:36: [retrieval_preprocessing] calculating distances ...
2026-03-07 15:49:36: [retrieval_preprocessing] finished and saved retrieval indices for episode 100307 [episode count 28/47]
[retrieval_preprocessing] for episode 100308 [episode count 29/47], we have num_retrieval=np.int64(6078) num_query=np.int64(122)
2026-03-07 15:50:47: [retrieval_preprocessing] calculating distances ...
2026-03-07 15:50:47: [retrieval_preprocessing] finished and saved retrieval indices for episode 100308 [episode count 29/47]
[retrieval_preprocessing] for episode 100309 [episode count 30/47], we have num_retrieval=np.int64(6076) num_query=np.int64(124)
2026-03-07 15:51:57: [retrieval_preprocessing] calculating distances ...
2026-03-07 15:51:57: [retrieval_preprocessing] finished and saved retrieval indices for episode 100309 [episode count 30/47]
[retrieval_preprocessing] for episode 100310 [episode count 31/47], we have num_retrieval=np.int64(6071) num_query=np.int64(129)
2026-03-07 15:53:08: [retrieval_preprocessing] calculating distances ...
2026-03-07 15:53:08: [retrieval_preprocessing] finished and saved retrieval indices for episode 100310 [episode count 31/47]
[retrieval_preprocessing] for episode 100311 [episode count 32/47], we have num_retrieval=np.int64(6082) num_query=np.int64(118)
2026-03-07 15:54:19: [retrieval_preprocessing] calculating distances ...
2026-03-07 15:54:19: [retrieval_preprocessing] finished and saved retrieval indices for episode 100311 [episode count 32/47]
[retrieval_preprocessing] for episode 100312 [episode count 33/47], we have num_retrieval=np.int64(6082) num_query=np.int64(118)
2026-03-07 15:55:30: [retrieval_preprocessing] calculating distances ...
2026-03-07 15:55:30: [retrieval_preprocessing] finished and saved retrieval indices for episode 100312 [episode count 33/47]
[retrieval_preprocessing] for episode 100313 [episode count 34/47], we have num_retrieval=np.int64(6079) num_query=np.int64(121)
2026-03-07 15:56:40: [retrieval_preprocessing] calculating distances ...
2026-03-07 15:56:41: [retrieval_preprocessing] finished and saved retrieval indices for episode 100313 [episode count 34/47]
[retrieval_preprocessing] for episode 100314 [episode count 35/47], we have num_retrieval=np.int64(6080) num_query=np.int64(120)
2026-03-07 15:57:50: [retrieval_preprocessing] calculating distances ...
2026-03-07 15:57:50: [retrieval_preprocessing] finished and saved retrieval indices for episode 100314 [episode count 35/47]
[retrieval_preprocessing] for episode 100315 [episode count 36/47], we have num_retrieval=np.int64(6085) num_query=np.int64(115)
2026-03-07 15:59:00: [retrieval_preprocessing] calculating distances ...
2026-03-07 15:59:00: [retrieval_preprocessing] finished and saved retrieval indices for episode 100315 [episode count 36/47]
[retrieval_preprocessing] for episode 100316 [episode count 37/47], we have num_retrieval=np.int64(6066) num_query=np.int64(134)
2026-03-07 16:00:11: [retrieval_preprocessing] calculating distances ...
2026-03-07 16:00:11: [retrieval_preprocessing] finished and saved retrieval indices for episode 100316 [episode count 37/47]
[retrieval_preprocessing] for episode 100317 [episode count 38/47], we have num_retrieval=np.int64(6076) num_query=np.int64(124)
2026-03-07 16:01:21: [retrieval_preprocessing] calculating distances ...
2026-03-07 16:01:21: [retrieval_preprocessing] finished and saved retrieval indices for episode 100317 [episode count 38/47]
[retrieval_preprocessing] for episode 100318 [episode count 39/47], we have num_retrieval=np.int64(6061) num_query=np.int64(139)
2026-03-07 16:02:32: [retrieval_preprocessing] calculating distances ...
2026-03-07 16:02:32: [retrieval_preprocessing] finished and saved retrieval indices for episode 100318 [episode count 39/47]
[retrieval_preprocessing] for episode 100319 [episode count 40/47], we have num_retrieval=np.int64(6075) num_query=np.int64(125)
2026-03-07 16:03:42: [retrieval_preprocessing] calculating distances ...
2026-03-07 16:03:42: [retrieval_preprocessing] finished and saved retrieval indices for episode 100319 [episode count 40/47]
[retrieval_preprocessing] for episode 100320 [episode count 41/47], we have num_retrieval=np.int64(6067) num_query=np.int64(133)
2026-03-07 16:04:51: [retrieval_preprocessing] calculating distances ...
2026-03-07 16:04:52: [retrieval_preprocessing] finished and saved retrieval indices for episode 100320 [episode count 41/47]
[retrieval_preprocessing] for episode 100321 [episode count 42/47], we have num_retrieval=np.int64(6072) num_query=np.int64(128)
2026-03-07 16:06:02: [retrieval_preprocessing] calculating distances ...
2026-03-07 16:06:02: [retrieval_preprocessing] finished and saved retrieval indices for episode 100321 [episode count 42/47]
[retrieval_preprocessing] for episode 100322 [episode count 43/47], we have num_retrieval=np.int64(6071) num_query=np.int64(129)
2026-03-07 16:07:12: [retrieval_preprocessing] calculating distances ...
2026-03-07 16:07:12: [retrieval_preprocessing] finished and saved retrieval indices for episode 100322 [episode count 43/47]
[retrieval_preprocessing] for episode 100323 [episode count 44/47], we have num_retrieval=np.int64(6076) num_query=np.int64(124)
2026-03-07 16:08:23: [retrieval_preprocessing] calculating distances ...
2026-03-07 16:08:23: [retrieval_preprocessing] finished and saved retrieval indices for episode 100323 [episode count 44/47]
[retrieval_preprocessing] for episode 100324 [episode count 45/47], we have num_retrieval=np.int64(6037) num_query=np.int64(163)
2026-03-07 16:09:33: [retrieval_preprocessing] calculating distances ...
2026-03-07 16:09:33: [retrieval_preprocessing] finished and saved retrieval indices for episode 100324 [episode count 45/47]
[retrieval_preprocessing] for episode 100325 [episode count 46/47], we have num_retrieval=np.int64(6064) num_query=np.int64(136)
2026-03-07 16:10:43: [retrieval_preprocessing] calculating distances ...
2026-03-07 16:10:44: [retrieval_preprocessing] finished and saved retrieval indices for episode 100325 [episode count 46/47]
2026-03-07 16:10:44: [retrieval_preprocessing] finished for libero_collected_demos_training/pick_up_the_salad_dressing_and_place_it_in_the_basket [chosen_id count 7/32]
2026-03-07 16:10:49: [retrieval_preprocessing] concatenated all embeddings and indices for 46 episodes for libero_collected_demos_training/put_the_bowl_on_top_of_the_cabinet [chosen_id count 8/32]
2026-03-07 16:10:49: [retrieval_preprocessing] we have num_total=4574 embedding_dim=49152
[retrieval_preprocessing] for episode 100326 [episode count 0/46], we have num_retrieval=np.int64(4468) num_query=np.int64(106)
2026-03-07 16:11:51: [retrieval_preprocessing] calculating distances ...
2026-03-07 16:11:51: [retrieval_preprocessing] finished and saved retrieval indices for episode 100326 [episode count 0/46]
[retrieval_preprocessing] for episode 100327 [episode count 1/46], we have num_retrieval=np.int64(4471) num_query=np.int64(103)
2026-03-07 16:12:51: [retrieval_preprocessing] calculating distances ...
2026-03-07 16:12:52: [retrieval_preprocessing] finished and saved retrieval indices for episode 100327 [episode count 1/46]
[retrieval_preprocessing] for episode 100328 [episode count 2/46], we have num_retrieval=np.int64(4476) num_query=np.int64(98)
2026-03-07 16:13:53: [retrieval_preprocessing] calculating distances ...
2026-03-07 16:13:54: [retrieval_preprocessing] finished and saved retrieval indices for episode 100328 [episode count 2/46]
[retrieval_preprocessing] for episode 100329 [episode count 3/46], we have num_retrieval=np.int64(4477) num_query=np.int64(97)
2026-03-07 16:14:53: [retrieval_preprocessing] calculating distances ...
2026-03-07 16:14:53: [retrieval_preprocessing] finished and saved retrieval indices for episode 100329 [episode count 3/46]
[retrieval_preprocessing] for episode 100330 [episode count 4/46], we have num_retrieval=np.int64(4481) num_query=np.int64(93)
2026-03-07 16:15:53: [retrieval_preprocessing] calculating distances ...
2026-03-07 16:15:54: [retrieval_preprocessing] finished and saved retrieval indices for episode 100330 [episode count 4/46]
[retrieval_preprocessing] for episode 100331 [episode count 5/46], we have num_retrieval=np.int64(4484) num_query=np.int64(90)
2026-03-07 16:16:55: [retrieval_preprocessing] calculating distances ...
2026-03-07 16:16:55: [retrieval_preprocessing] finished and saved retrieval indices for episode 100331 [episode count 5/46]
[retrieval_preprocessing] for episode 100332 [episode count 6/46], we have num_retrieval=np.int64(4470) num_query=np.int64(104)
2026-03-07 16:17:56: [retrieval_preprocessing] calculating distances ...
2026-03-07 16:17:56: [retrieval_preprocessing] finished and saved retrieval indices for episode 100332 [episode count 6/46]
[retrieval_preprocessing] for episode 100333 [episode count 7/46], we have num_retrieval=np.int64(4474) num_query=np.int64(100)
2026-03-07 16:18:56: [retrieval_preprocessing] calculating distances ...
2026-03-07 16:18:57: [retrieval_preprocessing] finished and saved retrieval indices for episode 100333 [episode count 7/46]
[retrieval_preprocessing] for episode 100334 [episode count 8/46], we have num_retrieval=np.int64(4477) num_query=np.int64(97)
2026-03-07 16:19:59: [retrieval_preprocessing] calculating distances ...
2026-03-07 16:19:59: [retrieval_preprocessing] finished and saved retrieval indices for episode 100334 [episode count 8/46]
[retrieval_preprocessing] for episode 100335 [episode count 9/46], we have num_retrieval=np.int64(4476) num_query=np.int64(98)
2026-03-07 16:21:00: [retrieval_preprocessing] calculating distances ...
2026-03-07 16:21:00: [retrieval_preprocessing] finished and saved retrieval indices for episode 100335 [episode count 9/46]
[retrieval_preprocessing] for episode 100336 [episode count 10/46], we have num_retrieval=np.int64(4464) num_query=np.int64(110)
2026-03-07 16:22:01: [retrieval_preprocessing] calculating distances ...
2026-03-07 16:22:01: [retrieval_preprocessing] finished and saved retrieval indices for episode 100336 [episode count 10/46]
[retrieval_preprocessing] for episode 100337 [episode count 11/46], we have num_retrieval=np.int64(4454) num_query=np.int64(120)
2026-03-07 16:23:02: [retrieval_preprocessing] calculating distances ...
2026-03-07 16:23:02: [retrieval_preprocessing] finished and saved retrieval indices for episode 100337 [episode count 11/46]
[retrieval_preprocessing] for episode 100338 [episode count 12/46], we have num_retrieval=np.int64(4486) num_query=np.int64(88)
2026-03-07 16:24:04: [retrieval_preprocessing] calculating distances ...
2026-03-07 16:24:04: [retrieval_preprocessing] finished and saved retrieval indices for episode 100338 [episode count 12/46]
[retrieval_preprocessing] for episode 100339 [episode count 13/46], we have num_retrieval=np.int64(4469) num_query=np.int64(105)
2026-03-07 16:25:04: [retrieval_preprocessing] calculating distances ...
2026-03-07 16:25:05: [retrieval_preprocessing] finished and saved retrieval indices for episode 100339 [episode count 13/46]
[retrieval_preprocessing] for episode 100340 [episode count 14/46], we have num_retrieval=np.int64(4451) num_query=np.int64(123)
2026-03-07 16:26:05: [retrieval_preprocessing] calculating distances ...
2026-03-07 16:26:06: [retrieval_preprocessing] finished and saved retrieval indices for episode 100340 [episode count 14/46]
[retrieval_preprocessing] for episode 100341 [episode count 15/46], we have num_retrieval=np.int64(4473) num_query=np.int64(101)
2026-03-07 16:27:07: [retrieval_preprocessing] calculating distances ...
2026-03-07 16:27:07: [retrieval_preprocessing] finished and saved retrieval indices for episode 100341 [episode count 15/46]
[retrieval_preprocessing] for episode 100342 [episode count 16/46], we have num_retrieval=np.int64(4478) num_query=np.int64(96)
2026-03-07 16:28:08: [retrieval_preprocessing] calculating distances ...
2026-03-07 16:28:08: [retrieval_preprocessing] finished and saved retrieval indices for episode 100342 [episode count 16/46]
[retrieval_preprocessing] for episode 100343 [episode count 17/46], we have num_retrieval=np.int64(4483) num_query=np.int64(91)
2026-03-07 16:29:08: [retrieval_preprocessing] calculating distances ...
2026-03-07 16:29:08: [retrieval_preprocessing] finished and saved retrieval indices for episode 100343 [episode count 17/46]
[retrieval_preprocessing] for episode 100344 [episode count 18/46], we have num_retrieval=np.int64(4484) num_query=np.int64(90)
2026-03-07 16:30:10: [retrieval_preprocessing] calculating distances ...
2026-03-07 16:30:10: [retrieval_preprocessing] finished and saved retrieval indices for episode 100344 [episode count 18/46]
[retrieval_preprocessing] for episode 100345 [episode count 19/46], we have num_retrieval=np.int64(4483) num_query=np.int64(91)
2026-03-07 16:31:10: [retrieval_preprocessing] calculating distances ...
2026-03-07 16:31:11: [retrieval_preprocessing] finished and saved retrieval indices for episode 100345 [episode count 19/46]
[retrieval_preprocessing] for episode 100346 [episode count 20/46], we have num_retrieval=np.int64(4469) num_query=np.int64(105)
2026-03-07 16:32:10: [retrieval_preprocessing] calculating distances ...
2026-03-07 16:32:11: [retrieval_preprocessing] finished and saved retrieval indices for episode 100346 [episode count 20/46]
[retrieval_preprocessing] for episode 100347 [episode count 21/46], we have num_retrieval=np.int64(4475) num_query=np.int64(99)
2026-03-07 16:33:12: [retrieval_preprocessing] calculating distances ...
2026-03-07 16:33:12: [retrieval_preprocessing] finished and saved retrieval indices for episode 100347 [episode count 21/46]
[retrieval_preprocessing] for episode 100348 [episode count 22/46], we have num_retrieval=np.int64(4471) num_query=np.int64(103)
2026-03-07 16:34:13: [retrieval_preprocessing] calculating distances ...
2026-03-07 16:34:13: [retrieval_preprocessing] finished and saved retrieval indices for episode 100348 [episode count 22/46]
[retrieval_preprocessing] for episode 100349 [episode count 23/46], we have num_retrieval=np.int64(4484) num_query=np.int64(90)
2026-03-07 16:35:14: [retrieval_preprocessing] calculating distances ...
2026-03-07 16:35:15: [retrieval_preprocessing] finished and saved retrieval indices for episode 100349 [episode count 23/46]
[retrieval_preprocessing] for episode 100350 [episode count 24/46], we have num_retrieval=np.int64(4475) num_query=np.int64(99)
2026-03-07 16:36:16: [retrieval_preprocessing] calculating distances ...
2026-03-07 16:36:17: [retrieval_preprocessing] finished and saved retrieval indices for episode 100350 [episode count 24/46]
[retrieval_preprocessing] for episode 100351 [episode count 25/46], we have num_retrieval=np.int64(4478) num_query=np.int64(96)
2026-03-07 16:37:17: [retrieval_preprocessing] calculating distances ...
2026-03-07 16:37:17: [retrieval_preprocessing] finished and saved retrieval indices for episode 100351 [episode count 25/46]
[retrieval_preprocessing] for episode 100352 [episode count 26/46], we have num_retrieval=np.int64(4487) num_query=np.int64(87)
2026-03-07 16:38:18: [retrieval_preprocessing] calculating distances ...
2026-03-07 16:38:18: [retrieval_preprocessing] finished and saved retrieval indices for episode 100352 [episode count 26/46]
[retrieval_preprocessing] for episode 100353 [episode count 27/46], we have num_retrieval=np.int64(4477) num_query=np.int64(97)
2026-03-07 16:39:19: [retrieval_preprocessing] calculating distances ...
2026-03-07 16:39:20: [retrieval_preprocessing] finished and saved retrieval indices for episode 100353 [episode count 27/46]
[retrieval_preprocessing] for episode 100354 [episode count 28/46], we have num_retrieval=np.int64(4472) num_query=np.int64(102)
2026-03-07 16:40:20: [retrieval_preprocessing] calculating distances ...
2026-03-07 16:40:20: [retrieval_preprocessing] finished and saved retrieval indices for episode 100354 [episode count 28/46]
[retrieval_preprocessing] for episode 100355 [episode count 29/46], we have num_retrieval=np.int64(4462) num_query=np.int64(112)
2026-03-07 16:41:21: [retrieval_preprocessing] calculating distances ...
2026-03-07 16:41:21: [retrieval_preprocessing] finished and saved retrieval indices for episode 100355 [episode count 29/46]
[retrieval_preprocessing] for episode 100356 [episode count 30/46], we have num_retrieval=np.int64(4469) num_query=np.int64(105)
2026-03-07 16:42:23: [retrieval_preprocessing] calculating distances ...
2026-03-07 16:42:23: [retrieval_preprocessing] finished and saved retrieval indices for episode 100356 [episode count 30/46]
[retrieval_preprocessing] for episode 100357 [episode count 31/46], we have num_retrieval=np.int64(4478) num_query=np.int64(96)
2026-03-07 16:43:24: [retrieval_preprocessing] calculating distances ...
2026-03-07 16:43:25: [retrieval_preprocessing] finished and saved retrieval indices for episode 100357 [episode count 31/46]
[retrieval_preprocessing] for episode 100358 [episode count 32/46], we have num_retrieval=np.int64(4474) num_query=np.int64(100)
2026-03-07 16:44:25: [retrieval_preprocessing] calculating distances ...
2026-03-07 16:44:25: [retrieval_preprocessing] finished and saved retrieval indices for episode 100358 [episode count 32/46]
[retrieval_preprocessing] for episode 100359 [episode count 33/46], we have num_retrieval=np.int64(4475) num_query=np.int64(99)
2026-03-07 16:45:27: [retrieval_preprocessing] calculating distances ...
2026-03-07 16:45:27: [retrieval_preprocessing] finished and saved retrieval indices for episode 100359 [episode count 33/46]
[retrieval_preprocessing] for episode 100360 [episode count 34/46], we have num_retrieval=np.int64(4471) num_query=np.int64(103)
2026-03-07 16:46:27: [retrieval_preprocessing] calculating distances ...
2026-03-07 16:46:28: [retrieval_preprocessing] finished and saved retrieval indices for episode 100360 [episode count 34/46]
[retrieval_preprocessing] for episode 100361 [episode count 35/46], we have num_retrieval=np.int64(4488) num_query=np.int64(86)
2026-03-07 16:47:28: [retrieval_preprocessing] calculating distances ...
2026-03-07 16:47:28: [retrieval_preprocessing] finished and saved retrieval indices for episode 100361 [episode count 35/46]
[retrieval_preprocessing] for episode 100362 [episode count 36/46], we have num_retrieval=np.int64(4478) num_query=np.int64(96)
2026-03-07 16:48:29: [retrieval_preprocessing] calculating distances ...
2026-03-07 16:48:29: [retrieval_preprocessing] finished and saved retrieval indices for episode 100362 [episode count 36/46]
[retrieval_preprocessing] for episode 100363 [episode count 37/46], we have num_retrieval=np.int64(4481) num_query=np.int64(93)
2026-03-07 16:49:30: [retrieval_preprocessing] calculating distances ...
2026-03-07 16:49:30: [retrieval_preprocessing] finished and saved retrieval indices for episode 100363 [episode count 37/46]
[retrieval_preprocessing] for episode 100364 [episode count 38/46], we have num_retrieval=np.int64(4479) num_query=np.int64(95)
2026-03-07 16:50:31: [retrieval_preprocessing] calculating distances ...
2026-03-07 16:50:31: [retrieval_preprocessing] finished and saved retrieval indices for episode 100364 [episode count 38/46]
[retrieval_preprocessing] for episode 100365 [episode count 39/46], we have num_retrieval=np.int64(4470) num_query=np.int64(104)
2026-03-07 16:51:30: [retrieval_preprocessing] calculating distances ...
2026-03-07 16:51:30: [retrieval_preprocessing] finished and saved retrieval indices for episode 100365 [episode count 39/46]
[retrieval_preprocessing] for episode 100366 [episode count 40/46], we have num_retrieval=np.int64(4466) num_query=np.int64(108)
2026-03-07 16:52:30: [retrieval_preprocessing] calculating distances ...
2026-03-07 16:52:31: [retrieval_preprocessing] finished and saved retrieval indices for episode 100366 [episode count 40/46]
[retrieval_preprocessing] for episode 100367 [episode count 41/46], we have num_retrieval=np.int64(4472) num_query=np.int64(102)
2026-03-07 16:53:32: [retrieval_preprocessing] calculating distances ...
2026-03-07 16:53:32: [retrieval_preprocessing] finished and saved retrieval indices for episode 100367 [episode count 41/46]
[retrieval_preprocessing] for episode 100368 [episode count 42/46], we have num_retrieval=np.int64(4476) num_query=np.int64(98)
2026-03-07 16:54:34: [retrieval_preprocessing] calculating distances ...
2026-03-07 16:54:34: [retrieval_preprocessing] finished and saved retrieval indices for episode 100368 [episode count 42/46]
[retrieval_preprocessing] for episode 100369 [episode count 43/46], we have num_retrieval=np.int64(4483) num_query=np.int64(91)
2026-03-07 16:55:34: [retrieval_preprocessing] calculating distances ...
2026-03-07 16:55:35: [retrieval_preprocessing] finished and saved retrieval indices for episode 100369 [episode count 43/46]
[retrieval_preprocessing] for episode 100370 [episode count 44/46], we have num_retrieval=np.int64(4476) num_query=np.int64(98)
2026-03-07 16:56:36: [retrieval_preprocessing] calculating distances ...
2026-03-07 16:56:37: [retrieval_preprocessing] finished and saved retrieval indices for episode 100370 [episode count 44/46]
[retrieval_preprocessing] for episode 100371 [episode count 45/46], we have num_retrieval=np.int64(4465) num_query=np.int64(109)
2026-03-07 16:57:36: [retrieval_preprocessing] calculating distances ...
2026-03-07 16:57:36: [retrieval_preprocessing] finished and saved retrieval indices for episode 100371 [episode count 45/46]
2026-03-07 16:57:36: [retrieval_preprocessing] finished for libero_collected_demos_training/put_the_bowl_on_top_of_the_cabinet [chosen_id count 8/32]
2026-03-07 16:57:44: [retrieval_preprocessing] concatenated all embeddings and indices for 45 episodes for libero_collected_demos_training/pick_up_the_milk_and_place_it_in_the_basket [chosen_id count 9/32]
2026-03-07 16:57:44: [retrieval_preprocessing] we have num_total=6443 embedding_dim=49152
[retrieval_preprocessing] for episode 100372 [episode count 0/45], we have num_retrieval=np.int64(6293) num_query=np.int64(150)
2026-03-07 16:58:57: [retrieval_preprocessing] calculating distances ...
2026-03-07 16:58:58: [retrieval_preprocessing] finished and saved retrieval indices for episode 100372 [episode count 0/45]
[retrieval_preprocessing] for episode 100373 [episode count 1/45], we have num_retrieval=np.int64(6300) num_query=np.int64(143)
2026-03-07 17:00:12: [retrieval_preprocessing] calculating distances ...
2026-03-07 17:00:12: [retrieval_preprocessing] finished and saved retrieval indices for episode 100373 [episode count 1/45]
[retrieval_preprocessing] for episode 100374 [episode count 2/45], we have num_retrieval=np.int64(6305) num_query=np.int64(138)
2026-03-07 17:01:26: [retrieval_preprocessing] calculating distances ...
2026-03-07 17:01:26: [retrieval_preprocessing] finished and saved retrieval indices for episode 100374 [episode count 2/45]
[retrieval_preprocessing] for episode 100375 [episode count 3/45], we have num_retrieval=np.int64(6304) num_query=np.int64(139)
2026-03-07 17:02:40: [retrieval_preprocessing] calculating distances ...
2026-03-07 17:02:40: [retrieval_preprocessing] finished and saved retrieval indices for episode 100375 [episode count 3/45]
[retrieval_preprocessing] for episode 100376 [episode count 4/45], we have num_retrieval=np.int64(6302) num_query=np.int64(141)
2026-03-07 17:03:54: [retrieval_preprocessing] calculating distances ...
2026-03-07 17:03:55: [retrieval_preprocessing] finished and saved retrieval indices for episode 100376 [episode count 4/45]
[retrieval_preprocessing] for episode 100377 [episode count 5/45], we have num_retrieval=np.int64(6316) num_query=np.int64(127)
2026-03-07 17:05:08: [retrieval_preprocessing] calculating distances ...
2026-03-07 17:05:09: [retrieval_preprocessing] finished and saved retrieval indices for episode 100377 [episode count 5/45]
[retrieval_preprocessing] for episode 100378 [episode count 6/45], we have num_retrieval=np.int64(6316) num_query=np.int64(127)
2026-03-07 17:06:23: [retrieval_preprocessing] calculating distances ...
2026-03-07 17:06:24: [retrieval_preprocessing] finished and saved retrieval indices for episode 100378 [episode count 6/45]
[retrieval_preprocessing] for episode 100379 [episode count 7/45], we have num_retrieval=np.int64(6302) num_query=np.int64(141)
2026-03-07 17:07:39: [retrieval_preprocessing] calculating distances ...
2026-03-07 17:07:39: [retrieval_preprocessing] finished and saved retrieval indices for episode 100379 [episode count 7/45]
[retrieval_preprocessing] for episode 100380 [episode count 8/45], we have num_retrieval=np.int64(6275) num_query=np.int64(168)
2026-03-07 17:08:52: [retrieval_preprocessing] calculating distances ...
2026-03-07 17:08:53: [retrieval_preprocessing] finished and saved retrieval indices for episode 100380 [episode count 8/45]
[retrieval_preprocessing] for episode 100381 [episode count 9/45], we have num_retrieval=np.int64(6268) num_query=np.int64(175)
2026-03-07 17:10:07: [retrieval_preprocessing] calculating distances ...
2026-03-07 17:10:07: [retrieval_preprocessing] finished and saved retrieval indices for episode 100381 [episode count 9/45]
[retrieval_preprocessing] for episode 100382 [episode count 10/45], we have num_retrieval=np.int64(6302) num_query=np.int64(141)
2026-03-07 17:11:22: [retrieval_preprocessing] calculating distances ...
2026-03-07 17:11:22: [retrieval_preprocessing] finished and saved retrieval indices for episode 100382 [episode count 10/45]
[retrieval_preprocessing] for episode 100383 [episode count 11/45], we have num_retrieval=np.int64(6304) num_query=np.int64(139)
2026-03-07 17:12:35: [retrieval_preprocessing] calculating distances ...
2026-03-07 17:12:36: [retrieval_preprocessing] finished and saved retrieval indices for episode 100383 [episode count 11/45]
[retrieval_preprocessing] for episode 100384 [episode count 12/45], we have num_retrieval=np.int64(6282) num_query=np.int64(161)
2026-03-07 17:13:50: [retrieval_preprocessing] calculating distances ...
2026-03-07 17:13:50: [retrieval_preprocessing] finished and saved retrieval indices for episode 100384 [episode count 12/45]
[retrieval_preprocessing] for episode 100385 [episode count 13/45], we have num_retrieval=np.int64(6306) num_query=np.int64(137)
2026-03-07 17:15:03: [retrieval_preprocessing] calculating distances ...
2026-03-07 17:15:04: [retrieval_preprocessing] finished and saved retrieval indices for episode 100385 [episode count 13/45]
[retrieval_preprocessing] for episode 100386 [episode count 14/45], we have num_retrieval=np.int64(6247) num_query=np.int64(196)
2026-03-07 17:16:17: [retrieval_preprocessing] calculating distances ...
2026-03-07 17:16:17: [retrieval_preprocessing] finished and saved retrieval indices for episode 100386 [episode count 14/45]
[retrieval_preprocessing] for episode 100387 [episode count 15/45], we have num_retrieval=np.int64(6308) num_query=np.int64(135)
2026-03-07 17:17:31: [retrieval_preprocessing] calculating distances ...
2026-03-07 17:17:31: [retrieval_preprocessing] finished and saved retrieval indices for episode 100387 [episode count 15/45]
[retrieval_preprocessing] for episode 100388 [episode count 16/45], we have num_retrieval=np.int64(6311) num_query=np.int64(132)
2026-03-07 17:18:45: [retrieval_preprocessing] calculating distances ...
2026-03-07 17:18:45: [retrieval_preprocessing] finished and saved retrieval indices for episode 100388 [episode count 16/45]
[retrieval_preprocessing] for episode 100389 [episode count 17/45], we have num_retrieval=np.int64(6300) num_query=np.int64(143)
2026-03-07 17:19:59: [retrieval_preprocessing] calculating distances ...
2026-03-07 17:19:59: [retrieval_preprocessing] finished and saved retrieval indices for episode 100389 [episode count 17/45]
[retrieval_preprocessing] for episode 100390 [episode count 18/45], we have num_retrieval=np.int64(6313) num_query=np.int64(130)
2026-03-07 17:21:12: [retrieval_preprocessing] calculating distances ...
2026-03-07 17:21:13: [retrieval_preprocessing] finished and saved retrieval indices for episode 100390 [episode count 18/45]
[retrieval_preprocessing] for episode 100391 [episode count 19/45], we have num_retrieval=np.int64(6300) num_query=np.int64(143)
2026-03-07 17:22:25: [retrieval_preprocessing] calculating distances ...
2026-03-07 17:22:25: [retrieval_preprocessing] finished and saved retrieval indices for episode 100391 [episode count 19/45]
[retrieval_preprocessing] for episode 100392 [episode count 20/45], we have num_retrieval=np.int64(6293) num_query=np.int64(150)
2026-03-07 17:23:38: [retrieval_preprocessing] calculating distances ...
2026-03-07 17:23:39: [retrieval_preprocessing] finished and saved retrieval indices for episode 100392 [episode count 20/45]
[retrieval_preprocessing] for episode 100393 [episode count 21/45], we have num_retrieval=np.int64(6305) num_query=np.int64(138)
2026-03-07 17:24:52: [retrieval_preprocessing] calculating distances ...
2026-03-07 17:24:53: [retrieval_preprocessing] finished and saved retrieval indices for episode 100393 [episode count 21/45]
[retrieval_preprocessing] for episode 100394 [episode count 22/45], we have num_retrieval=np.int64(6312) num_query=np.int64(131)
2026-03-07 17:26:06: [retrieval_preprocessing] calculating distances ...
2026-03-07 17:26:06: [retrieval_preprocessing] finished and saved retrieval indices for episode 100394 [episode count 22/45]
[retrieval_preprocessing] for episode 100395 [episode count 23/45], we have num_retrieval=np.int64(6317) num_query=np.int64(126)
2026-03-07 17:27:20: [retrieval_preprocessing] calculating distances ...
2026-03-07 17:27:21: [retrieval_preprocessing] finished and saved retrieval indices for episode 100395 [episode count 23/45]
[retrieval_preprocessing] for episode 100396 [episode count 24/45], we have num_retrieval=np.int64(6287) num_query=np.int64(156)
2026-03-07 17:28:34: [retrieval_preprocessing] calculating distances ...
2026-03-07 17:28:34: [retrieval_preprocessing] finished and saved retrieval indices for episode 100396 [episode count 24/45]
[retrieval_preprocessing] for episode 100397 [episode count 25/45], we have num_retrieval=np.int64(6311) num_query=np.int64(132)
2026-03-07 17:29:48: [retrieval_preprocessing] calculating distances ...
2026-03-07 17:29:48: [retrieval_preprocessing] finished and saved retrieval indices for episode 100397 [episode count 25/45]
[retrieval_preprocessing] for episode 100398 [episode count 26/45], we have num_retrieval=np.int64(6304) num_query=np.int64(139)
2026-03-07 17:31:02: [retrieval_preprocessing] calculating distances ...
2026-03-07 17:31:02: [retrieval_preprocessing] finished and saved retrieval indices for episode 100398 [episode count 26/45]
[retrieval_preprocessing] for episode 100399 [episode count 27/45], we have num_retrieval=np.int64(6300) num_query=np.int64(143)
2026-03-07 17:32:16: [retrieval_preprocessing] calculating distances ...
2026-03-07 17:32:17: [retrieval_preprocessing] finished and saved retrieval indices for episode 100399 [episode count 27/45]
[retrieval_preprocessing] for episode 100400 [episode count 28/45], we have num_retrieval=np.int64(6304) num_query=np.int64(139)
2026-03-07 17:33:30: [retrieval_preprocessing] calculating distances ...
2026-03-07 17:33:30: [retrieval_preprocessing] finished and saved retrieval indices for episode 100400 [episode count 28/45]
[retrieval_preprocessing] for episode 100401 [episode count 29/45], we have num_retrieval=np.int64(6279) num_query=np.int64(164)
2026-03-07 17:34:44: [retrieval_preprocessing] calculating distances ...
2026-03-07 17:34:44: [retrieval_preprocessing] finished and saved retrieval indices for episode 100401 [episode count 29/45]
[retrieval_preprocessing] for episode 100402 [episode count 30/45], we have num_retrieval=np.int64(6306) num_query=np.int64(137)
2026-03-07 17:35:58: [retrieval_preprocessing] calculating distances ...
2026-03-07 17:35:58: [retrieval_preprocessing] finished and saved retrieval indices for episode 100402 [episode count 30/45]
[retrieval_preprocessing] for episode 100403 [episode count 31/45], we have num_retrieval=np.int64(6310) num_query=np.int64(133)
2026-03-07 17:37:12: [retrieval_preprocessing] calculating distances ...
2026-03-07 17:37:13: [retrieval_preprocessing] finished and saved retrieval indices for episode 100403 [episode count 31/45]
[retrieval_preprocessing] for episode 100404 [episode count 32/45], we have num_retrieval=np.int64(6302) num_query=np.int64(141)
2026-03-07 17:38:27: [retrieval_preprocessing] calculating distances ...
2026-03-07 17:38:27: [retrieval_preprocessing] finished and saved retrieval indices for episode 100404 [episode count 32/45]
[retrieval_preprocessing] for episode 100405 [episode count 33/45], we have num_retrieval=np.int64(6314) num_query=np.int64(129)
2026-03-07 17:39:41: [retrieval_preprocessing] calculating distances ...
2026-03-07 17:39:42: [retrieval_preprocessing] finished and saved retrieval indices for episode 100405 [episode count 33/45]
[retrieval_preprocessing] for episode 100406 [episode count 34/45], we have num_retrieval=np.int64(6303) num_query=np.int64(140)
2026-03-07 17:40:56: [retrieval_preprocessing] calculating distances ...
2026-03-07 17:40:56: [retrieval_preprocessing] finished and saved retrieval indices for episode 100406 [episode count 34/45]
[retrieval_preprocessing] for episode 100407 [episode count 35/45], we have num_retrieval=np.int64(6268) num_query=np.int64(175)
2026-03-07 17:42:10: [retrieval_preprocessing] calculating distances ...
2026-03-07 17:42:11: [retrieval_preprocessing] finished and saved retrieval indices for episode 100407 [episode count 35/45]
[retrieval_preprocessing] for episode 100408 [episode count 36/45], we have num_retrieval=np.int64(6293) num_query=np.int64(150)
2026-03-07 17:43:25: [retrieval_preprocessing] calculating distances ...
2026-03-07 17:43:25: [retrieval_preprocessing] finished and saved retrieval indices for episode 100408 [episode count 36/45]
[retrieval_preprocessing] for episode 100409 [episode count 37/45], we have num_retrieval=np.int64(6297) num_query=np.int64(146)
2026-03-07 17:44:39: [retrieval_preprocessing] calculating distances ...
2026-03-07 17:44:39: [retrieval_preprocessing] finished and saved retrieval indices for episode 100409 [episode count 37/45]
[retrieval_preprocessing] for episode 100410 [episode count 38/45], we have num_retrieval=np.int64(6300) num_query=np.int64(143)
2026-03-07 17:45:53: [retrieval_preprocessing] calculating distances ...
2026-03-07 17:45:53: [retrieval_preprocessing] finished and saved retrieval indices for episode 100410 [episode count 38/45]
[retrieval_preprocessing] for episode 100411 [episode count 39/45], we have num_retrieval=np.int64(6312) num_query=np.int64(131)
2026-03-07 17:47:07: [retrieval_preprocessing] calculating distances ...
2026-03-07 17:47:07: [retrieval_preprocessing] finished and saved retrieval indices for episode 100411 [episode count 39/45]
[retrieval_preprocessing] for episode 100412 [episode count 40/45], we have num_retrieval=np.int64(6308) num_query=np.int64(135)
2026-03-07 17:48:20: [retrieval_preprocessing] calculating distances ...
2026-03-07 17:48:21: [retrieval_preprocessing] finished and saved retrieval indices for episode 100412 [episode count 40/45]
[retrieval_preprocessing] for episode 100413 [episode count 41/45], we have num_retrieval=np.int64(6303) num_query=np.int64(140)
2026-03-07 17:49:35: [retrieval_preprocessing] calculating distances ...
2026-03-07 17:49:35: [retrieval_preprocessing] finished and saved retrieval indices for episode 100413 [episode count 41/45]
[retrieval_preprocessing] for episode 100414 [episode count 42/45], we have num_retrieval=np.int64(6295) num_query=np.int64(148)
2026-03-07 17:50:49: [retrieval_preprocessing] calculating distances ...
2026-03-07 17:50:49: [retrieval_preprocessing] finished and saved retrieval indices for episode 100414 [episode count 42/45]
[retrieval_preprocessing] for episode 100415 [episode count 43/45], we have num_retrieval=np.int64(6313) num_query=np.int64(130)
2026-03-07 17:52:03: [retrieval_preprocessing] calculating distances ...
2026-03-07 17:52:03: [retrieval_preprocessing] finished and saved retrieval indices for episode 100415 [episode count 43/45]
[retrieval_preprocessing] for episode 100416 [episode count 44/45], we have num_retrieval=np.int64(6302) num_query=np.int64(141)
2026-03-07 17:53:17: [retrieval_preprocessing] calculating distances ...
2026-03-07 17:53:17: [retrieval_preprocessing] finished and saved retrieval indices for episode 100416 [episode count 44/45]
2026-03-07 17:53:17: [retrieval_preprocessing] finished for libero_collected_demos_training/pick_up_the_milk_and_place_it_in_the_basket [chosen_id count 9/32]
2026-03-07 17:53:22: [retrieval_preprocessing] concatenated all embeddings and indices for 39 episodes for libero_collected_demos_training/pick_up_the_black_bowl_on_the_ramekin_and_place_it_on_the_plate [chosen_id count 10/32]
2026-03-07 17:53:22: [retrieval_preprocessing] we have num_total=4472 embedding_dim=49152
[retrieval_preprocessing] for episode 100417 [episode count 0/39], we have num_retrieval=np.int64(4386) num_query=np.int64(86)
2026-03-07 17:54:33: [retrieval_preprocessing] calculating distances ...
2026-03-07 17:54:33: [retrieval_preprocessing] finished and saved retrieval indices for episode 100417 [episode count 0/39]
[retrieval_preprocessing] for episode 100418 [episode count 1/39], we have num_retrieval=np.int64(4353) num_query=np.int64(119)
2026-03-07 17:55:41: [retrieval_preprocessing] calculating distances ...
2026-03-07 17:55:41: [retrieval_preprocessing] finished and saved retrieval indices for episode 100418 [episode count 1/39]
[retrieval_preprocessing] for episode 100419 [episode count 2/39], we have num_retrieval=np.int64(4334) num_query=np.int64(138)
2026-03-07 17:56:49: [retrieval_preprocessing] calculating distances ...
2026-03-07 17:56:49: [retrieval_preprocessing] finished and saved retrieval indices for episode 100419 [episode count 2/39]
[retrieval_preprocessing] for episode 100420 [episode count 3/39], we have num_retrieval=np.int64(4343) num_query=np.int64(129)
2026-03-07 17:57:57: [retrieval_preprocessing] calculating distances ...
2026-03-07 17:57:57: [retrieval_preprocessing] finished and saved retrieval indices for episode 100420 [episode count 3/39]
[retrieval_preprocessing] for episode 100421 [episode count 4/39], we have num_retrieval=np.int64(4361) num_query=np.int64(111)
2026-03-07 17:59:04: [retrieval_preprocessing] calculating distances ...
2026-03-07 17:59:04: [retrieval_preprocessing] finished and saved retrieval indices for episode 100421 [episode count 4/39]
[retrieval_preprocessing] for episode 100422 [episode count 5/39], we have num_retrieval=np.int64(4330) num_query=np.int64(142)
2026-03-07 18:00:13: [retrieval_preprocessing] calculating distances ...
2026-03-07 18:00:13: [retrieval_preprocessing] finished and saved retrieval indices for episode 100422 [episode count 5/39]
[retrieval_preprocessing] for episode 100423 [episode count 6/39], we have num_retrieval=np.int64(4365) num_query=np.int64(107)
2026-03-07 18:01:21: [retrieval_preprocessing] calculating distances ...
2026-03-07 18:01:21: [retrieval_preprocessing] finished and saved retrieval indices for episode 100423 [episode count 6/39]
[retrieval_preprocessing] for episode 100424 [episode count 7/39], we have num_retrieval=np.int64(4364) num_query=np.int64(108)
2026-03-07 18:02:29: [retrieval_preprocessing] calculating distances ...
2026-03-07 18:02:29: [retrieval_preprocessing] finished and saved retrieval indices for episode 100424 [episode count 7/39]
[retrieval_preprocessing] for episode 100425 [episode count 8/39], we have num_retrieval=np.int64(4335) num_query=np.int64(137)
2026-03-07 18:03:38: [retrieval_preprocessing] calculating distances ...
2026-03-07 18:03:38: [retrieval_preprocessing] finished and saved retrieval indices for episode 100425 [episode count 8/39]
[retrieval_preprocessing] for episode 100426 [episode count 9/39], we have num_retrieval=np.int64(4374) num_query=np.int64(98)
2026-03-07 18:04:46: [retrieval_preprocessing] calculating distances ...
2026-03-07 18:04:47: [retrieval_preprocessing] finished and saved retrieval indices for episode 100426 [episode count 9/39]
[retrieval_preprocessing] for episode 100427 [episode count 10/39], we have num_retrieval=np.int64(4318) num_query=np.int64(154)
2026-03-07 18:05:54: [retrieval_preprocessing] calculating distances ...
2026-03-07 18:05:55: [retrieval_preprocessing] finished and saved retrieval indices for episode 100427 [episode count 10/39]
[retrieval_preprocessing] for episode 100428 [episode count 11/39], we have num_retrieval=np.int64(4372) num_query=np.int64(100)
2026-03-07 18:07:02: [retrieval_preprocessing] calculating distances ...
2026-03-07 18:07:02: [retrieval_preprocessing] finished and saved retrieval indices for episode 100428 [episode count 11/39]
[retrieval_preprocessing] for episode 100429 [episode count 12/39], we have num_retrieval=np.int64(4381) num_query=np.int64(91)
2026-03-07 18:08:10: [retrieval_preprocessing] calculating distances ...
2026-03-07 18:08:10: [retrieval_preprocessing] finished and saved retrieval indices for episode 100429 [episode count 12/39]
[retrieval_preprocessing] for episode 100430 [episode count 13/39], we have num_retrieval=np.int64(4371) num_query=np.int64(101)
2026-03-07 18:09:19: [retrieval_preprocessing] calculating distances ...
2026-03-07 18:09:19: [retrieval_preprocessing] finished and saved retrieval indices for episode 100430 [episode count 13/39]
[retrieval_preprocessing] for episode 100431 [episode count 14/39], we have num_retrieval=np.int64(4343) num_query=np.int64(129)
2026-03-07 18:10:27: [retrieval_preprocessing] calculating distances ...
2026-03-07 18:10:28: [retrieval_preprocessing] finished and saved retrieval indices for episode 100431 [episode count 14/39]
[retrieval_preprocessing] for episode 100432 [episode count 15/39], we have num_retrieval=np.int64(4374) num_query=np.int64(98)
2026-03-07 18:11:36: [retrieval_preprocessing] calculating distances ...
2026-03-07 18:11:36: [retrieval_preprocessing] finished and saved retrieval indices for episode 100432 [episode count 15/39]
[retrieval_preprocessing] for episode 100433 [episode count 16/39], we have num_retrieval=np.int64(4363) num_query=np.int64(109)
2026-03-07 18:12:44: [retrieval_preprocessing] calculating distances ...
2026-03-07 18:12:45: [retrieval_preprocessing] finished and saved retrieval indices for episode 100433 [episode count 16/39]
[retrieval_preprocessing] for episode 100434 [episode count 17/39], we have num_retrieval=np.int64(4366) num_query=np.int64(106)
2026-03-07 18:13:53: [retrieval_preprocessing] calculating distances ...
2026-03-07 18:13:53: [retrieval_preprocessing] finished and saved retrieval indices for episode 100434 [episode count 17/39]
[retrieval_preprocessing] for episode 100435 [episode count 18/39], we have num_retrieval=np.int64(4354) num_query=np.int64(118)
2026-03-07 18:15:01: [retrieval_preprocessing] calculating distances ...
2026-03-07 18:15:02: [retrieval_preprocessing] finished and saved retrieval indices for episode 100435 [episode count 18/39]
[retrieval_preprocessing] for episode 100436 [episode count 19/39], we have num_retrieval=np.int64(4359) num_query=np.int64(113)
2026-03-07 18:16:10: [retrieval_preprocessing] calculating distances ...
2026-03-07 18:16:10: [retrieval_preprocessing] finished and saved retrieval indices for episode 100436 [episode count 19/39]
[retrieval_preprocessing] for episode 100437 [episode count 20/39], we have num_retrieval=np.int64(4351) num_query=np.int64(121)
2026-03-07 18:17:18: [retrieval_preprocessing] calculating distances ...
2026-03-07 18:17:19: [retrieval_preprocessing] finished and saved retrieval indices for episode 100437 [episode count 20/39]
[retrieval_preprocessing] for episode 100438 [episode count 21/39], we have num_retrieval=np.int64(4370) num_query=np.int64(102)
2026-03-07 18:18:27: [retrieval_preprocessing] calculating distances ...
2026-03-07 18:18:28: [retrieval_preprocessing] finished and saved retrieval indices for episode 100438 [episode count 21/39]
[retrieval_preprocessing] for episode 100439 [episode count 22/39], we have num_retrieval=np.int64(4353) num_query=np.int64(119)
2026-03-07 18:19:36: [retrieval_preprocessing] calculating distances ...
2026-03-07 18:19:36: [retrieval_preprocessing] finished and saved retrieval indices for episode 100439 [episode count 22/39]
[retrieval_preprocessing] for episode 100440 [episode count 23/39], we have num_retrieval=np.int64(4352) num_query=np.int64(120)
2026-03-07 18:20:46: [retrieval_preprocessing] calculating distances ...
2026-03-07 18:20:46: [retrieval_preprocessing] finished and saved retrieval indices for episode 100440 [episode count 23/39]
[retrieval_preprocessing] for episode 100441 [episode count 24/39], we have num_retrieval=np.int64(4362) num_query=np.int64(110)
2026-03-07 18:21:55: [retrieval_preprocessing] calculating distances ...
2026-03-07 18:21:55: [retrieval_preprocessing] finished and saved retrieval indices for episode 100441 [episode count 24/39]
[retrieval_preprocessing] for episode 100442 [episode count 25/39], we have num_retrieval=np.int64(4370) num_query=np.int64(102)
2026-03-07 18:23:04: [retrieval_preprocessing] calculating distances ...
2026-03-07 18:23:04: [retrieval_preprocessing] finished and saved retrieval indices for episode 100442 [episode count 25/39]
[retrieval_preprocessing] for episode 100443 [episode count 26/39], we have num_retrieval=np.int64(4344) num_query=np.int64(128)
2026-03-07 18:24:12: [retrieval_preprocessing] calculating distances ...
2026-03-07 18:24:13: [retrieval_preprocessing] finished and saved retrieval indices for episode 100443 [episode count 26/39]
[retrieval_preprocessing] for episode 100444 [episode count 27/39], we have num_retrieval=np.int64(4344) num_query=np.int64(128)
2026-03-07 18:25:21: [retrieval_preprocessing] calculating distances ...
2026-03-07 18:25:21: [retrieval_preprocessing] finished and saved retrieval indices for episode 100444 [episode count 27/39]
[retrieval_preprocessing] for episode 100445 [episode count 28/39], we have num_retrieval=np.int64(4356) num_query=np.int64(116)
2026-03-07 18:26:29: [retrieval_preprocessing] calculating distances ...
2026-03-07 18:26:30: [retrieval_preprocessing] finished and saved retrieval indices for episode 100445 [episode count 28/39]
[retrieval_preprocessing] for episode 100446 [episode count 29/39], we have num_retrieval=np.int64(4360) num_query=np.int64(112)
2026-03-07 18:27:38: [retrieval_preprocessing] calculating distances ...
2026-03-07 18:27:38: [retrieval_preprocessing] finished and saved retrieval indices for episode 100446 [episode count 29/39]
[retrieval_preprocessing] for episode 100447 [episode count 30/39], we have num_retrieval=np.int64(4355) num_query=np.int64(117)
2026-03-07 18:28:48: [retrieval_preprocessing] calculating distances ...
2026-03-07 18:28:48: [retrieval_preprocessing] finished and saved retrieval indices for episode 100447 [episode count 30/39]
[retrieval_preprocessing] for episode 100448 [episode count 31/39], we have num_retrieval=np.int64(4341) num_query=np.int64(131)
2026-03-07 18:29:57: [retrieval_preprocessing] calculating distances ...
2026-03-07 18:29:57: [retrieval_preprocessing] finished and saved retrieval indices for episode 100448 [episode count 31/39]
[retrieval_preprocessing] for episode 100449 [episode count 32/39], we have num_retrieval=np.int64(4361) num_query=np.int64(111)
2026-03-07 18:31:06: [retrieval_preprocessing] calculating distances ...
2026-03-07 18:31:06: [retrieval_preprocessing] finished and saved retrieval indices for episode 100449 [episode count 32/39]
[retrieval_preprocessing] for episode 100450 [episode count 33/39], we have num_retrieval=np.int64(4374) num_query=np.int64(98)
2026-03-07 18:32:14: [retrieval_preprocessing] calculating distances ...
2026-03-07 18:32:14: [retrieval_preprocessing] finished and saved retrieval indices for episode 100450 [episode count 33/39]
[retrieval_preprocessing] for episode 100451 [episode count 34/39], we have num_retrieval=np.int64(4362) num_query=np.int64(110)
2026-03-07 18:33:23: [retrieval_preprocessing] calculating distances ...
2026-03-07 18:33:23: [retrieval_preprocessing] finished and saved retrieval indices for episode 100451 [episode count 34/39]
[retrieval_preprocessing] for episode 100452 [episode count 35/39], we have num_retrieval=np.int64(4349) num_query=np.int64(123)
2026-03-07 18:34:31: [retrieval_preprocessing] calculating distances ...
2026-03-07 18:34:31: [retrieval_preprocessing] finished and saved retrieval indices for episode 100452 [episode count 35/39]
[retrieval_preprocessing] for episode 100453 [episode count 36/39], we have num_retrieval=np.int64(4363) num_query=np.int64(109)
2026-03-07 18:35:40: [retrieval_preprocessing] calculating distances ...
2026-03-07 18:35:40: [retrieval_preprocessing] finished and saved retrieval indices for episode 100453 [episode count 36/39]
[retrieval_preprocessing] for episode 100454 [episode count 37/39], we have num_retrieval=np.int64(4372) num_query=np.int64(100)
2026-03-07 18:36:48: [retrieval_preprocessing] calculating distances ...
2026-03-07 18:36:48: [retrieval_preprocessing] finished and saved retrieval indices for episode 100454 [episode count 37/39]
[retrieval_preprocessing] for episode 100455 [episode count 38/39], we have num_retrieval=np.int64(4351) num_query=np.int64(121)
2026-03-07 18:37:56: [retrieval_preprocessing] calculating distances ...
2026-03-07 18:37:57: [retrieval_preprocessing] finished and saved retrieval indices for episode 100455 [episode count 38/39]
2026-03-07 18:37:57: [retrieval_preprocessing] finished for libero_collected_demos_training/pick_up_the_black_bowl_on_the_ramekin_and_place_it_on_the_plate [chosen_id count 10/32]
2026-03-07 18:38:06: [retrieval_preprocessing] concatenated all embeddings and indices for 50 episodes for libero_collected_demos_training/pick_up_the_chocolate_pudding_and_place_it_in_the_basket [chosen_id count 11/32]
2026-03-07 18:38:06: [retrieval_preprocessing] we have num_total=7964 embedding_dim=49152
[retrieval_preprocessing] for episode 100456 [episode count 0/50], we have num_retrieval=np.int64(7815) num_query=np.int64(149)
2026-03-07 18:39:26: [retrieval_preprocessing] calculating distances ...
2026-03-07 18:39:27: [retrieval_preprocessing] finished and saved retrieval indices for episode 100456 [episode count 0/50]
[retrieval_preprocessing] for episode 100457 [episode count 1/50], we have num_retrieval=np.int64(7814) num_query=np.int64(150)
2026-03-07 18:40:43: [retrieval_preprocessing] calculating distances ...
2026-03-07 18:40:43: [retrieval_preprocessing] finished and saved retrieval indices for episode 100457 [episode count 1/50]
[retrieval_preprocessing] for episode 100458 [episode count 2/50], we have num_retrieval=np.int64(7802) num_query=np.int64(162)
2026-03-07 18:41:58: [retrieval_preprocessing] calculating distances ...
2026-03-07 18:41:59: [retrieval_preprocessing] finished and saved retrieval indices for episode 100458 [episode count 2/50]
[retrieval_preprocessing] for episode 100459 [episode count 3/50], we have num_retrieval=np.int64(7802) num_query=np.int64(162)
2026-03-07 18:43:14: [retrieval_preprocessing] calculating distances ...
2026-03-07 18:43:14: [retrieval_preprocessing] finished and saved retrieval indices for episode 100459 [episode count 3/50]
[retrieval_preprocessing] for episode 100460 [episode count 4/50], we have num_retrieval=np.int64(7795) num_query=np.int64(169)
2026-03-07 18:44:30: [retrieval_preprocessing] calculating distances ...
2026-03-07 18:44:30: [retrieval_preprocessing] finished and saved retrieval indices for episode 100460 [episode count 4/50]
[retrieval_preprocessing] for episode 100461 [episode count 5/50], we have num_retrieval=np.int64(7807) num_query=np.int64(157)
2026-03-07 18:45:46: [retrieval_preprocessing] calculating distances ...
2026-03-07 18:45:47: [retrieval_preprocessing] finished and saved retrieval indices for episode 100461 [episode count 5/50]
[retrieval_preprocessing] for episode 100462 [episode count 6/50], we have num_retrieval=np.int64(7799) num_query=np.int64(165)
2026-03-07 18:47:02: [retrieval_preprocessing] calculating distances ...
2026-03-07 18:47:02: [retrieval_preprocessing] finished and saved retrieval indices for episode 100462 [episode count 6/50]
[retrieval_preprocessing] for episode 100463 [episode count 7/50], we have num_retrieval=np.int64(7806) num_query=np.int64(158)
2026-03-07 18:48:18: [retrieval_preprocessing] calculating distances ...
2026-03-07 18:48:19: [retrieval_preprocessing] finished and saved retrieval indices for episode 100463 [episode count 7/50]
[retrieval_preprocessing] for episode 100464 [episode count 8/50], we have num_retrieval=np.int64(7811) num_query=np.int64(153)
2026-03-07 18:49:35: [retrieval_preprocessing] calculating distances ...
2026-03-07 18:49:35: [retrieval_preprocessing] finished and saved retrieval indices for episode 100464 [episode count 8/50]
[retrieval_preprocessing] for episode 100465 [episode count 9/50], we have num_retrieval=np.int64(7816) num_query=np.int64(148)
2026-03-07 18:50:51: [retrieval_preprocessing] calculating distances ...
2026-03-07 18:50:51: [retrieval_preprocessing] finished and saved retrieval indices for episode 100465 [episode count 9/50]
[retrieval_preprocessing] for episode 100466 [episode count 10/50], we have num_retrieval=np.int64(7805) num_query=np.int64(159)
2026-03-07 18:52:07: [retrieval_preprocessing] calculating distances ...
2026-03-07 18:52:08: [retrieval_preprocessing] finished and saved retrieval indices for episode 100466 [episode count 10/50]
[retrieval_preprocessing] for episode 100467 [episode count 11/50], we have num_retrieval=np.int64(7796) num_query=np.int64(168)
2026-03-07 18:53:23: [retrieval_preprocessing] calculating distances ...
2026-03-07 18:53:23: [retrieval_preprocessing] finished and saved retrieval indices for episode 100467 [episode count 11/50]
[retrieval_preprocessing] for episode 100468 [episode count 12/50], we have num_retrieval=np.int64(7813) num_query=np.int64(151)
2026-03-07 18:54:39: [retrieval_preprocessing] calculating distances ...
2026-03-07 18:54:39: [retrieval_preprocessing] finished and saved retrieval indices for episode 100468 [episode count 12/50]
[retrieval_preprocessing] for episode 100469 [episode count 13/50], we have num_retrieval=np.int64(7813) num_query=np.int64(151)
2026-03-07 18:55:55: [retrieval_preprocessing] calculating distances ...
2026-03-07 18:55:56: [retrieval_preprocessing] finished and saved retrieval indices for episode 100469 [episode count 13/50]
[retrieval_preprocessing] for episode 100470 [episode count 14/50], we have num_retrieval=np.int64(7799) num_query=np.int64(165)
2026-03-07 18:57:12: [retrieval_preprocessing] calculating distances ...
2026-03-07 18:57:12: [retrieval_preprocessing] finished and saved retrieval indices for episode 100470 [episode count 14/50]
[retrieval_preprocessing] for episode 100471 [episode count 15/50], we have num_retrieval=np.int64(7813) num_query=np.int64(151)
2026-03-07 18:58:28: [retrieval_preprocessing] calculating distances ...
2026-03-07 18:58:28: [retrieval_preprocessing] finished and saved retrieval indices for episode 100471 [episode count 15/50]
[retrieval_preprocessing] for episode 100472 [episode count 16/50], we have num_retrieval=np.int64(7809) num_query=np.int64(155)
2026-03-07 18:59:44: [retrieval_preprocessing] calculating distances ...
2026-03-07 18:59:45: [retrieval_preprocessing] finished and saved retrieval indices for episode 100472 [episode count 16/50]
[retrieval_preprocessing] for episode 100473 [episode count 17/50], we have num_retrieval=np.int64(7815) num_query=np.int64(149)
2026-03-07 19:01:01: [retrieval_preprocessing] calculating distances ...
2026-03-07 19:01:01: [retrieval_preprocessing] finished and saved retrieval indices for episode 100473 [episode count 17/50]
[retrieval_preprocessing] for episode 100474 [episode count 18/50], we have num_retrieval=np.int64(7803) num_query=np.int64(161)
2026-03-07 19:02:16: [retrieval_preprocessing] calculating distances ...
2026-03-07 19:02:16: [retrieval_preprocessing] finished and saved retrieval indices for episode 100474 [episode count 18/50]
[retrieval_preprocessing] for episode 100475 [episode count 19/50], we have num_retrieval=np.int64(7801) num_query=np.int64(163)
2026-03-07 19:03:32: [retrieval_preprocessing] calculating distances ...
2026-03-07 19:03:33: [retrieval_preprocessing] finished and saved retrieval indices for episode 100475 [episode count 19/50]
[retrieval_preprocessing] for episode 100476 [episode count 20/50], we have num_retrieval=np.int64(7806) num_query=np.int64(158)
2026-03-07 19:04:49: [retrieval_preprocessing] calculating distances ...
2026-03-07 19:04:49: [retrieval_preprocessing] finished and saved retrieval indices for episode 100476 [episode count 20/50]
[retrieval_preprocessing] for episode 100477 [episode count 21/50], we have num_retrieval=np.int64(7807) num_query=np.int64(157)
2026-03-07 19:06:05: [retrieval_preprocessing] calculating distances ...
2026-03-07 19:06:05: [retrieval_preprocessing] finished and saved retrieval indices for episode 100477 [episode count 21/50]
[retrieval_preprocessing] for episode 100478 [episode count 22/50], we have num_retrieval=np.int64(7806) num_query=np.int64(158)
2026-03-07 19:07:21: [retrieval_preprocessing] calculating distances ...
2026-03-07 19:07:22: [retrieval_preprocessing] finished and saved retrieval indices for episode 100478 [episode count 22/50]
[retrieval_preprocessing] for episode 100479 [episode count 23/50], we have num_retrieval=np.int64(7796) num_query=np.int64(168)
2026-03-07 19:08:38: [retrieval_preprocessing] calculating distances ...
2026-03-07 19:08:38: [retrieval_preprocessing] finished and saved retrieval indices for episode 100479 [episode count 23/50]
[retrieval_preprocessing] for episode 100480 [episode count 24/50], we have num_retrieval=np.int64(7800) num_query=np.int64(164)
2026-03-07 19:09:54: [retrieval_preprocessing] calculating distances ...
2026-03-07 19:09:55: [retrieval_preprocessing] finished and saved retrieval indices for episode 100480 [episode count 24/50]
[retrieval_preprocessing] for episode 100481 [episode count 25/50], we have num_retrieval=np.int64(7806) num_query=np.int64(158)
2026-03-07 19:11:11: [retrieval_preprocessing] calculating distances ...
2026-03-07 19:11:11: [retrieval_preprocessing] finished and saved retrieval indices for episode 100481 [episode count 25/50]
[retrieval_preprocessing] for episode 100482 [episode count 26/50], we have num_retrieval=np.int64(7740) num_query=np.int64(224)
2026-03-07 19:12:27: [retrieval_preprocessing] calculating distances ...
2026-03-07 19:12:28: [retrieval_preprocessing] finished and saved retrieval indices for episode 100482 [episode count 26/50]
[retrieval_preprocessing] for episode 100483 [episode count 27/50], we have num_retrieval=np.int64(7811) num_query=np.int64(153)
2026-03-07 19:13:44: [retrieval_preprocessing] calculating distances ...
2026-03-07 19:13:44: [retrieval_preprocessing] finished and saved retrieval indices for episode 100483 [episode count 27/50]
[retrieval_preprocessing] for episode 100484 [episode count 28/50], we have num_retrieval=np.int64(7803) num_query=np.int64(161)
2026-03-07 19:15:00: [retrieval_preprocessing] calculating distances ...
2026-03-07 19:15:01: [retrieval_preprocessing] finished and saved retrieval indices for episode 100484 [episode count 28/50]
[retrieval_preprocessing] for episode 100485 [episode count 29/50], we have num_retrieval=np.int64(7802) num_query=np.int64(162)
2026-03-07 19:16:16: [retrieval_preprocessing] calculating distances ...
2026-03-07 19:16:17: [retrieval_preprocessing] finished and saved retrieval indices for episode 100485 [episode count 29/50]
[retrieval_preprocessing] for episode 100486 [episode count 30/50], we have num_retrieval=np.int64(7819) num_query=np.int64(145)
2026-03-07 19:17:33: [retrieval_preprocessing] calculating distances ...
2026-03-07 19:17:33: [retrieval_preprocessing] finished and saved retrieval indices for episode 100486 [episode count 30/50]
[retrieval_preprocessing] for episode 100487 [episode count 31/50], we have num_retrieval=np.int64(7810) num_query=np.int64(154)
2026-03-07 19:18:49: [retrieval_preprocessing] calculating distances ...
2026-03-07 19:18:50: [retrieval_preprocessing] finished and saved retrieval indices for episode 100487 [episode count 31/50]
[retrieval_preprocessing] for episode 100488 [episode count 32/50], we have num_retrieval=np.int64(7810) num_query=np.int64(154)
2026-03-07 19:20:06: [retrieval_preprocessing] calculating distances ...
2026-03-07 19:20:06: [retrieval_preprocessing] finished and saved retrieval indices for episode 100488 [episode count 32/50]
[retrieval_preprocessing] for episode 100489 [episode count 33/50], we have num_retrieval=np.int64(7801) num_query=np.int64(163)
2026-03-07 19:21:21: [retrieval_preprocessing] calculating distances ...
2026-03-07 19:21:21: [retrieval_preprocessing] finished and saved retrieval indices for episode 100489 [episode count 33/50]
[retrieval_preprocessing] for episode 100490 [episode count 34/50], we have num_retrieval=np.int64(7814) num_query=np.int64(150)
2026-03-07 19:22:37: [retrieval_preprocessing] calculating distances ...
2026-03-07 19:22:38: [retrieval_preprocessing] finished and saved retrieval indices for episode 100490 [episode count 34/50]
[retrieval_preprocessing] for episode 100491 [episode count 35/50], we have num_retrieval=np.int64(7811) num_query=np.int64(153)
2026-03-07 19:23:54: [retrieval_preprocessing] calculating distances ...
2026-03-07 19:23:54: [retrieval_preprocessing] finished and saved retrieval indices for episode 100491 [episode count 35/50]
[retrieval_preprocessing] for episode 100492 [episode count 36/50], we have num_retrieval=np.int64(7812) num_query=np.int64(152)
2026-03-07 19:25:10: [retrieval_preprocessing] calculating distances ...
2026-03-07 19:25:11: [retrieval_preprocessing] finished and saved retrieval indices for episode 100492 [episode count 36/50]
[retrieval_preprocessing] for episode 100493 [episode count 37/50], we have num_retrieval=np.int64(7804) num_query=np.int64(160)
2026-03-07 19:26:27: [retrieval_preprocessing] calculating distances ...
2026-03-07 19:26:27: [retrieval_preprocessing] finished and saved retrieval indices for episode 100493 [episode count 37/50]
[retrieval_preprocessing] for episode 100494 [episode count 38/50], we have num_retrieval=np.int64(7811) num_query=np.int64(153)
2026-03-07 19:27:43: [retrieval_preprocessing] calculating distances ...
2026-03-07 19:27:44: [retrieval_preprocessing] finished and saved retrieval indices for episode 100494 [episode count 38/50]
[retrieval_preprocessing] for episode 100495 [episode count 39/50], we have num_retrieval=np.int64(7793) num_query=np.int64(171)
2026-03-07 19:28:59: [retrieval_preprocessing] calculating distances ...
2026-03-07 19:29:00: [retrieval_preprocessing] finished and saved retrieval indices for episode 100495 [episode count 39/50]
[retrieval_preprocessing] for episode 100496 [episode count 40/50], we have num_retrieval=np.int64(7803) num_query=np.int64(161)
2026-03-07 19:30:15: [retrieval_preprocessing] calculating distances ...
2026-03-07 19:30:15: [retrieval_preprocessing] finished and saved retrieval indices for episode 100496 [episode count 40/50]
[retrieval_preprocessing] for episode 100497 [episode count 41/50], we have num_retrieval=np.int64(7816) num_query=np.int64(148)
2026-03-07 19:31:31: [retrieval_preprocessing] calculating distances ...
2026-03-07 19:31:32: [retrieval_preprocessing] finished and saved retrieval indices for episode 100497 [episode count 41/50]
[retrieval_preprocessing] for episode 100498 [episode count 42/50], we have num_retrieval=np.int64(7798) num_query=np.int64(166)
2026-03-07 19:32:47: [retrieval_preprocessing] calculating distances ...
2026-03-07 19:32:48: [retrieval_preprocessing] finished and saved retrieval indices for episode 100498 [episode count 42/50]
[retrieval_preprocessing] for episode 100499 [episode count 43/50], we have num_retrieval=np.int64(7795) num_query=np.int64(169)
2026-03-07 19:34:02: [retrieval_preprocessing] calculating distances ...
2026-03-07 19:34:03: [retrieval_preprocessing] finished and saved retrieval indices for episode 100499 [episode count 43/50]
[retrieval_preprocessing] for episode 100500 [episode count 44/50], we have num_retrieval=np.int64(7805) num_query=np.int64(159)
2026-03-07 19:35:18: [retrieval_preprocessing] calculating distances ...
2026-03-07 19:35:19: [retrieval_preprocessing] finished and saved retrieval indices for episode 100500 [episode count 44/50]
[retrieval_preprocessing] for episode 100501 [episode count 45/50], we have num_retrieval=np.int64(7796) num_query=np.int64(168)
2026-03-07 19:36:35: [retrieval_preprocessing] calculating distances ...
2026-03-07 19:36:35: [retrieval_preprocessing] finished and saved retrieval indices for episode 100501 [episode count 45/50]
[retrieval_preprocessing] for episode 100502 [episode count 46/50], we have num_retrieval=np.int64(7802) num_query=np.int64(162)
2026-03-07 19:37:50: [retrieval_preprocessing] calculating distances ...
2026-03-07 19:37:51: [retrieval_preprocessing] finished and saved retrieval indices for episode 100502 [episode count 46/50]
[retrieval_preprocessing] for episode 100503 [episode count 47/50], we have num_retrieval=np.int64(7814) num_query=np.int64(150)
2026-03-07 19:39:06: [retrieval_preprocessing] calculating distances ...
2026-03-07 19:39:06: [retrieval_preprocessing] finished and saved retrieval indices for episode 100503 [episode count 47/50]
[retrieval_preprocessing] for episode 100504 [episode count 48/50], we have num_retrieval=np.int64(7815) num_query=np.int64(149)
2026-03-07 19:40:22: [retrieval_preprocessing] calculating distances ...
2026-03-07 19:40:23: [retrieval_preprocessing] finished and saved retrieval indices for episode 100504 [episode count 48/50]
[retrieval_preprocessing] for episode 100505 [episode count 49/50], we have num_retrieval=np.int64(7796) num_query=np.int64(168)
2026-03-07 19:41:39: [retrieval_preprocessing] calculating distances ...
2026-03-07 19:41:40: [retrieval_preprocessing] finished and saved retrieval indices for episode 100505 [episode count 49/50]
2026-03-07 19:41:40: [retrieval_preprocessing] finished for libero_collected_demos_training/pick_up_the_chocolate_pudding_and_place_it_in_the_basket [chosen_id count 11/32]
2026-03-07 19:41:45: [retrieval_preprocessing] concatenated all embeddings and indices for 43 episodes for libero_collected_demos_training/pick_up_the_black_bowl_on_the_cookie_box_and_place_it_on_the_plate [chosen_id count 12/32]
2026-03-07 19:41:45: [retrieval_preprocessing] we have num_total=4287 embedding_dim=49152
[retrieval_preprocessing] for episode 100506 [episode count 0/43], we have num_retrieval=np.int64(4191) num_query=np.int64(96)
2026-03-07 19:42:44: [retrieval_preprocessing] calculating distances ...
2026-03-07 19:42:44: [retrieval_preprocessing] finished and saved retrieval indices for episode 100506 [episode count 0/43]
[retrieval_preprocessing] for episode 100507 [episode count 1/43], we have num_retrieval=np.int64(4190) num_query=np.int64(97)
2026-03-07 19:43:45: [retrieval_preprocessing] calculating distances ...
2026-03-07 19:43:46: [retrieval_preprocessing] finished and saved retrieval indices for episode 100507 [episode count 1/43]
[retrieval_preprocessing] for episode 100508 [episode count 2/43], we have num_retrieval=np.int64(4187) num_query=np.int64(100)
2026-03-07 19:44:45: [retrieval_preprocessing] calculating distances ...
2026-03-07 19:44:45: [retrieval_preprocessing] finished and saved retrieval indices for episode 100508 [episode count 2/43]
[retrieval_preprocessing] for episode 100509 [episode count 3/43], we have num_retrieval=np.int64(4190) num_query=np.int64(97)
2026-03-07 19:45:45: [retrieval_preprocessing] calculating distances ...
2026-03-07 19:45:46: [retrieval_preprocessing] finished and saved retrieval indices for episode 100509 [episode count 3/43]
[retrieval_preprocessing] for episode 100510 [episode count 4/43], we have num_retrieval=np.int64(4176) num_query=np.int64(111)
2026-03-07 19:46:46: [retrieval_preprocessing] calculating distances ...
2026-03-07 19:46:47: [retrieval_preprocessing] finished and saved retrieval indices for episode 100510 [episode count 4/43]
[retrieval_preprocessing] for episode 100511 [episode count 5/43], we have num_retrieval=np.int64(4190) num_query=np.int64(97)
2026-03-07 19:47:48: [retrieval_preprocessing] calculating distances ...
2026-03-07 19:47:48: [retrieval_preprocessing] finished and saved retrieval indices for episode 100511 [episode count 5/43]
[retrieval_preprocessing] for episode 100512 [episode count 6/43], we have num_retrieval=np.int64(4192) num_query=np.int64(95)
2026-03-07 19:48:49: [retrieval_preprocessing] calculating distances ...
2026-03-07 19:48:50: [retrieval_preprocessing] finished and saved retrieval indices for episode 100512 [episode count 6/43]
[retrieval_preprocessing] for episode 100513 [episode count 7/43], we have num_retrieval=np.int64(4195) num_query=np.int64(92)
2026-03-07 19:49:50: [retrieval_preprocessing] calculating distances ...
2026-03-07 19:49:50: [retrieval_preprocessing] finished and saved retrieval indices for episode 100513 [episode count 7/43]
[retrieval_preprocessing] for episode 100514 [episode count 8/43], we have num_retrieval=np.int64(4198) num_query=np.int64(89)
2026-03-07 19:50:50: [retrieval_preprocessing] calculating distances ...
2026-03-07 19:50:50: [retrieval_preprocessing] finished and saved retrieval indices for episode 100514 [episode count 8/43]
[retrieval_preprocessing] for episode 100515 [episode count 9/43], we have num_retrieval=np.int64(4187) num_query=np.int64(100)
2026-03-07 19:51:51: [retrieval_preprocessing] calculating distances ...
2026-03-07 19:51:51: [retrieval_preprocessing] finished and saved retrieval indices for episode 100515 [episode count 9/43]
[retrieval_preprocessing] for episode 100516 [episode count 10/43], we have num_retrieval=np.int64(4191) num_query=np.int64(96)
2026-03-07 19:52:51: [retrieval_preprocessing] calculating distances ...
2026-03-07 19:52:51: [retrieval_preprocessing] finished and saved retrieval indices for episode 100516 [episode count 10/43]
[retrieval_preprocessing] for episode 100517 [episode count 11/43], we have num_retrieval=np.int64(4195) num_query=np.int64(92)
2026-03-07 19:53:52: [retrieval_preprocessing] calculating distances ...
2026-03-07 19:53:53: [retrieval_preprocessing] finished and saved retrieval indices for episode 100517 [episode count 11/43]
[retrieval_preprocessing] for episode 100518 [episode count 12/43], we have num_retrieval=np.int64(4192) num_query=np.int64(95)
2026-03-07 19:54:53: [retrieval_preprocessing] calculating distances ...
2026-03-07 19:54:53: [retrieval_preprocessing] finished and saved retrieval indices for episode 100518 [episode count 12/43]
[retrieval_preprocessing] for episode 100519 [episode count 13/43], we have num_retrieval=np.int64(4184) num_query=np.int64(103)
2026-03-07 19:55:54: [retrieval_preprocessing] calculating distances ...
2026-03-07 19:55:54: [retrieval_preprocessing] finished and saved retrieval indices for episode 100519 [episode count 13/43]
[retrieval_preprocessing] for episode 100520 [episode count 14/43], we have num_retrieval=np.int64(4176) num_query=np.int64(111)
2026-03-07 19:56:53: [retrieval_preprocessing] calculating distances ...
2026-03-07 19:56:53: [retrieval_preprocessing] finished and saved retrieval indices for episode 100520 [episode count 14/43]
[retrieval_preprocessing] for episode 100521 [episode count 15/43], we have num_retrieval=np.int64(4168) num_query=np.int64(119)
2026-03-07 19:57:54: [retrieval_preprocessing] calculating distances ...
2026-03-07 19:57:54: [retrieval_preprocessing] finished and saved retrieval indices for episode 100521 [episode count 15/43]
[retrieval_preprocessing] for episode 100522 [episode count 16/43], we have num_retrieval=np.int64(4188) num_query=np.int64(99)
2026-03-07 19:58:54: [retrieval_preprocessing] calculating distances ...
2026-03-07 19:58:54: [retrieval_preprocessing] finished and saved retrieval indices for episode 100522 [episode count 16/43]
[retrieval_preprocessing] for episode 100523 [episode count 17/43], we have num_retrieval=np.int64(4191) num_query=np.int64(96)
2026-03-07 19:59:55: [retrieval_preprocessing] calculating distances ...
2026-03-07 19:59:55: [retrieval_preprocessing] finished and saved retrieval indices for episode 100523 [episode count 17/43]
[retrieval_preprocessing] for episode 100524 [episode count 18/43], we have num_retrieval=np.int64(4197) num_query=np.int64(90)
2026-03-07 20:00:55: [retrieval_preprocessing] calculating distances ...
2026-03-07 20:00:55: [retrieval_preprocessing] finished and saved retrieval indices for episode 100524 [episode count 18/43]
[retrieval_preprocessing] for episode 100525 [episode count 19/43], we have num_retrieval=np.int64(4186) num_query=np.int64(101)
2026-03-07 20:01:57: [retrieval_preprocessing] calculating distances ...
2026-03-07 20:01:57: [retrieval_preprocessing] finished and saved retrieval indices for episode 100525 [episode count 19/43]
[retrieval_preprocessing] for episode 100526 [episode count 20/43], we have num_retrieval=np.int64(4187) num_query=np.int64(100)
2026-03-07 20:02:56: [retrieval_preprocessing] calculating distances ...
2026-03-07 20:02:56: [retrieval_preprocessing] finished and saved retrieval indices for episode 100526 [episode count 20/43]
[retrieval_preprocessing] for episode 100527 [episode count 21/43], we have num_retrieval=np.int64(4188) num_query=np.int64(99)
2026-03-07 20:03:56: [retrieval_preprocessing] calculating distances ...
2026-03-07 20:03:56: [retrieval_preprocessing] finished and saved retrieval indices for episode 100527 [episode count 21/43]
[retrieval_preprocessing] for episode 100528 [episode count 22/43], we have num_retrieval=np.int64(4184) num_query=np.int64(103)
2026-03-07 20:04:55: [retrieval_preprocessing] calculating distances ...
2026-03-07 20:04:55: [retrieval_preprocessing] finished and saved retrieval indices for episode 100528 [episode count 22/43]
[retrieval_preprocessing] for episode 100529 [episode count 23/43], we have num_retrieval=np.int64(4191) num_query=np.int64(96)
2026-03-07 20:05:55: [retrieval_preprocessing] calculating distances ...
2026-03-07 20:05:56: [retrieval_preprocessing] finished and saved retrieval indices for episode 100529 [episode count 23/43]
[retrieval_preprocessing] for episode 100530 [episode count 24/43], we have num_retrieval=np.int64(4189) num_query=np.int64(98)
2026-03-07 20:06:56: [retrieval_preprocessing] calculating distances ...
2026-03-07 20:06:56: [retrieval_preprocessing] finished and saved retrieval indices for episode 100530 [episode count 24/43]
[retrieval_preprocessing] for episode 100531 [episode count 25/43], we have num_retrieval=np.int64(4188) num_query=np.int64(99)
2026-03-07 20:07:55: [retrieval_preprocessing] calculating distances ...
2026-03-07 20:07:55: [retrieval_preprocessing] finished and saved retrieval indices for episode 100531 [episode count 25/43]
[retrieval_preprocessing] for episode 100532 [episode count 26/43], we have num_retrieval=np.int64(4198) num_query=np.int64(89)
2026-03-07 20:08:55: [retrieval_preprocessing] calculating distances ...
2026-03-07 20:08:55: [retrieval_preprocessing] finished and saved retrieval indices for episode 100532 [episode count 26/43]
[retrieval_preprocessing] for episode 100533 [episode count 27/43], we have num_retrieval=np.int64(4172) num_query=np.int64(115)
2026-03-07 20:09:54: [retrieval_preprocessing] calculating distances ...
2026-03-07 20:09:55: [retrieval_preprocessing] finished and saved retrieval indices for episode 100533 [episode count 27/43]
[retrieval_preprocessing] for episode 100534 [episode count 28/43], we have num_retrieval=np.int64(4190) num_query=np.int64(97)
2026-03-07 20:10:55: [retrieval_preprocessing] calculating distances ...
2026-03-07 20:10:55: [retrieval_preprocessing] finished and saved retrieval indices for episode 100534 [episode count 28/43]
[retrieval_preprocessing] for episode 100535 [episode count 29/43], we have num_retrieval=np.int64(4185) num_query=np.int64(102)
2026-03-07 20:11:56: [retrieval_preprocessing] calculating distances ...
2026-03-07 20:11:57: [retrieval_preprocessing] finished and saved retrieval indices for episode 100535 [episode count 29/43]
[retrieval_preprocessing] for episode 100536 [episode count 30/43], we have num_retrieval=np.int64(4186) num_query=np.int64(101)
2026-03-07 20:12:56: [retrieval_preprocessing] calculating distances ...
2026-03-07 20:12:56: [retrieval_preprocessing] finished and saved retrieval indices for episode 100536 [episode count 30/43]
[retrieval_preprocessing] for episode 100537 [episode count 31/43], we have num_retrieval=np.int64(4195) num_query=np.int64(92)
2026-03-07 20:13:56: [retrieval_preprocessing] calculating distances ...
2026-03-07 20:13:57: [retrieval_preprocessing] finished and saved retrieval indices for episode 100537 [episode count 31/43]
[retrieval_preprocessing] for episode 100538 [episode count 32/43], we have num_retrieval=np.int64(4191) num_query=np.int64(96)
2026-03-07 20:14:56: [retrieval_preprocessing] calculating distances ...
2026-03-07 20:14:56: [retrieval_preprocessing] finished and saved retrieval indices for episode 100538 [episode count 32/43]
[retrieval_preprocessing] for episode 100539 [episode count 33/43], we have num_retrieval=np.int64(4188) num_query=np.int64(99)
2026-03-07 20:15:56: [retrieval_preprocessing] calculating distances ...
2026-03-07 20:15:56: [retrieval_preprocessing] finished and saved retrieval indices for episode 100539 [episode count 33/43]
[retrieval_preprocessing] for episode 100540 [episode count 34/43], we have num_retrieval=np.int64(4201) num_query=np.int64(86)
2026-03-07 20:16:56: [retrieval_preprocessing] calculating distances ...
2026-03-07 20:16:56: [retrieval_preprocessing] finished and saved retrieval indices for episode 100540 [episode count 34/43]
[retrieval_preprocessing] for episode 100541 [episode count 35/43], we have num_retrieval=np.int64(4192) num_query=np.int64(95)
2026-03-07 20:17:56: [retrieval_preprocessing] calculating distances ...
2026-03-07 20:17:56: [retrieval_preprocessing] finished and saved retrieval indices for episode 100541 [episode count 35/43]
[retrieval_preprocessing] for episode 100542 [episode count 36/43], we have num_retrieval=np.int64(4197) num_query=np.int64(90)
2026-03-07 20:18:55: [retrieval_preprocessing] calculating distances ...
2026-03-07 20:18:56: [retrieval_preprocessing] finished and saved retrieval indices for episode 100542 [episode count 36/43]
[retrieval_preprocessing] for episode 100543 [episode count 37/43], we have num_retrieval=np.int64(4181) num_query=np.int64(106)
2026-03-07 20:19:56: [retrieval_preprocessing] calculating distances ...
2026-03-07 20:19:56: [retrieval_preprocessing] finished and saved retrieval indices for episode 100543 [episode count 37/43]
[retrieval_preprocessing] for episode 100544 [episode count 38/43], we have num_retrieval=np.int64(4176) num_query=np.int64(111)
2026-03-07 20:20:55: [retrieval_preprocessing] calculating distances ...
2026-03-07 20:20:56: [retrieval_preprocessing] finished and saved retrieval indices for episode 100544 [episode count 38/43]
[retrieval_preprocessing] for episode 100545 [episode count 39/43], we have num_retrieval=np.int64(4186) num_query=np.int64(101)
2026-03-07 20:21:56: [retrieval_preprocessing] calculating distances ...
2026-03-07 20:21:56: [retrieval_preprocessing] finished and saved retrieval indices for episode 100545 [episode count 39/43]
[retrieval_preprocessing] for episode 100546 [episode count 40/43], we have num_retrieval=np.int64(4158) num_query=np.int64(129)
2026-03-07 20:22:56: [retrieval_preprocessing] calculating distances ...
2026-03-07 20:22:56: [retrieval_preprocessing] finished and saved retrieval indices for episode 100546 [episode count 40/43]
[retrieval_preprocessing] for episode 100547 [episode count 41/43], we have num_retrieval=np.int64(4174) num_query=np.int64(113)
2026-03-07 20:23:57: [retrieval_preprocessing] calculating distances ...
2026-03-07 20:23:57: [retrieval_preprocessing] finished and saved retrieval indices for episode 100547 [episode count 41/43]
[retrieval_preprocessing] for episode 100548 [episode count 42/43], we have num_retrieval=np.int64(4193) num_query=np.int64(94)
2026-03-07 20:24:56: [retrieval_preprocessing] calculating distances ...
2026-03-07 20:24:56: [retrieval_preprocessing] finished and saved retrieval indices for episode 100548 [episode count 42/43]
2026-03-07 20:24:56: [retrieval_preprocessing] finished for libero_collected_demos_training/pick_up_the_black_bowl_on_the_cookie_box_and_place_it_on_the_plate [chosen_id count 12/32]
2026-03-07 20:25:04: [retrieval_preprocessing] concatenated all embeddings and indices for 42 episodes for libero_collected_demos_training/pick_up_the_black_bowl_in_the_top_drawer_of_the_wooden_cabinet_and_place_it_on_the_plate [chosen_id count 13/32]
2026-03-07 20:25:04: [retrieval_preprocessing] we have num_total=6257 embedding_dim=49152
[retrieval_preprocessing] for episode 100549 [episode count 0/42], we have num_retrieval=np.int64(6095) num_query=np.int64(162)
2026-03-07 20:26:08: [retrieval_preprocessing] calculating distances ...
2026-03-07 20:26:08: [retrieval_preprocessing] finished and saved retrieval indices for episode 100549 [episode count 0/42]
[retrieval_preprocessing] for episode 100550 [episode count 1/42], we have num_retrieval=np.int64(6123) num_query=np.int64(134)
2026-03-07 20:27:14: [retrieval_preprocessing] calculating distances ...
2026-03-07 20:27:14: [retrieval_preprocessing] finished and saved retrieval indices for episode 100550 [episode count 1/42]
[retrieval_preprocessing] for episode 100551 [episode count 2/42], we have num_retrieval=np.int64(6098) num_query=np.int64(159)
2026-03-07 20:28:20: [retrieval_preprocessing] calculating distances ...
2026-03-07 20:28:20: [retrieval_preprocessing] finished and saved retrieval indices for episode 100551 [episode count 2/42]
[retrieval_preprocessing] for episode 100552 [episode count 3/42], we have num_retrieval=np.int64(6108) num_query=np.int64(149)
2026-03-07 20:29:26: [retrieval_preprocessing] calculating distances ...
2026-03-07 20:29:27: [retrieval_preprocessing] finished and saved retrieval indices for episode 100552 [episode count 3/42]
[retrieval_preprocessing] for episode 100553 [episode count 4/42], we have num_retrieval=np.int64(6101) num_query=np.int64(156)
2026-03-07 20:30:32: [retrieval_preprocessing] calculating distances ...
2026-03-07 20:30:33: [retrieval_preprocessing] finished and saved retrieval indices for episode 100553 [episode count 4/42]
[retrieval_preprocessing] for episode 100554 [episode count 5/42], we have num_retrieval=np.int64(6114) num_query=np.int64(143)
2026-03-07 20:31:40: [retrieval_preprocessing] calculating distances ...
2026-03-07 20:31:40: [retrieval_preprocessing] finished and saved retrieval indices for episode 100554 [episode count 5/42]
[retrieval_preprocessing] for episode 100555 [episode count 6/42], we have num_retrieval=np.int64(6090) num_query=np.int64(167)
2026-03-07 20:32:46: [retrieval_preprocessing] calculating distances ...
2026-03-07 20:32:47: [retrieval_preprocessing] finished and saved retrieval indices for episode 100555 [episode count 6/42]
[retrieval_preprocessing] for episode 100556 [episode count 7/42], we have num_retrieval=np.int64(6125) num_query=np.int64(132)
2026-03-07 20:33:51: [retrieval_preprocessing] calculating distances ...
2026-03-07 20:33:52: [retrieval_preprocessing] finished and saved retrieval indices for episode 100556 [episode count 7/42]
[retrieval_preprocessing] for episode 100557 [episode count 8/42], we have num_retrieval=np.int64(6099) num_query=np.int64(158)
2026-03-07 20:34:58: [retrieval_preprocessing] calculating distances ...
2026-03-07 20:34:58: [retrieval_preprocessing] finished and saved retrieval indices for episode 100557 [episode count 8/42]
[retrieval_preprocessing] for episode 100558 [episode count 9/42], we have num_retrieval=np.int64(6120) num_query=np.int64(137)
2026-03-07 20:36:04: [retrieval_preprocessing] calculating distances ...
2026-03-07 20:36:05: [retrieval_preprocessing] finished and saved retrieval indices for episode 100558 [episode count 9/42]
[retrieval_preprocessing] for episode 100559 [episode count 10/42], we have num_retrieval=np.int64(6101) num_query=np.int64(156)
2026-03-07 20:37:11: [retrieval_preprocessing] calculating distances ...
2026-03-07 20:37:11: [retrieval_preprocessing] finished and saved retrieval indices for episode 100559 [episode count 10/42]
[retrieval_preprocessing] for episode 100560 [episode count 11/42], we have num_retrieval=np.int64(6126) num_query=np.int64(131)
2026-03-07 20:38:17: [retrieval_preprocessing] calculating distances ...
2026-03-07 20:38:17: [retrieval_preprocessing] finished and saved retrieval indices for episode 100560 [episode count 11/42]
[retrieval_preprocessing] for episode 100561 [episode count 12/42], we have num_retrieval=np.int64(6128) num_query=np.int64(129)
2026-03-07 20:39:24: [retrieval_preprocessing] calculating distances ...
2026-03-07 20:39:24: [retrieval_preprocessing] finished and saved retrieval indices for episode 100561 [episode count 12/42]
[retrieval_preprocessing] for episode 100562 [episode count 13/42], we have num_retrieval=np.int64(6088) num_query=np.int64(169)
2026-03-07 20:40:29: [retrieval_preprocessing] calculating distances ...
2026-03-07 20:40:30: [retrieval_preprocessing] finished and saved retrieval indices for episode 100562 [episode count 13/42]
[retrieval_preprocessing] for episode 100563 [episode count 14/42], we have num_retrieval=np.int64(6104) num_query=np.int64(153)
2026-03-07 20:41:36: [retrieval_preprocessing] calculating distances ...
2026-03-07 20:41:36: [retrieval_preprocessing] finished and saved retrieval indices for episode 100563 [episode count 14/42]
[retrieval_preprocessing] for episode 100564 [episode count 15/42], we have num_retrieval=np.int64(6099) num_query=np.int64(158)
2026-03-07 20:42:41: [retrieval_preprocessing] calculating distances ...
2026-03-07 20:42:42: [retrieval_preprocessing] finished and saved retrieval indices for episode 100564 [episode count 15/42]
[retrieval_preprocessing] for episode 100565 [episode count 16/42], we have num_retrieval=np.int64(6092) num_query=np.int64(165)
2026-03-07 20:43:49: [retrieval_preprocessing] calculating distances ...
2026-03-07 20:43:49: [retrieval_preprocessing] finished and saved retrieval indices for episode 100565 [episode count 16/42]
[retrieval_preprocessing] for episode 100566 [episode count 17/42], we have num_retrieval=np.int64(6106) num_query=np.int64(151)
2026-03-07 20:44:55: [retrieval_preprocessing] calculating distances ...
2026-03-07 20:44:56: [retrieval_preprocessing] finished and saved retrieval indices for episode 100566 [episode count 17/42]
[retrieval_preprocessing] for episode 100567 [episode count 18/42], we have num_retrieval=np.int64(6094) num_query=np.int64(163)
2026-03-07 20:46:01: [retrieval_preprocessing] calculating distances ...
2026-03-07 20:46:01: [retrieval_preprocessing] finished and saved retrieval indices for episode 100567 [episode count 18/42]
[retrieval_preprocessing] for episode 100568 [episode count 19/42], we have num_retrieval=np.int64(6110) num_query=np.int64(147)
2026-03-07 20:47:07: [retrieval_preprocessing] calculating distances ...
2026-03-07 20:47:08: [retrieval_preprocessing] finished and saved retrieval indices for episode 100568 [episode count 19/42]
[retrieval_preprocessing] for episode 100569 [episode count 20/42], we have num_retrieval=np.int64(6108) num_query=np.int64(149)
2026-03-07 20:48:13: [retrieval_preprocessing] calculating distances ...
2026-03-07 20:48:13: [retrieval_preprocessing] finished and saved retrieval indices for episode 100569 [episode count 20/42]
[retrieval_preprocessing] for episode 100570 [episode count 21/42], we have num_retrieval=np.int64(6115) num_query=np.int64(142)
2026-03-07 20:49:20: [retrieval_preprocessing] calculating distances ...
2026-03-07 20:49:20: [retrieval_preprocessing] finished and saved retrieval indices for episode 100570 [episode count 21/42]
[retrieval_preprocessing] for episode 100571 [episode count 22/42], we have num_retrieval=np.int64(6125) num_query=np.int64(132)
2026-03-07 20:50:26: [retrieval_preprocessing] calculating distances ...
2026-03-07 20:50:26: [retrieval_preprocessing] finished and saved retrieval indices for episode 100571 [episode count 22/42]
[retrieval_preprocessing] for episode 100572 [episode count 23/42], we have num_retrieval=np.int64(6119) num_query=np.int64(138)
2026-03-07 20:51:32: [retrieval_preprocessing] calculating distances ...
2026-03-07 20:51:33: [retrieval_preprocessing] finished and saved retrieval indices for episode 100572 [episode count 23/42]
[retrieval_preprocessing] for episode 100573 [episode count 24/42], we have num_retrieval=np.int64(6112) num_query=np.int64(145)
2026-03-07 20:52:40: [retrieval_preprocessing] calculating distances ...
2026-03-07 20:52:41: [retrieval_preprocessing] finished and saved retrieval indices for episode 100573 [episode count 24/42]
[retrieval_preprocessing] for episode 100574 [episode count 25/42], we have num_retrieval=np.int64(6085) num_query=np.int64(172)
2026-03-07 20:53:48: [retrieval_preprocessing] calculating distances ...
2026-03-07 20:53:48: [retrieval_preprocessing] finished and saved retrieval indices for episode 100574 [episode count 25/42]
[retrieval_preprocessing] for episode 100575 [episode count 26/42], we have num_retrieval=np.int64(6107) num_query=np.int64(150)
2026-03-07 20:54:54: [retrieval_preprocessing] calculating distances ...
2026-03-07 20:54:55: [retrieval_preprocessing] finished and saved retrieval indices for episode 100575 [episode count 26/42]
[retrieval_preprocessing] for episode 100576 [episode count 27/42], we have num_retrieval=np.int64(6101) num_query=np.int64(156)
2026-03-07 20:56:00: [retrieval_preprocessing] calculating distances ...
2026-03-07 20:56:01: [retrieval_preprocessing] finished and saved retrieval indices for episode 100576 [episode count 27/42]
[retrieval_preprocessing] for episode 100577 [episode count 28/42], we have num_retrieval=np.int64(6118) num_query=np.int64(139)
2026-03-07 20:57:07: [retrieval_preprocessing] calculating distances ...
2026-03-07 20:57:07: [retrieval_preprocessing] finished and saved retrieval indices for episode 100577 [episode count 28/42]
[retrieval_preprocessing] for episode 100578 [episode count 29/42], we have num_retrieval=np.int64(6126) num_query=np.int64(131)
2026-03-07 20:58:14: [retrieval_preprocessing] calculating distances ...
2026-03-07 20:58:15: [retrieval_preprocessing] finished and saved retrieval indices for episode 100578 [episode count 29/42]
[retrieval_preprocessing] for episode 100579 [episode count 30/42], we have num_retrieval=np.int64(6101) num_query=np.int64(156)
2026-03-07 20:59:21: [retrieval_preprocessing] calculating distances ...
2026-03-07 20:59:21: [retrieval_preprocessing] finished and saved retrieval indices for episode 100579 [episode count 30/42]
[retrieval_preprocessing] for episode 100580 [episode count 31/42], we have num_retrieval=np.int64(6119) num_query=np.int64(138)
2026-03-07 21:00:29: [retrieval_preprocessing] calculating distances ...
2026-03-07 21:00:29: [retrieval_preprocessing] finished and saved retrieval indices for episode 100580 [episode count 31/42]
[retrieval_preprocessing] for episode 100581 [episode count 32/42], we have num_retrieval=np.int64(6115) num_query=np.int64(142)
2026-03-07 21:01:36: [retrieval_preprocessing] calculating distances ...
2026-03-07 21:01:36: [retrieval_preprocessing] finished and saved retrieval indices for episode 100581 [episode count 32/42]
[retrieval_preprocessing] for episode 100582 [episode count 33/42], we have num_retrieval=np.int64(6087) num_query=np.int64(170)
2026-03-07 21:02:43: [retrieval_preprocessing] calculating distances ...
2026-03-07 21:02:44: [retrieval_preprocessing] finished and saved retrieval indices for episode 100582 [episode count 33/42]
[retrieval_preprocessing] for episode 100583 [episode count 34/42], we have num_retrieval=np.int64(6123) num_query=np.int64(134)
2026-03-07 21:03:50: [retrieval_preprocessing] calculating distances ...
2026-03-07 21:03:51: [retrieval_preprocessing] finished and saved retrieval indices for episode 100583 [episode count 34/42]
[retrieval_preprocessing] for episode 100584 [episode count 35/42], we have num_retrieval=np.int64(6099) num_query=np.int64(158)
2026-03-07 21:04:58: [retrieval_preprocessing] calculating distances ...
2026-03-07 21:04:58: [retrieval_preprocessing] finished and saved retrieval indices for episode 100584 [episode count 35/42]
[retrieval_preprocessing] for episode 100585 [episode count 36/42], we have num_retrieval=np.int64(6104) num_query=np.int64(153)
2026-03-07 21:06:04: [retrieval_preprocessing] calculating distances ...
2026-03-07 21:06:05: [retrieval_preprocessing] finished and saved retrieval indices for episode 100585 [episode count 36/42]
[retrieval_preprocessing] for episode 100586 [episode count 37/42], we have num_retrieval=np.int64(6075) num_query=np.int64(182)
2026-03-07 21:07:12: [retrieval_preprocessing] calculating distances ...
2026-03-07 21:07:13: [retrieval_preprocessing] finished and saved retrieval indices for episode 100586 [episode count 37/42]
[retrieval_preprocessing] for episode 100587 [episode count 38/42], we have num_retrieval=np.int64(6117) num_query=np.int64(140)
2026-03-07 21:08:20: [retrieval_preprocessing] calculating distances ...
2026-03-07 21:08:20: [retrieval_preprocessing] finished and saved retrieval indices for episode 100587 [episode count 38/42]
[retrieval_preprocessing] for episode 100588 [episode count 39/42], we have num_retrieval=np.int64(6120) num_query=np.int64(137)
2026-03-07 21:09:26: [retrieval_preprocessing] calculating distances ...
2026-03-07 21:09:27: [retrieval_preprocessing] finished and saved retrieval indices for episode 100588 [episode count 39/42]
[retrieval_preprocessing] for episode 100589 [episode count 40/42], we have num_retrieval=np.int64(6110) num_query=np.int64(147)
2026-03-07 21:10:32: [retrieval_preprocessing] calculating distances ...
2026-03-07 21:10:32: [retrieval_preprocessing] finished and saved retrieval indices for episode 100589 [episode count 40/42]
[retrieval_preprocessing] for episode 100590 [episode count 41/42], we have num_retrieval=np.int64(6130) num_query=np.int64(127)
2026-03-07 21:11:39: [retrieval_preprocessing] calculating distances ...
2026-03-07 21:11:39: [retrieval_preprocessing] finished and saved retrieval indices for episode 100590 [episode count 41/42]
2026-03-07 21:11:39: [retrieval_preprocessing] finished for libero_collected_demos_training/pick_up_the_black_bowl_in_the_top_drawer_of_the_wooden_cabinet_and_place_it_on_the_plate [chosen_id count 13/32]
2026-03-07 21:11:52: [retrieval_preprocessing] concatenated all embeddings and indices for 41 episodes for libero_collected_demos_training/turn_on_the_stove_and_put_the_moka_pot_on_it [chosen_id count 14/32]
2026-03-07 21:11:52: [retrieval_preprocessing] we have num_total=10866 embedding_dim=49152
[retrieval_preprocessing] for episode 100591 [episode count 0/41], we have num_retrieval=np.int64(10571) num_query=np.int64(295)
2026-03-07 21:13:41: [retrieval_preprocessing] calculating distances ...
2026-03-07 21:13:42: [retrieval_preprocessing] finished and saved retrieval indices for episode 100591 [episode count 0/41]
[retrieval_preprocessing] for episode 100592 [episode count 1/41], we have num_retrieval=np.int64(10628) num_query=np.int64(238)
2026-03-07 21:15:29: [retrieval_preprocessing] calculating distances ...
2026-03-07 21:15:29: [retrieval_preprocessing] finished and saved retrieval indices for episode 100592 [episode count 1/41]
[retrieval_preprocessing] for episode 100593 [episode count 2/41], we have num_retrieval=np.int64(10565) num_query=np.int64(301)
2026-03-07 21:17:19: [retrieval_preprocessing] calculating distances ...
2026-03-07 21:17:20: [retrieval_preprocessing] finished and saved retrieval indices for episode 100593 [episode count 2/41]
[retrieval_preprocessing] for episode 100594 [episode count 3/41], we have num_retrieval=np.int64(10644) num_query=np.int64(222)
2026-03-07 21:19:11: [retrieval_preprocessing] calculating distances ...
2026-03-07 21:19:12: [retrieval_preprocessing] finished and saved retrieval indices for episode 100594 [episode count 3/41]
[retrieval_preprocessing] for episode 100595 [episode count 4/41], we have num_retrieval=np.int64(10603) num_query=np.int64(263)
2026-03-07 21:21:02: [retrieval_preprocessing] calculating distances ...
2026-03-07 21:21:03: [retrieval_preprocessing] finished and saved retrieval indices for episode 100595 [episode count 4/41]
[retrieval_preprocessing] for episode 100596 [episode count 5/41], we have num_retrieval=np.int64(10631) num_query=np.int64(235)
2026-03-07 21:22:52: [retrieval_preprocessing] calculating distances ...
2026-03-07 21:22:53: [retrieval_preprocessing] finished and saved retrieval indices for episode 100596 [episode count 5/41]
[retrieval_preprocessing] for episode 100597 [episode count 6/41], we have num_retrieval=np.int64(10621) num_query=np.int64(245)
2026-03-07 21:24:42: [retrieval_preprocessing] calculating distances ...
2026-03-07 21:24:43: [retrieval_preprocessing] finished and saved retrieval indices for episode 100597 [episode count 6/41]
[retrieval_preprocessing] for episode 100598 [episode count 7/41], we have num_retrieval=np.int64(10554) num_query=np.int64(312)
2026-03-07 21:26:33: [retrieval_preprocessing] calculating distances ...
2026-03-07 21:26:34: [retrieval_preprocessing] finished and saved retrieval indices for episode 100598 [episode count 7/41]
[retrieval_preprocessing] for episode 100599 [episode count 8/41], we have num_retrieval=np.int64(10616) num_query=np.int64(250)
2026-03-07 21:28:24: [retrieval_preprocessing] calculating distances ...
2026-03-07 21:28:25: [retrieval_preprocessing] finished and saved retrieval indices for episode 100599 [episode count 8/41]
[retrieval_preprocessing] for episode 100600 [episode count 9/41], we have num_retrieval=np.int64(10638) num_query=np.int64(228)
2026-03-07 21:30:14: [retrieval_preprocessing] calculating distances ...
2026-03-07 21:30:14: [retrieval_preprocessing] finished and saved retrieval indices for episode 100600 [episode count 9/41]
[retrieval_preprocessing] for episode 100601 [episode count 10/41], we have num_retrieval=np.int64(10581) num_query=np.int64(285)
2026-03-07 21:32:04: [retrieval_preprocessing] calculating distances ...
2026-03-07 21:32:05: [retrieval_preprocessing] finished and saved retrieval indices for episode 100601 [episode count 10/41]
[retrieval_preprocessing] for episode 100602 [episode count 11/41], we have num_retrieval=np.int64(10624) num_query=np.int64(242)
2026-03-07 21:33:55: [retrieval_preprocessing] calculating distances ...
2026-03-07 21:33:55: [retrieval_preprocessing] finished and saved retrieval indices for episode 100602 [episode count 11/41]
[retrieval_preprocessing] for episode 100603 [episode count 12/41], we have num_retrieval=np.int64(10543) num_query=np.int64(323)
2026-03-07 21:35:47: [retrieval_preprocessing] calculating distances ...
2026-03-07 21:35:48: [retrieval_preprocessing] finished and saved retrieval indices for episode 100603 [episode count 12/41]
[retrieval_preprocessing] for episode 100604 [episode count 13/41], we have num_retrieval=np.int64(10568) num_query=np.int64(298)
2026-03-07 21:37:38: [retrieval_preprocessing] calculating distances ...
2026-03-07 21:37:39: [retrieval_preprocessing] finished and saved retrieval indices for episode 100604 [episode count 13/41]
[retrieval_preprocessing] for episode 100605 [episode count 14/41], we have num_retrieval=np.int64(10611) num_query=np.int64(255)
2026-03-07 21:39:30: [retrieval_preprocessing] calculating distances ...
2026-03-07 21:39:31: [retrieval_preprocessing] finished and saved retrieval indices for episode 100605 [episode count 14/41]
[retrieval_preprocessing] for episode 100606 [episode count 15/41], we have num_retrieval=np.int64(10622) num_query=np.int64(244)
2026-03-07 21:41:24: [retrieval_preprocessing] calculating distances ...
2026-03-07 21:41:24: [retrieval_preprocessing] finished and saved retrieval indices for episode 100606 [episode count 15/41]
[retrieval_preprocessing] for episode 100607 [episode count 16/41], we have num_retrieval=np.int64(10577) num_query=np.int64(289)
2026-03-07 21:43:15: [retrieval_preprocessing] calculating distances ...
2026-03-07 21:43:16: [retrieval_preprocessing] finished and saved retrieval indices for episode 100607 [episode count 16/41]
[retrieval_preprocessing] for episode 100608 [episode count 17/41], we have num_retrieval=np.int64(10597) num_query=np.int64(269)
2026-03-07 21:45:06: [retrieval_preprocessing] calculating distances ...
2026-03-07 21:45:07: [retrieval_preprocessing] finished and saved retrieval indices for episode 100608 [episode count 17/41]
[retrieval_preprocessing] for episode 100609 [episode count 18/41], we have num_retrieval=np.int64(10601) num_query=np.int64(265)
2026-03-07 21:46:57: [retrieval_preprocessing] calculating distances ...
2026-03-07 21:46:57: [retrieval_preprocessing] finished and saved retrieval indices for episode 100609 [episode count 18/41]
[retrieval_preprocessing] for episode 100610 [episode count 19/41], we have num_retrieval=np.int64(10648) num_query=np.int64(218)
2026-03-07 21:48:49: [retrieval_preprocessing] calculating distances ...
2026-03-07 21:48:49: [retrieval_preprocessing] finished and saved retrieval indices for episode 100610 [episode count 19/41]
[retrieval_preprocessing] for episode 100611 [episode count 20/41], we have num_retrieval=np.int64(10618) num_query=np.int64(248)
2026-03-07 21:50:40: [retrieval_preprocessing] calculating distances ...
2026-03-07 21:50:41: [retrieval_preprocessing] finished and saved retrieval indices for episode 100611 [episode count 20/41]
[retrieval_preprocessing] for episode 100612 [episode count 21/41], we have num_retrieval=np.int64(10638) num_query=np.int64(228)
2026-03-07 21:52:31: [retrieval_preprocessing] calculating distances ...
2026-03-07 21:52:32: [retrieval_preprocessing] finished and saved retrieval indices for episode 100612 [episode count 21/41]
[retrieval_preprocessing] for episode 100613 [episode count 22/41], we have num_retrieval=np.int64(10558) num_query=np.int64(308)
2026-03-07 21:54:23: [retrieval_preprocessing] calculating distances ...
2026-03-07 21:54:24: [retrieval_preprocessing] finished and saved retrieval indices for episode 100613 [episode count 22/41]
[retrieval_preprocessing] for episode 100614 [episode count 23/41], we have num_retrieval=np.int64(10587) num_query=np.int64(279)
2026-03-07 21:56:14: [retrieval_preprocessing] calculating distances ...
2026-03-07 21:56:15: [retrieval_preprocessing] finished and saved retrieval indices for episode 100614 [episode count 23/41]
[retrieval_preprocessing] for episode 100615 [episode count 24/41], we have num_retrieval=np.int64(10576) num_query=np.int64(290)
2026-03-07 21:58:05: [retrieval_preprocessing] calculating distances ...
2026-03-07 21:58:06: [retrieval_preprocessing] finished and saved retrieval indices for episode 100615 [episode count 24/41]
[retrieval_preprocessing] for episode 100616 [episode count 25/41], we have num_retrieval=np.int64(10609) num_query=np.int64(257)
2026-03-07 21:59:55: [retrieval_preprocessing] calculating distances ...
2026-03-07 21:59:56: [retrieval_preprocessing] finished and saved retrieval indices for episode 100616 [episode count 25/41]
[retrieval_preprocessing] for episode 100617 [episode count 26/41], we have num_retrieval=np.int64(10559) num_query=np.int64(307)
2026-03-07 22:01:45: [retrieval_preprocessing] calculating distances ...
2026-03-07 22:01:46: [retrieval_preprocessing] finished and saved retrieval indices for episode 100617 [episode count 26/41]
[retrieval_preprocessing] for episode 100618 [episode count 27/41], we have num_retrieval=np.int64(10595) num_query=np.int64(271)
2026-03-07 22:03:34: [retrieval_preprocessing] calculating distances ...
2026-03-07 22:03:35: [retrieval_preprocessing] finished and saved retrieval indices for episode 100618 [episode count 27/41]
[retrieval_preprocessing] for episode 100619 [episode count 28/41], we have num_retrieval=np.int64(10605) num_query=np.int64(261)
2026-03-07 22:05:24: [retrieval_preprocessing] calculating distances ...
2026-03-07 22:05:24: [retrieval_preprocessing] finished and saved retrieval indices for episode 100619 [episode count 28/41]
[retrieval_preprocessing] for episode 100620 [episode count 29/41], we have num_retrieval=np.int64(10623) num_query=np.int64(243)
2026-03-07 22:07:15: [retrieval_preprocessing] calculating distances ...
2026-03-07 22:07:16: [retrieval_preprocessing] finished and saved retrieval indices for episode 100620 [episode count 29/41]
[retrieval_preprocessing] for episode 100621 [episode count 30/41], we have num_retrieval=np.int64(10627) num_query=np.int64(239)
2026-03-07 22:09:06: [retrieval_preprocessing] calculating distances ...
2026-03-07 22:09:06: [retrieval_preprocessing] finished and saved retrieval indices for episode 100621 [episode count 30/41]
[retrieval_preprocessing] for episode 100622 [episode count 31/41], we have num_retrieval=np.int64(10626) num_query=np.int64(240)
2026-03-07 22:10:57: [retrieval_preprocessing] calculating distances ...
2026-03-07 22:10:58: [retrieval_preprocessing] finished and saved retrieval indices for episode 100622 [episode count 31/41]
[retrieval_preprocessing] for episode 100623 [episode count 32/41], we have num_retrieval=np.int64(10567) num_query=np.int64(299)
2026-03-07 22:12:46: [retrieval_preprocessing] calculating distances ...
2026-03-07 22:12:47: [retrieval_preprocessing] finished and saved retrieval indices for episode 100623 [episode count 32/41]
[retrieval_preprocessing] for episode 100624 [episode count 33/41], we have num_retrieval=np.int64(10604) num_query=np.int64(262)
2026-03-07 22:14:38: [retrieval_preprocessing] calculating distances ...
2026-03-07 22:14:39: [retrieval_preprocessing] finished and saved retrieval indices for episode 100624 [episode count 33/41]
[retrieval_preprocessing] for episode 100625 [episode count 34/41], we have num_retrieval=np.int64(10605) num_query=np.int64(261)
2026-03-07 22:16:29: [retrieval_preprocessing] calculating distances ...
2026-03-07 22:16:30: [retrieval_preprocessing] finished and saved retrieval indices for episode 100625 [episode count 34/41]
[retrieval_preprocessing] for episode 100626 [episode count 35/41], we have num_retrieval=np.int64(10634) num_query=np.int64(232)
2026-03-07 22:18:20: [retrieval_preprocessing] calculating distances ...
2026-03-07 22:18:21: [retrieval_preprocessing] finished and saved retrieval indices for episode 100626 [episode count 35/41]
[retrieval_preprocessing] for episode 100627 [episode count 36/41], we have num_retrieval=np.int64(10591) num_query=np.int64(275)
2026-03-07 22:20:10: [retrieval_preprocessing] calculating distances ...
2026-03-07 22:20:11: [retrieval_preprocessing] finished and saved retrieval indices for episode 100627 [episode count 36/41]
[retrieval_preprocessing] for episode 100628 [episode count 37/41], we have num_retrieval=np.int64(10588) num_query=np.int64(278)
2026-03-07 22:22:00: [retrieval_preprocessing] calculating distances ...
2026-03-07 22:22:01: [retrieval_preprocessing] finished and saved retrieval indices for episode 100628 [episode count 37/41]
[retrieval_preprocessing] for episode 100629 [episode count 38/41], we have num_retrieval=np.int64(10594) num_query=np.int64(272)
2026-03-07 22:23:50: [retrieval_preprocessing] calculating distances ...
2026-03-07 22:23:51: [retrieval_preprocessing] finished and saved retrieval indices for episode 100629 [episode count 38/41]
[retrieval_preprocessing] for episode 100630 [episode count 39/41], we have num_retrieval=np.int64(10599) num_query=np.int64(267)
2026-03-07 22:25:41: [retrieval_preprocessing] calculating distances ...
2026-03-07 22:25:42: [retrieval_preprocessing] finished and saved retrieval indices for episode 100630 [episode count 39/41]
[retrieval_preprocessing] for episode 100631 [episode count 40/41], we have num_retrieval=np.int64(10594) num_query=np.int64(272)
2026-03-07 22:27:31: [retrieval_preprocessing] calculating distances ...
2026-03-07 22:27:32: [retrieval_preprocessing] finished and saved retrieval indices for episode 100631 [episode count 40/41]
2026-03-07 22:27:32: [retrieval_preprocessing] finished for libero_collected_demos_training/turn_on_the_stove_and_put_the_moka_pot_on_it [chosen_id count 14/32]
2026-03-07 22:27:37: [retrieval_preprocessing] concatenated all embeddings and indices for 35 episodes for libero_collected_demos_training/pick_up_the_black_bowl_on_the_stove_and_place_it_on_the_plate [chosen_id count 15/32]
2026-03-07 22:27:37: [retrieval_preprocessing] we have num_total=4747 embedding_dim=49152
[retrieval_preprocessing] for episode 100632 [episode count 0/35], we have num_retrieval=np.int64(4615) num_query=np.int64(132)
2026-03-07 22:28:41: [retrieval_preprocessing] calculating distances ...
2026-03-07 22:28:42: [retrieval_preprocessing] finished and saved retrieval indices for episode 100632 [episode count 0/35]
[retrieval_preprocessing] for episode 100633 [episode count 1/35], we have num_retrieval=np.int64(4617) num_query=np.int64(130)
2026-03-07 22:29:42: [retrieval_preprocessing] calculating distances ...
2026-03-07 22:29:42: [retrieval_preprocessing] finished and saved retrieval indices for episode 100633 [episode count 1/35]
[retrieval_preprocessing] for episode 100634 [episode count 2/35], we have num_retrieval=np.int64(4580) num_query=np.int64(167)
2026-03-07 22:30:43: [retrieval_preprocessing] calculating distances ...
2026-03-07 22:30:43: [retrieval_preprocessing] finished and saved retrieval indices for episode 100634 [episode count 2/35]
[retrieval_preprocessing] for episode 100635 [episode count 3/35], we have num_retrieval=np.int64(4599) num_query=np.int64(148)
2026-03-07 22:31:45: [retrieval_preprocessing] calculating distances ...
2026-03-07 22:31:45: [retrieval_preprocessing] finished and saved retrieval indices for episode 100635 [episode count 3/35]
[retrieval_preprocessing] for episode 100636 [episode count 4/35], we have num_retrieval=np.int64(4614) num_query=np.int64(133)
2026-03-07 22:32:45: [retrieval_preprocessing] calculating distances ...
2026-03-07 22:32:46: [retrieval_preprocessing] finished and saved retrieval indices for episode 100636 [episode count 4/35]
[retrieval_preprocessing] for episode 100637 [episode count 5/35], we have num_retrieval=np.int64(4622) num_query=np.int64(125)
2026-03-07 22:33:46: [retrieval_preprocessing] calculating distances ...
2026-03-07 22:33:46: [retrieval_preprocessing] finished and saved retrieval indices for episode 100637 [episode count 5/35]
[retrieval_preprocessing] for episode 100638 [episode count 6/35], we have num_retrieval=np.int64(4614) num_query=np.int64(133)
2026-03-07 22:34:47: [retrieval_preprocessing] calculating distances ...
2026-03-07 22:34:48: [retrieval_preprocessing] finished and saved retrieval indices for episode 100638 [episode count 6/35]
[retrieval_preprocessing] for episode 100639 [episode count 7/35], we have num_retrieval=np.int64(4623) num_query=np.int64(124)
2026-03-07 22:35:48: [retrieval_preprocessing] calculating distances ...
2026-03-07 22:35:49: [retrieval_preprocessing] finished and saved retrieval indices for episode 100639 [episode count 7/35]
[retrieval_preprocessing] for episode 100640 [episode count 8/35], we have num_retrieval=np.int64(4607) num_query=np.int64(140)
2026-03-07 22:36:49: [retrieval_preprocessing] calculating distances ...
2026-03-07 22:36:49: [retrieval_preprocessing] finished and saved retrieval indices for episode 100640 [episode count 8/35]
[retrieval_preprocessing] for episode 100641 [episode count 9/35], we have num_retrieval=np.int64(4619) num_query=np.int64(128)
2026-03-07 22:37:50: [retrieval_preprocessing] calculating distances ...
2026-03-07 22:37:50: [retrieval_preprocessing] finished and saved retrieval indices for episode 100641 [episode count 9/35]
[retrieval_preprocessing] for episode 100642 [episode count 10/35], we have num_retrieval=np.int64(4583) num_query=np.int64(164)
2026-03-07 22:38:49: [retrieval_preprocessing] calculating distances ...
2026-03-07 22:38:50: [retrieval_preprocessing] finished and saved retrieval indices for episode 100642 [episode count 10/35]
[retrieval_preprocessing] for episode 100643 [episode count 11/35], we have num_retrieval=np.int64(4603) num_query=np.int64(144)
2026-03-07 22:39:50: [retrieval_preprocessing] calculating distances ...
2026-03-07 22:39:50: [retrieval_preprocessing] finished and saved retrieval indices for episode 100643 [episode count 11/35]
[retrieval_preprocessing] for episode 100644 [episode count 12/35], we have num_retrieval=np.int64(4605) num_query=np.int64(142)
2026-03-07 22:40:52: [retrieval_preprocessing] calculating distances ...
2026-03-07 22:40:52: [retrieval_preprocessing] finished and saved retrieval indices for episode 100644 [episode count 12/35]
[retrieval_preprocessing] for episode 100645 [episode count 13/35], we have num_retrieval=np.int64(4619) num_query=np.int64(128)
2026-03-07 22:41:52: [retrieval_preprocessing] calculating distances ...
2026-03-07 22:41:53: [retrieval_preprocessing] finished and saved retrieval indices for episode 100645 [episode count 13/35]
[retrieval_preprocessing] for episode 100646 [episode count 14/35], we have num_retrieval=np.int64(4602) num_query=np.int64(145)
2026-03-07 22:42:52: [retrieval_preprocessing] calculating distances ...
2026-03-07 22:42:53: [retrieval_preprocessing] finished and saved retrieval indices for episode 100646 [episode count 14/35]
[retrieval_preprocessing] for episode 100647 [episode count 15/35], we have num_retrieval=np.int64(4609) num_query=np.int64(138)
2026-03-07 22:43:52: [retrieval_preprocessing] calculating distances ...
2026-03-07 22:43:52: [retrieval_preprocessing] finished and saved retrieval indices for episode 100647 [episode count 15/35]
[retrieval_preprocessing] for episode 100648 [episode count 16/35], we have num_retrieval=np.int64(4621) num_query=np.int64(126)
2026-03-07 22:44:52: [retrieval_preprocessing] calculating distances ...
2026-03-07 22:44:52: [retrieval_preprocessing] finished and saved retrieval indices for episode 100648 [episode count 16/35]
[retrieval_preprocessing] for episode 100649 [episode count 17/35], we have num_retrieval=np.int64(4607) num_query=np.int64(140)
2026-03-07 22:45:54: [retrieval_preprocessing] calculating distances ...
2026-03-07 22:45:54: [retrieval_preprocessing] finished and saved retrieval indices for episode 100649 [episode count 17/35]
[retrieval_preprocessing] for episode 100650 [episode count 18/35], we have num_retrieval=np.int64(4606) num_query=np.int64(141)
2026-03-07 22:46:54: [retrieval_preprocessing] calculating distances ...
2026-03-07 22:46:55: [retrieval_preprocessing] finished and saved retrieval indices for episode 100650 [episode count 18/35]
[retrieval_preprocessing] for episode 100651 [episode count 19/35], we have num_retrieval=np.int64(4607) num_query=np.int64(140)
2026-03-07 22:47:55: [retrieval_preprocessing] calculating distances ...
2026-03-07 22:47:55: [retrieval_preprocessing] finished and saved retrieval indices for episode 100651 [episode count 19/35]
[retrieval_preprocessing] for episode 100652 [episode count 20/35], we have num_retrieval=np.int64(4610) num_query=np.int64(137)
2026-03-07 22:48:56: [retrieval_preprocessing] calculating distances ...
2026-03-07 22:48:56: [retrieval_preprocessing] finished and saved retrieval indices for episode 100652 [episode count 20/35]
[retrieval_preprocessing] for episode 100653 [episode count 21/35], we have num_retrieval=np.int64(4605) num_query=np.int64(142)
2026-03-07 22:49:57: [retrieval_preprocessing] calculating distances ...
2026-03-07 22:49:57: [retrieval_preprocessing] finished and saved retrieval indices for episode 100653 [episode count 21/35]
[retrieval_preprocessing] for episode 100654 [episode count 22/35], we have num_retrieval=np.int64(4627) num_query=np.int64(120)
2026-03-07 22:50:58: [retrieval_preprocessing] calculating distances ...
2026-03-07 22:50:58: [retrieval_preprocessing] finished and saved retrieval indices for episode 100654 [episode count 22/35]
[retrieval_preprocessing] for episode 100655 [episode count 23/35], we have num_retrieval=np.int64(4623) num_query=np.int64(124)
2026-03-07 22:52:00: [retrieval_preprocessing] calculating distances ...
2026-03-07 22:52:00: [retrieval_preprocessing] finished and saved retrieval indices for episode 100655 [episode count 23/35]
[retrieval_preprocessing] for episode 100656 [episode count 24/35], we have num_retrieval=np.int64(4608) num_query=np.int64(139)
2026-03-07 22:53:01: [retrieval_preprocessing] calculating distances ...
2026-03-07 22:53:01: [retrieval_preprocessing] finished and saved retrieval indices for episode 100656 [episode count 24/35]
[retrieval_preprocessing] for episode 100657 [episode count 25/35], we have num_retrieval=np.int64(4623) num_query=np.int64(124)
2026-03-07 22:54:01: [retrieval_preprocessing] calculating distances ...
2026-03-07 22:54:02: [retrieval_preprocessing] finished and saved retrieval indices for episode 100657 [episode count 25/35]
[retrieval_preprocessing] for episode 100658 [episode count 26/35], we have num_retrieval=np.int64(4612) num_query=np.int64(135)
2026-03-07 22:55:03: [retrieval_preprocessing] calculating distances ...
2026-03-07 22:55:03: [retrieval_preprocessing] finished and saved retrieval indices for episode 100658 [episode count 26/35]
[retrieval_preprocessing] for episode 100659 [episode count 27/35], we have num_retrieval=np.int64(4618) num_query=np.int64(129)
2026-03-07 22:56:04: [retrieval_preprocessing] calculating distances ...
2026-03-07 22:56:04: [retrieval_preprocessing] finished and saved retrieval indices for episode 100659 [episode count 27/35]
[retrieval_preprocessing] for episode 100660 [episode count 28/35], we have num_retrieval=np.int64(4611) num_query=np.int64(136)
2026-03-07 22:57:05: [retrieval_preprocessing] calculating distances ...
2026-03-07 22:57:05: [retrieval_preprocessing] finished and saved retrieval indices for episode 100660 [episode count 28/35]
[retrieval_preprocessing] for episode 100661 [episode count 29/35], we have num_retrieval=np.int64(4618) num_query=np.int64(129)
2026-03-07 22:58:07: [retrieval_preprocessing] calculating distances ...
2026-03-07 22:58:07: [retrieval_preprocessing] finished and saved retrieval indices for episode 100661 [episode count 29/35]
[retrieval_preprocessing] for episode 100662 [episode count 30/35], we have num_retrieval=np.int64(4614) num_query=np.int64(133)
2026-03-07 22:59:08: [retrieval_preprocessing] calculating distances ...
2026-03-07 22:59:09: [retrieval_preprocessing] finished and saved retrieval indices for episode 100662 [episode count 30/35]
[retrieval_preprocessing] for episode 100663 [episode count 31/35], we have num_retrieval=np.int64(4619) num_query=np.int64(128)
2026-03-07 23:00:10: [retrieval_preprocessing] calculating distances ...
2026-03-07 23:00:11: [retrieval_preprocessing] finished and saved retrieval indices for episode 100663 [episode count 31/35]
[retrieval_preprocessing] for episode 100664 [episode count 32/35], we have num_retrieval=np.int64(4617) num_query=np.int64(130)
2026-03-07 23:01:12: [retrieval_preprocessing] calculating distances ...
2026-03-07 23:01:12: [retrieval_preprocessing] finished and saved retrieval indices for episode 100664 [episode count 32/35]
[retrieval_preprocessing] for episode 100665 [episode count 33/35], we have num_retrieval=np.int64(4611) num_query=np.int64(136)
2026-03-07 23:02:13: [retrieval_preprocessing] calculating distances ...
2026-03-07 23:02:14: [retrieval_preprocessing] finished and saved retrieval indices for episode 100665 [episode count 33/35]
[retrieval_preprocessing] for episode 100666 [episode count 34/35], we have num_retrieval=np.int64(4610) num_query=np.int64(137)
2026-03-07 23:03:14: [retrieval_preprocessing] calculating distances ...
2026-03-07 23:03:15: [retrieval_preprocessing] finished and saved retrieval indices for episode 100666 [episode count 34/35]
2026-03-07 23:03:15: [retrieval_preprocessing] finished for libero_collected_demos_training/pick_up_the_black_bowl_on_the_stove_and_place_it_on_the_plate [chosen_id count 15/32]
2026-03-07 23:03:20: [retrieval_preprocessing] concatenated all embeddings and indices for 47 episodes for libero_collected_demos_training/put_the_wine_bottle_on_top_of_the_cabinet [chosen_id count 16/32]
2026-03-07 23:03:20: [retrieval_preprocessing] we have num_total=5004 embedding_dim=49152
[retrieval_preprocessing] for episode 100667 [episode count 0/47], we have num_retrieval=np.int64(4911) num_query=np.int64(93)
2026-03-07 23:04:24: [retrieval_preprocessing] calculating distances ...
2026-03-07 23:04:25: [retrieval_preprocessing] finished and saved retrieval indices for episode 100667 [episode count 0/47]
[retrieval_preprocessing] for episode 100668 [episode count 1/47], we have num_retrieval=np.int64(4917) num_query=np.int64(87)
2026-03-07 23:05:27: [retrieval_preprocessing] calculating distances ...
2026-03-07 23:05:28: [retrieval_preprocessing] finished and saved retrieval indices for episode 100668 [episode count 1/47]
[retrieval_preprocessing] for episode 100669 [episode count 2/47], we have num_retrieval=np.int64(4912) num_query=np.int64(92)
2026-03-07 23:06:30: [retrieval_preprocessing] calculating distances ...
2026-03-07 23:06:30: [retrieval_preprocessing] finished and saved retrieval indices for episode 100669 [episode count 2/47]
[retrieval_preprocessing] for episode 100670 [episode count 3/47], we have num_retrieval=np.int64(4907) num_query=np.int64(97)
2026-03-07 23:07:32: [retrieval_preprocessing] calculating distances ...
2026-03-07 23:07:32: [retrieval_preprocessing] finished and saved retrieval indices for episode 100670 [episode count 3/47]
[retrieval_preprocessing] for episode 100671 [episode count 4/47], we have num_retrieval=np.int64(4897) num_query=np.int64(107)
2026-03-07 23:08:36: [retrieval_preprocessing] calculating distances ...
2026-03-07 23:08:36: [retrieval_preprocessing] finished and saved retrieval indices for episode 100671 [episode count 4/47]
[retrieval_preprocessing] for episode 100672 [episode count 5/47], we have num_retrieval=np.int64(4911) num_query=np.int64(93)
2026-03-07 23:09:38: [retrieval_preprocessing] calculating distances ...
2026-03-07 23:09:38: [retrieval_preprocessing] finished and saved retrieval indices for episode 100672 [episode count 5/47]
[retrieval_preprocessing] for episode 100673 [episode count 6/47], we have num_retrieval=np.int64(4912) num_query=np.int64(92)
2026-03-07 23:10:41: [retrieval_preprocessing] calculating distances ...
2026-03-07 23:10:41: [retrieval_preprocessing] finished and saved retrieval indices for episode 100673 [episode count 6/47]
[retrieval_preprocessing] for episode 100674 [episode count 7/47], we have num_retrieval=np.int64(4912) num_query=np.int64(92)
2026-03-07 23:11:43: [retrieval_preprocessing] calculating distances ...
2026-03-07 23:11:43: [retrieval_preprocessing] finished and saved retrieval indices for episode 100674 [episode count 7/47]
[retrieval_preprocessing] for episode 100675 [episode count 8/47], we have num_retrieval=np.int64(4914) num_query=np.int64(90)
2026-03-07 23:12:46: [retrieval_preprocessing] calculating distances ...
2026-03-07 23:12:46: [retrieval_preprocessing] finished and saved retrieval indices for episode 100675 [episode count 8/47]
[retrieval_preprocessing] for episode 100676 [episode count 9/47], we have num_retrieval=np.int64(4900) num_query=np.int64(104)
2026-03-07 23:13:49: [retrieval_preprocessing] calculating distances ...
2026-03-07 23:13:50: [retrieval_preprocessing] finished and saved retrieval indices for episode 100676 [episode count 9/47]
[retrieval_preprocessing] for episode 100677 [episode count 10/47], we have num_retrieval=np.int64(4903) num_query=np.int64(101)
2026-03-07 23:14:53: [retrieval_preprocessing] calculating distances ...
2026-03-07 23:14:53: [retrieval_preprocessing] finished and saved retrieval indices for episode 100677 [episode count 10/47]
[retrieval_preprocessing] for episode 100678 [episode count 11/47], we have num_retrieval=np.int64(4898) num_query=np.int64(106)
2026-03-07 23:15:55: [retrieval_preprocessing] calculating distances ...
2026-03-07 23:15:56: [retrieval_preprocessing] finished and saved retrieval indices for episode 100678 [episode count 11/47]
[retrieval_preprocessing] for episode 100679 [episode count 12/47], we have num_retrieval=np.int64(4884) num_query=np.int64(120)
2026-03-07 23:16:58: [retrieval_preprocessing] calculating distances ...
2026-03-07 23:16:59: [retrieval_preprocessing] finished and saved retrieval indices for episode 100679 [episode count 12/47]
[retrieval_preprocessing] for episode 100680 [episode count 13/47], we have num_retrieval=np.int64(4911) num_query=np.int64(93)
2026-03-07 23:18:00: [retrieval_preprocessing] calculating distances ...
2026-03-07 23:18:01: [retrieval_preprocessing] finished and saved retrieval indices for episode 100680 [episode count 13/47]
[retrieval_preprocessing] for episode 100681 [episode count 14/47], we have num_retrieval=np.int64(4904) num_query=np.int64(100)
2026-03-07 23:19:03: [retrieval_preprocessing] calculating distances ...
2026-03-07 23:19:04: [retrieval_preprocessing] finished and saved retrieval indices for episode 100681 [episode count 14/47]
[retrieval_preprocessing] for episode 100682 [episode count 15/47], we have num_retrieval=np.int64(4900) num_query=np.int64(104)
2026-03-07 23:20:06: [retrieval_preprocessing] calculating distances ...
2026-03-07 23:20:07: [retrieval_preprocessing] finished and saved retrieval indices for episode 100682 [episode count 15/47]
[retrieval_preprocessing] for episode 100683 [episode count 16/47], we have num_retrieval=np.int64(4905) num_query=np.int64(99)
2026-03-07 23:21:10: [retrieval_preprocessing] calculating distances ...
2026-03-07 23:21:10: [retrieval_preprocessing] finished and saved retrieval indices for episode 100683 [episode count 16/47]
[retrieval_preprocessing] for episode 100684 [episode count 17/47], we have num_retrieval=np.int64(4899) num_query=np.int64(105)
2026-03-07 23:22:13: [retrieval_preprocessing] calculating distances ...
2026-03-07 23:22:13: [retrieval_preprocessing] finished and saved retrieval indices for episode 100684 [episode count 17/47]
[retrieval_preprocessing] for episode 100685 [episode count 18/47], we have num_retrieval=np.int64(4881) num_query=np.int64(123)
2026-03-07 23:23:15: [retrieval_preprocessing] calculating distances ...
2026-03-07 23:23:15: [retrieval_preprocessing] finished and saved retrieval indices for episode 100685 [episode count 18/47]
[retrieval_preprocessing] for episode 100686 [episode count 19/47], we have num_retrieval=np.int64(4890) num_query=np.int64(114)
2026-03-07 23:24:18: [retrieval_preprocessing] calculating distances ...
2026-03-07 23:24:18: [retrieval_preprocessing] finished and saved retrieval indices for episode 100686 [episode count 19/47]
[retrieval_preprocessing] for episode 100687 [episode count 20/47], we have num_retrieval=np.int64(4891) num_query=np.int64(113)
2026-03-07 23:25:21: [retrieval_preprocessing] calculating distances ...
2026-03-07 23:25:21: [retrieval_preprocessing] finished and saved retrieval indices for episode 100687 [episode count 20/47]
[retrieval_preprocessing] for episode 100688 [episode count 21/47], we have num_retrieval=np.int64(4904) num_query=np.int64(100)
2026-03-07 23:26:24: [retrieval_preprocessing] calculating distances ...
2026-03-07 23:26:24: [retrieval_preprocessing] finished and saved retrieval indices for episode 100688 [episode count 21/47]
[retrieval_preprocessing] for episode 100689 [episode count 22/47], we have num_retrieval=np.int64(4897) num_query=np.int64(107)
2026-03-07 23:27:28: [retrieval_preprocessing] calculating distances ...
2026-03-07 23:27:29: [retrieval_preprocessing] finished and saved retrieval indices for episode 100689 [episode count 22/47]
[retrieval_preprocessing] for episode 100690 [episode count 23/47], we have num_retrieval=np.int64(4902) num_query=np.int64(102)
2026-03-07 23:28:31: [retrieval_preprocessing] calculating distances ...
2026-03-07 23:28:31: [retrieval_preprocessing] finished and saved retrieval indices for episode 100690 [episode count 23/47]
[retrieval_preprocessing] for episode 100691 [episode count 24/47], we have num_retrieval=np.int64(4903) num_query=np.int64(101)
2026-03-07 23:29:33: [retrieval_preprocessing] calculating distances ...
2026-03-07 23:29:34: [retrieval_preprocessing] finished and saved retrieval indices for episode 100691 [episode count 24/47]
[retrieval_preprocessing] for episode 100692 [episode count 25/47], we have num_retrieval=np.int64(4904) num_query=np.int64(100)
2026-03-07 23:30:36: [retrieval_preprocessing] calculating distances ...
2026-03-07 23:30:36: [retrieval_preprocessing] finished and saved retrieval indices for episode 100692 [episode count 25/47]
[retrieval_preprocessing] for episode 100693 [episode count 26/47], we have num_retrieval=np.int64(4912) num_query=np.int64(92)
2026-03-07 23:31:39: [retrieval_preprocessing] calculating distances ...
2026-03-07 23:31:40: [retrieval_preprocessing] finished and saved retrieval indices for episode 100693 [episode count 26/47]
[retrieval_preprocessing] for episode 100694 [episode count 27/47], we have num_retrieval=np.int64(4912) num_query=np.int64(92)
2026-03-07 23:32:41: [retrieval_preprocessing] calculating distances ...
2026-03-07 23:32:42: [retrieval_preprocessing] finished and saved retrieval indices for episode 100694 [episode count 27/47]
[retrieval_preprocessing] for episode 100695 [episode count 28/47], we have num_retrieval=np.int64(4891) num_query=np.int64(113)
2026-03-07 23:33:44: [retrieval_preprocessing] calculating distances ...
2026-03-07 23:33:45: [retrieval_preprocessing] finished and saved retrieval indices for episode 100695 [episode count 28/47]
[retrieval_preprocessing] for episode 100696 [episode count 29/47], we have num_retrieval=np.int64(4888) num_query=np.int64(116)
2026-03-07 23:34:47: [retrieval_preprocessing] calculating distances ...
2026-03-07 23:34:48: [retrieval_preprocessing] finished and saved retrieval indices for episode 100696 [episode count 29/47]
[retrieval_preprocessing] for episode 100697 [episode count 30/47], we have num_retrieval=np.int64(4904) num_query=np.int64(100)
2026-03-07 23:35:51: [retrieval_preprocessing] calculating distances ...
2026-03-07 23:35:51: [retrieval_preprocessing] finished and saved retrieval indices for episode 100697 [episode count 30/47]
[retrieval_preprocessing] for episode 100698 [episode count 31/47], we have num_retrieval=np.int64(4888) num_query=np.int64(116)
2026-03-07 23:36:53: [retrieval_preprocessing] calculating distances ...
2026-03-07 23:36:53: [retrieval_preprocessing] finished and saved retrieval indices for episode 100698 [episode count 31/47]
[retrieval_preprocessing] for episode 100699 [episode count 32/47], we have num_retrieval=np.int64(4900) num_query=np.int64(104)
2026-03-07 23:37:56: [retrieval_preprocessing] calculating distances ...
2026-03-07 23:37:56: [retrieval_preprocessing] finished and saved retrieval indices for episode 100699 [episode count 32/47]
[retrieval_preprocessing] for episode 100700 [episode count 33/47], we have num_retrieval=np.int64(4875) num_query=np.int64(129)
2026-03-07 23:38:59: [retrieval_preprocessing] calculating distances ...
2026-03-07 23:38:59: [retrieval_preprocessing] finished and saved retrieval indices for episode 100700 [episode count 33/47]
[retrieval_preprocessing] for episode 100701 [episode count 34/47], we have num_retrieval=np.int64(4904) num_query=np.int64(100)
2026-03-07 23:40:02: [retrieval_preprocessing] calculating distances ...
2026-03-07 23:40:03: [retrieval_preprocessing] finished and saved retrieval indices for episode 100701 [episode count 34/47]
[retrieval_preprocessing] for episode 100702 [episode count 35/47], we have num_retrieval=np.int64(4914) num_query=np.int64(90)
2026-03-07 23:41:06: [retrieval_preprocessing] calculating distances ...
2026-03-07 23:41:06: [retrieval_preprocessing] finished and saved retrieval indices for episode 100702 [episode count 35/47]
[retrieval_preprocessing] for episode 100703 [episode count 36/47], we have num_retrieval=np.int64(4882) num_query=np.int64(122)
2026-03-07 23:42:09: [retrieval_preprocessing] calculating distances ...
2026-03-07 23:42:09: [retrieval_preprocessing] finished and saved retrieval indices for episode 100703 [episode count 36/47]
[retrieval_preprocessing] for episode 100704 [episode count 37/47], we have num_retrieval=np.int64(4858) num_query=np.int64(146)
2026-03-07 23:43:11: [retrieval_preprocessing] calculating distances ...
2026-03-07 23:43:12: [retrieval_preprocessing] finished and saved retrieval indices for episode 100704 [episode count 37/47]
[retrieval_preprocessing] for episode 100705 [episode count 38/47], we have num_retrieval=np.int64(4899) num_query=np.int64(105)
2026-03-07 23:44:14: [retrieval_preprocessing] calculating distances ...
2026-03-07 23:44:14: [retrieval_preprocessing] finished and saved retrieval indices for episode 100705 [episode count 38/47]
[retrieval_preprocessing] for episode 100706 [episode count 39/47], we have num_retrieval=np.int64(4883) num_query=np.int64(121)
2026-03-07 23:45:19: [retrieval_preprocessing] calculating distances ...
2026-03-07 23:45:19: [retrieval_preprocessing] finished and saved retrieval indices for episode 100706 [episode count 39/47]
[retrieval_preprocessing] for episode 100707 [episode count 40/47], we have num_retrieval=np.int64(4890) num_query=np.int64(114)
2026-03-07 23:46:23: [retrieval_preprocessing] calculating distances ...
2026-03-07 23:46:23: [retrieval_preprocessing] finished and saved retrieval indices for episode 100707 [episode count 40/47]
[retrieval_preprocessing] for episode 100708 [episode count 41/47], we have num_retrieval=np.int64(4877) num_query=np.int64(127)
2026-03-07 23:47:26: [retrieval_preprocessing] calculating distances ...
2026-03-07 23:47:26: [retrieval_preprocessing] finished and saved retrieval indices for episode 100708 [episode count 41/47]
[retrieval_preprocessing] for episode 100709 [episode count 42/47], we have num_retrieval=np.int64(4888) num_query=np.int64(116)
2026-03-07 23:48:30: [retrieval_preprocessing] calculating distances ...
2026-03-07 23:48:30: [retrieval_preprocessing] finished and saved retrieval indices for episode 100709 [episode count 42/47]
[retrieval_preprocessing] for episode 100710 [episode count 43/47], we have num_retrieval=np.int64(4874) num_query=np.int64(130)
2026-03-07 23:49:30: [retrieval_preprocessing] calculating distances ...
2026-03-07 23:49:31: [retrieval_preprocessing] finished and saved retrieval indices for episode 100710 [episode count 43/47]
[retrieval_preprocessing] for episode 100711 [episode count 44/47], we have num_retrieval=np.int64(4905) num_query=np.int64(99)
2026-03-07 23:50:34: [retrieval_preprocessing] calculating distances ...
2026-03-07 23:50:34: [retrieval_preprocessing] finished and saved retrieval indices for episode 100711 [episode count 44/47]
[retrieval_preprocessing] for episode 100712 [episode count 45/47], we have num_retrieval=np.int64(4895) num_query=np.int64(109)
2026-03-07 23:51:36: [retrieval_preprocessing] calculating distances ...
2026-03-07 23:51:36: [retrieval_preprocessing] finished and saved retrieval indices for episode 100712 [episode count 45/47]
[retrieval_preprocessing] for episode 100713 [episode count 46/47], we have num_retrieval=np.int64(4876) num_query=np.int64(128)
2026-03-07 23:52:39: [retrieval_preprocessing] calculating distances ...
2026-03-07 23:52:39: [retrieval_preprocessing] finished and saved retrieval indices for episode 100713 [episode count 46/47]
2026-03-07 23:52:39: [retrieval_preprocessing] finished for libero_collected_demos_training/put_the_wine_bottle_on_top_of_the_cabinet [chosen_id count 16/32]
2026-03-07 23:52:54: [retrieval_preprocessing] concatenated all embeddings and indices for 49 episodes for libero_collected_demos_training/put_both_the_cream_cheese_box_and_the_butter_in_the_basket [chosen_id count 17/32]
2026-03-07 23:52:54: [retrieval_preprocessing] we have num_total=12702 embedding_dim=49152
[retrieval_preprocessing] for episode 100714 [episode count 0/49], we have num_retrieval=np.int64(12445) num_query=np.int64(257)
2026-03-07 23:54:48: [retrieval_preprocessing] calculating distances ...
2026-03-07 23:54:49: [retrieval_preprocessing] finished and saved retrieval indices for episode 100714 [episode count 0/49]
[retrieval_preprocessing] for episode 100715 [episode count 1/49], we have num_retrieval=np.int64(12456) num_query=np.int64(246)
2026-03-07 23:56:44: [retrieval_preprocessing] calculating distances ...
2026-03-07 23:56:45: [retrieval_preprocessing] finished and saved retrieval indices for episode 100715 [episode count 1/49]
[retrieval_preprocessing] for episode 100716 [episode count 2/49], we have num_retrieval=np.int64(12392) num_query=np.int64(310)
2026-03-07 23:58:41: [retrieval_preprocessing] calculating distances ...
2026-03-07 23:58:42: [retrieval_preprocessing] finished and saved retrieval indices for episode 100716 [episode count 2/49]
[retrieval_preprocessing] for episode 100717 [episode count 3/49], we have num_retrieval=np.int64(12440) num_query=np.int64(262)
2026-03-08 00:00:36: [retrieval_preprocessing] calculating distances ...
2026-03-08 00:00:36: [retrieval_preprocessing] finished and saved retrieval indices for episode 100717 [episode count 3/49]
[retrieval_preprocessing] for episode 100718 [episode count 4/49], we have num_retrieval=np.int64(12464) num_query=np.int64(238)
2026-03-08 00:02:31: [retrieval_preprocessing] calculating distances ...
2026-03-08 00:02:32: [retrieval_preprocessing] finished and saved retrieval indices for episode 100718 [episode count 4/49]
[retrieval_preprocessing] for episode 100719 [episode count 5/49], we have num_retrieval=np.int64(12447) num_query=np.int64(255)
2026-03-08 00:04:26: [retrieval_preprocessing] calculating distances ...
2026-03-08 00:04:27: [retrieval_preprocessing] finished and saved retrieval indices for episode 100719 [episode count 5/49]
[retrieval_preprocessing] for episode 100720 [episode count 6/49], we have num_retrieval=np.int64(12423) num_query=np.int64(279)
2026-03-08 00:06:20: [retrieval_preprocessing] calculating distances ...
2026-03-08 00:06:21: [retrieval_preprocessing] finished and saved retrieval indices for episode 100720 [episode count 6/49]
[retrieval_preprocessing] for episode 100721 [episode count 7/49], we have num_retrieval=np.int64(12444) num_query=np.int64(258)
2026-03-08 00:08:17: [retrieval_preprocessing] calculating distances ...
2026-03-08 00:08:17: [retrieval_preprocessing] finished and saved retrieval indices for episode 100721 [episode count 7/49]
[retrieval_preprocessing] for episode 100722 [episode count 8/49], we have num_retrieval=np.int64(12448) num_query=np.int64(254)
2026-03-08 00:10:11: [retrieval_preprocessing] calculating distances ...
2026-03-08 00:10:12: [retrieval_preprocessing] finished and saved retrieval indices for episode 100722 [episode count 8/49]
[retrieval_preprocessing] for episode 100723 [episode count 9/49], we have num_retrieval=np.int64(12455) num_query=np.int64(247)
2026-03-08 00:12:05: [retrieval_preprocessing] calculating distances ...
2026-03-08 00:12:06: [retrieval_preprocessing] finished and saved retrieval indices for episode 100723 [episode count 9/49]
[retrieval_preprocessing] for episode 100724 [episode count 10/49], we have num_retrieval=np.int64(12468) num_query=np.int64(234)
2026-03-08 00:14:00: [retrieval_preprocessing] calculating distances ...
2026-03-08 00:14:01: [retrieval_preprocessing] finished and saved retrieval indices for episode 100724 [episode count 10/49]
[retrieval_preprocessing] for episode 100725 [episode count 11/49], we have num_retrieval=np.int64(12380) num_query=np.int64(322)
2026-03-08 00:15:54: [retrieval_preprocessing] calculating distances ...
2026-03-08 00:15:55: [retrieval_preprocessing] finished and saved retrieval indices for episode 100725 [episode count 11/49]
[retrieval_preprocessing] for episode 100726 [episode count 12/49], we have num_retrieval=np.int64(12431) num_query=np.int64(271)
2026-03-08 00:17:48: [retrieval_preprocessing] calculating distances ...
2026-03-08 00:17:49: [retrieval_preprocessing] finished and saved retrieval indices for episode 100726 [episode count 12/49]
[retrieval_preprocessing] for episode 100727 [episode count 13/49], we have num_retrieval=np.int64(12424) num_query=np.int64(278)
2026-03-08 00:19:42: [retrieval_preprocessing] calculating distances ...
2026-03-08 00:19:43: [retrieval_preprocessing] finished and saved retrieval indices for episode 100727 [episode count 13/49]
[retrieval_preprocessing] for episode 100728 [episode count 14/49], we have num_retrieval=np.int64(12458) num_query=np.int64(244)
2026-03-08 00:21:37: [retrieval_preprocessing] calculating distances ...
2026-03-08 00:21:37: [retrieval_preprocessing] finished and saved retrieval indices for episode 100728 [episode count 14/49]
[retrieval_preprocessing] for episode 100729 [episode count 15/49], we have num_retrieval=np.int64(12445) num_query=np.int64(257)
2026-03-08 00:23:31: [retrieval_preprocessing] calculating distances ...
2026-03-08 00:23:32: [retrieval_preprocessing] finished and saved retrieval indices for episode 100729 [episode count 15/49]
[retrieval_preprocessing] for episode 100730 [episode count 16/49], we have num_retrieval=np.int64(12453) num_query=np.int64(249)
2026-03-08 00:25:25: [retrieval_preprocessing] calculating distances ...
2026-03-08 00:25:26: [retrieval_preprocessing] finished and saved retrieval indices for episode 100730 [episode count 16/49]
[retrieval_preprocessing] for episode 100731 [episode count 17/49], we have num_retrieval=np.int64(12426) num_query=np.int64(276)
2026-03-08 00:27:20: [retrieval_preprocessing] calculating distances ...
2026-03-08 00:27:21: [retrieval_preprocessing] finished and saved retrieval indices for episode 100731 [episode count 17/49]
[retrieval_preprocessing] for episode 100732 [episode count 18/49], we have num_retrieval=np.int64(12430) num_query=np.int64(272)
2026-03-08 00:29:15: [retrieval_preprocessing] calculating distances ...
2026-03-08 00:29:16: [retrieval_preprocessing] finished and saved retrieval indices for episode 100732 [episode count 18/49]
[retrieval_preprocessing] for episode 100733 [episode count 19/49], we have num_retrieval=np.int64(12460) num_query=np.int64(242)
2026-03-08 00:31:10: [retrieval_preprocessing] calculating distances ...
2026-03-08 00:31:11: [retrieval_preprocessing] finished and saved retrieval indices for episode 100733 [episode count 19/49]
[retrieval_preprocessing] for episode 100734 [episode count 20/49], we have num_retrieval=np.int64(12399) num_query=np.int64(303)
2026-03-08 00:33:05: [retrieval_preprocessing] calculating distances ...
2026-03-08 00:33:05: [retrieval_preprocessing] finished and saved retrieval indices for episode 100734 [episode count 20/49]
[retrieval_preprocessing] for episode 100735 [episode count 21/49], we have num_retrieval=np.int64(12450) num_query=np.int64(252)
2026-03-08 00:34:59: [retrieval_preprocessing] calculating distances ...
2026-03-08 00:34:59: [retrieval_preprocessing] finished and saved retrieval indices for episode 100735 [episode count 21/49]
[retrieval_preprocessing] for episode 100736 [episode count 22/49], we have num_retrieval=np.int64(12431) num_query=np.int64(271)
2026-03-08 00:36:53: [retrieval_preprocessing] calculating distances ...
2026-03-08 00:36:53: [retrieval_preprocessing] finished and saved retrieval indices for episode 100736 [episode count 22/49]
[retrieval_preprocessing] for episode 100737 [episode count 23/49], we have num_retrieval=np.int64(12463) num_query=np.int64(239)
2026-03-08 00:38:47: [retrieval_preprocessing] calculating distances ...
2026-03-08 00:38:48: [retrieval_preprocessing] finished and saved retrieval indices for episode 100737 [episode count 23/49]
[retrieval_preprocessing] for episode 100738 [episode count 24/49], we have num_retrieval=np.int64(12447) num_query=np.int64(255)
2026-03-08 00:40:41: [retrieval_preprocessing] calculating distances ...
2026-03-08 00:40:42: [retrieval_preprocessing] finished and saved retrieval indices for episode 100738 [episode count 24/49]
[retrieval_preprocessing] for episode 100739 [episode count 25/49], we have num_retrieval=np.int64(12467) num_query=np.int64(235)
2026-03-08 00:42:36: [retrieval_preprocessing] calculating distances ...
2026-03-08 00:42:36: [retrieval_preprocessing] finished and saved retrieval indices for episode 100739 [episode count 25/49]
[retrieval_preprocessing] for episode 100740 [episode count 26/49], we have num_retrieval=np.int64(12458) num_query=np.int64(244)
2026-03-08 00:44:30: [retrieval_preprocessing] calculating distances ...
2026-03-08 00:44:31: [retrieval_preprocessing] finished and saved retrieval indices for episode 100740 [episode count 26/49]
[retrieval_preprocessing] for episode 100741 [episode count 27/49], we have num_retrieval=np.int64(12456) num_query=np.int64(246)
2026-03-08 00:46:24: [retrieval_preprocessing] calculating distances ...
2026-03-08 00:46:25: [retrieval_preprocessing] finished and saved retrieval indices for episode 100741 [episode count 27/49]
[retrieval_preprocessing] for episode 100742 [episode count 28/49], we have num_retrieval=np.int64(12455) num_query=np.int64(247)
2026-03-08 00:48:19: [retrieval_preprocessing] calculating distances ...
2026-03-08 00:48:20: [retrieval_preprocessing] finished and saved retrieval indices for episode 100742 [episode count 28/49]
[retrieval_preprocessing] for episode 100743 [episode count 29/49], we have num_retrieval=np.int64(12444) num_query=np.int64(258)
2026-03-08 00:50:14: [retrieval_preprocessing] calculating distances ...
2026-03-08 00:50:14: [retrieval_preprocessing] finished and saved retrieval indices for episode 100743 [episode count 29/49]
[retrieval_preprocessing] for episode 100744 [episode count 30/49], we have num_retrieval=np.int64(12459) num_query=np.int64(243)
2026-03-08 00:52:08: [retrieval_preprocessing] calculating distances ...
2026-03-08 00:52:08: [retrieval_preprocessing] finished and saved retrieval indices for episode 100744 [episode count 30/49]
[retrieval_preprocessing] for episode 100745 [episode count 31/49], we have num_retrieval=np.int64(12414) num_query=np.int64(288)
2026-03-08 00:54:02: [retrieval_preprocessing] calculating distances ...
2026-03-08 00:54:03: [retrieval_preprocessing] finished and saved retrieval indices for episode 100745 [episode count 31/49]
[retrieval_preprocessing] for episode 100746 [episode count 32/49], we have num_retrieval=np.int64(12455) num_query=np.int64(247)
2026-03-08 00:55:56: [retrieval_preprocessing] calculating distances ...
2026-03-08 00:55:57: [retrieval_preprocessing] finished and saved retrieval indices for episode 100746 [episode count 32/49]
[retrieval_preprocessing] for episode 100747 [episode count 33/49], we have num_retrieval=np.int64(12381) num_query=np.int64(321)
2026-03-08 00:57:50: [retrieval_preprocessing] calculating distances ...
2026-03-08 00:57:51: [retrieval_preprocessing] finished and saved retrieval indices for episode 100747 [episode count 33/49]
[retrieval_preprocessing] for episode 100748 [episode count 34/49], we have num_retrieval=np.int64(12461) num_query=np.int64(241)
2026-03-08 00:59:45: [retrieval_preprocessing] calculating distances ...
2026-03-08 00:59:46: [retrieval_preprocessing] finished and saved retrieval indices for episode 100748 [episode count 34/49]
[retrieval_preprocessing] for episode 100749 [episode count 35/49], we have num_retrieval=np.int64(12452) num_query=np.int64(250)
2026-03-08 01:01:39: [retrieval_preprocessing] calculating distances ...
2026-03-08 01:01:40: [retrieval_preprocessing] finished and saved retrieval indices for episode 100749 [episode count 35/49]
[retrieval_preprocessing] for episode 100750 [episode count 36/49], we have num_retrieval=np.int64(12430) num_query=np.int64(272)
2026-03-08 01:03:33: [retrieval_preprocessing] calculating distances ...
2026-03-08 01:03:34: [retrieval_preprocessing] finished and saved retrieval indices for episode 100750 [episode count 36/49]
[retrieval_preprocessing] for episode 100751 [episode count 37/49], we have num_retrieval=np.int64(12444) num_query=np.int64(258)
2026-03-08 01:05:27: [retrieval_preprocessing] calculating distances ...
2026-03-08 01:05:28: [retrieval_preprocessing] finished and saved retrieval indices for episode 100751 [episode count 37/49]
[retrieval_preprocessing] for episode 100752 [episode count 38/49], we have num_retrieval=np.int64(12446) num_query=np.int64(256)
2026-03-08 01:07:21: [retrieval_preprocessing] calculating distances ...
2026-03-08 01:07:22: [retrieval_preprocessing] finished and saved retrieval indices for episode 100752 [episode count 38/49]
[retrieval_preprocessing] for episode 100753 [episode count 39/49], we have num_retrieval=np.int64(12448) num_query=np.int64(254)
2026-03-08 01:09:15: [retrieval_preprocessing] calculating distances ...
2026-03-08 01:09:16: [retrieval_preprocessing] finished and saved retrieval indices for episode 100753 [episode count 39/49]
[retrieval_preprocessing] for episode 100754 [episode count 40/49], we have num_retrieval=np.int64(12430) num_query=np.int64(272)
2026-03-08 01:11:10: [retrieval_preprocessing] calculating distances ...
2026-03-08 01:11:11: [retrieval_preprocessing] finished and saved retrieval indices for episode 100754 [episode count 40/49]
[retrieval_preprocessing] for episode 100755 [episode count 41/49], we have num_retrieval=np.int64(12456) num_query=np.int64(246)
2026-03-08 01:13:04: [retrieval_preprocessing] calculating distances ...
2026-03-08 01:13:05: [retrieval_preprocessing] finished and saved retrieval indices for episode 100755 [episode count 41/49]
[retrieval_preprocessing] for episode 100756 [episode count 42/49], we have num_retrieval=np.int64(12420) num_query=np.int64(282)
2026-03-08 01:14:59: [retrieval_preprocessing] calculating distances ...
2026-03-08 01:14:59: [retrieval_preprocessing] finished and saved retrieval indices for episode 100756 [episode count 42/49]
[retrieval_preprocessing] for episode 100757 [episode count 43/49], we have num_retrieval=np.int64(12459) num_query=np.int64(243)
2026-03-08 01:16:53: [retrieval_preprocessing] calculating distances ...
2026-03-08 01:16:54: [retrieval_preprocessing] finished and saved retrieval indices for episode 100757 [episode count 43/49]
[retrieval_preprocessing] for episode 100758 [episode count 44/49], we have num_retrieval=np.int64(12450) num_query=np.int64(252)
2026-03-08 01:18:48: [retrieval_preprocessing] calculating distances ...
2026-03-08 01:18:49: [retrieval_preprocessing] finished and saved retrieval indices for episode 100758 [episode count 44/49]
[retrieval_preprocessing] for episode 100759 [episode count 45/49], we have num_retrieval=np.int64(12458) num_query=np.int64(244)
2026-03-08 01:20:42: [retrieval_preprocessing] calculating distances ...
2026-03-08 01:20:43: [retrieval_preprocessing] finished and saved retrieval indices for episode 100759 [episode count 45/49]
[retrieval_preprocessing] for episode 100760 [episode count 46/49], we have num_retrieval=np.int64(12461) num_query=np.int64(241)
2026-03-08 01:22:37: [retrieval_preprocessing] calculating distances ...
2026-03-08 01:22:37: [retrieval_preprocessing] finished and saved retrieval indices for episode 100760 [episode count 46/49]
[retrieval_preprocessing] for episode 100761 [episode count 47/49], we have num_retrieval=np.int64(12448) num_query=np.int64(254)
2026-03-08 01:24:31: [retrieval_preprocessing] calculating distances ...
2026-03-08 01:24:31: [retrieval_preprocessing] finished and saved retrieval indices for episode 100761 [episode count 47/49]
[retrieval_preprocessing] for episode 100762 [episode count 48/49], we have num_retrieval=np.int64(12465) num_query=np.int64(237)
2026-03-08 01:26:25: [retrieval_preprocessing] calculating distances ...
2026-03-08 01:26:25: [retrieval_preprocessing] finished and saved retrieval indices for episode 100762 [episode count 48/49]
2026-03-08 01:26:25: [retrieval_preprocessing] finished for libero_collected_demos_training/put_both_the_cream_cheese_box_and_the_butter_in_the_basket [chosen_id count 17/32]
2026-03-08 01:26:31: [retrieval_preprocessing] concatenated all embeddings and indices for 49 episodes for libero_collected_demos_training/put_the_bowl_on_the_plate [chosen_id count 18/32]
2026-03-08 01:26:31: [retrieval_preprocessing] we have num_total=4563 embedding_dim=49152
[retrieval_preprocessing] for episode 100763 [episode count 0/49], we have num_retrieval=np.int64(4460) num_query=np.int64(103)
2026-03-08 01:27:34: [retrieval_preprocessing] calculating distances ...
2026-03-08 01:27:34: [retrieval_preprocessing] finished and saved retrieval indices for episode 100763 [episode count 0/49]
[retrieval_preprocessing] for episode 100764 [episode count 1/49], we have num_retrieval=np.int64(4451) num_query=np.int64(112)
2026-03-08 01:28:36: [retrieval_preprocessing] calculating distances ...
2026-03-08 01:28:36: [retrieval_preprocessing] finished and saved retrieval indices for episode 100764 [episode count 1/49]
[retrieval_preprocessing] for episode 100765 [episode count 2/49], we have num_retrieval=np.int64(4472) num_query=np.int64(91)
2026-03-08 01:29:40: [retrieval_preprocessing] calculating distances ...
2026-03-08 01:29:40: [retrieval_preprocessing] finished and saved retrieval indices for episode 100765 [episode count 2/49]
[retrieval_preprocessing] for episode 100766 [episode count 3/49], we have num_retrieval=np.int64(4460) num_query=np.int64(103)
2026-03-08 01:30:44: [retrieval_preprocessing] calculating distances ...
2026-03-08 01:30:44: [retrieval_preprocessing] finished and saved retrieval indices for episode 100766 [episode count 3/49]
[retrieval_preprocessing] for episode 100767 [episode count 4/49], we have num_retrieval=np.int64(4471) num_query=np.int64(92)
2026-03-08 01:31:48: [retrieval_preprocessing] calculating distances ...
2026-03-08 01:31:49: [retrieval_preprocessing] finished and saved retrieval indices for episode 100767 [episode count 4/49]
[retrieval_preprocessing] for episode 100768 [episode count 5/49], we have num_retrieval=np.int64(4484) num_query=np.int64(79)
2026-03-08 01:32:53: [retrieval_preprocessing] calculating distances ...
2026-03-08 01:32:53: [retrieval_preprocessing] finished and saved retrieval indices for episode 100768 [episode count 5/49]
[retrieval_preprocessing] for episode 100769 [episode count 6/49], we have num_retrieval=np.int64(4475) num_query=np.int64(88)
2026-03-08 01:33:58: [retrieval_preprocessing] calculating distances ...
2026-03-08 01:33:58: [retrieval_preprocessing] finished and saved retrieval indices for episode 100769 [episode count 6/49]
[retrieval_preprocessing] for episode 100770 [episode count 7/49], we have num_retrieval=np.int64(4465) num_query=np.int64(98)
2026-03-08 01:35:02: [retrieval_preprocessing] calculating distances ...
2026-03-08 01:35:03: [retrieval_preprocessing] finished and saved retrieval indices for episode 100770 [episode count 7/49]
[retrieval_preprocessing] for episode 100771 [episode count 8/49], we have num_retrieval=np.int64(4483) num_query=np.int64(80)
2026-03-08 01:36:06: [retrieval_preprocessing] calculating distances ...
2026-03-08 01:36:06: [retrieval_preprocessing] finished and saved retrieval indices for episode 100771 [episode count 8/49]
[retrieval_preprocessing] for episode 100772 [episode count 9/49], we have num_retrieval=np.int64(4475) num_query=np.int64(88)
2026-03-08 01:37:11: [retrieval_preprocessing] calculating distances ...
2026-03-08 01:37:11: [retrieval_preprocessing] finished and saved retrieval indices for episode 100772 [episode count 9/49]
[retrieval_preprocessing] for episode 100773 [episode count 10/49], we have num_retrieval=np.int64(4471) num_query=np.int64(92)
2026-03-08 01:38:15: [retrieval_preprocessing] calculating distances ...
2026-03-08 01:38:15: [retrieval_preprocessing] finished and saved retrieval indices for episode 100773 [episode count 10/49]
[retrieval_preprocessing] for episode 100774 [episode count 11/49], we have num_retrieval=np.int64(4476) num_query=np.int64(87)
2026-03-08 01:39:18: [retrieval_preprocessing] calculating distances ...
2026-03-08 01:39:18: [retrieval_preprocessing] finished and saved retrieval indices for episode 100774 [episode count 11/49]
[retrieval_preprocessing] for episode 100775 [episode count 12/49], we have num_retrieval=np.int64(4484) num_query=np.int64(79)
2026-03-08 01:40:22: [retrieval_preprocessing] calculating distances ...
2026-03-08 01:40:23: [retrieval_preprocessing] finished and saved retrieval indices for episode 100775 [episode count 12/49]
[retrieval_preprocessing] for episode 100776 [episode count 13/49], we have num_retrieval=np.int64(4473) num_query=np.int64(90)
2026-03-08 01:41:27: [retrieval_preprocessing] calculating distances ...
2026-03-08 01:41:27: [retrieval_preprocessing] finished and saved retrieval indices for episode 100776 [episode count 13/49]
[retrieval_preprocessing] for episode 100777 [episode count 14/49], we have num_retrieval=np.int64(4473) num_query=np.int64(90)
2026-03-08 01:42:31: [retrieval_preprocessing] calculating distances ...
2026-03-08 01:42:31: [retrieval_preprocessing] finished and saved retrieval indices for episode 100777 [episode count 14/49]
[retrieval_preprocessing] for episode 100778 [episode count 15/49], we have num_retrieval=np.int64(4468) num_query=np.int64(95)
2026-03-08 01:43:34: [retrieval_preprocessing] calculating distances ...
2026-03-08 01:43:34: [retrieval_preprocessing] finished and saved retrieval indices for episode 100778 [episode count 15/49]
[retrieval_preprocessing] for episode 100779 [episode count 16/49], we have num_retrieval=np.int64(4476) num_query=np.int64(87)
2026-03-08 01:44:38: [retrieval_preprocessing] calculating distances ...
2026-03-08 01:44:38: [retrieval_preprocessing] finished and saved retrieval indices for episode 100779 [episode count 16/49]
[retrieval_preprocessing] for episode 100780 [episode count 17/49], we have num_retrieval=np.int64(4470) num_query=np.int64(93)
2026-03-08 01:45:42: [retrieval_preprocessing] calculating distances ...
2026-03-08 01:45:42: [retrieval_preprocessing] finished and saved retrieval indices for episode 100780 [episode count 17/49]
[retrieval_preprocessing] for episode 100781 [episode count 18/49], we have num_retrieval=np.int64(4474) num_query=np.int64(89)
2026-03-08 01:46:48: [retrieval_preprocessing] calculating distances ...
2026-03-08 01:46:48: [retrieval_preprocessing] finished and saved retrieval indices for episode 100781 [episode count 18/49]
[retrieval_preprocessing] for episode 100782 [episode count 19/49], we have num_retrieval=np.int64(4474) num_query=np.int64(89)
2026-03-08 01:47:53: [retrieval_preprocessing] calculating distances ...
2026-03-08 01:47:53: [retrieval_preprocessing] finished and saved retrieval indices for episode 100782 [episode count 19/49]
[retrieval_preprocessing] for episode 100783 [episode count 20/49], we have num_retrieval=np.int64(4483) num_query=np.int64(80)
2026-03-08 01:48:55: [retrieval_preprocessing] calculating distances ...
2026-03-08 01:48:56: [retrieval_preprocessing] finished and saved retrieval indices for episode 100783 [episode count 20/49]
[retrieval_preprocessing] for episode 100784 [episode count 21/49], we have num_retrieval=np.int64(4473) num_query=np.int64(90)
2026-03-08 01:49:59: [retrieval_preprocessing] calculating distances ...
2026-03-08 01:49:59: [retrieval_preprocessing] finished and saved retrieval indices for episode 100784 [episode count 21/49]
[retrieval_preprocessing] for episode 100785 [episode count 22/49], we have num_retrieval=np.int64(4459) num_query=np.int64(104)
2026-03-08 01:51:03: [retrieval_preprocessing] calculating distances ...
2026-03-08 01:51:03: [retrieval_preprocessing] finished and saved retrieval indices for episode 100785 [episode count 22/49]
[retrieval_preprocessing] for episode 100786 [episode count 23/49], we have num_retrieval=np.int64(4458) num_query=np.int64(105)
2026-03-08 01:52:08: [retrieval_preprocessing] calculating distances ...
2026-03-08 01:52:08: [retrieval_preprocessing] finished and saved retrieval indices for episode 100786 [episode count 23/49]
[retrieval_preprocessing] for episode 100787 [episode count 24/49], we have num_retrieval=np.int64(4473) num_query=np.int64(90)
2026-03-08 01:53:12: [retrieval_preprocessing] calculating distances ...
2026-03-08 01:53:12: [retrieval_preprocessing] finished and saved retrieval indices for episode 100787 [episode count 24/49]
[retrieval_preprocessing] for episode 100788 [episode count 25/49], we have num_retrieval=np.int64(4437) num_query=np.int64(126)
2026-03-08 01:54:16: [retrieval_preprocessing] calculating distances ...
2026-03-08 01:54:16: [retrieval_preprocessing] finished and saved retrieval indices for episode 100788 [episode count 25/49]
[retrieval_preprocessing] for episode 100789 [episode count 26/49], we have num_retrieval=np.int64(4471) num_query=np.int64(92)
2026-03-08 01:55:20: [retrieval_preprocessing] calculating distances ...
2026-03-08 01:55:21: [retrieval_preprocessing] finished and saved retrieval indices for episode 100789 [episode count 26/49]
[retrieval_preprocessing] for episode 100790 [episode count 27/49], we have num_retrieval=np.int64(4477) num_query=np.int64(86)
2026-03-08 01:56:25: [retrieval_preprocessing] calculating distances ...
2026-03-08 01:56:25: [retrieval_preprocessing] finished and saved retrieval indices for episode 100790 [episode count 27/49]
[retrieval_preprocessing] for episode 100791 [episode count 28/49], we have num_retrieval=np.int64(4480) num_query=np.int64(83)
2026-03-08 01:57:29: [retrieval_preprocessing] calculating distances ...
2026-03-08 01:57:29: [retrieval_preprocessing] finished and saved retrieval indices for episode 100791 [episode count 28/49]
[retrieval_preprocessing] for episode 100792 [episode count 29/49], we have num_retrieval=np.int64(4469) num_query=np.int64(94)
2026-03-08 01:58:34: [retrieval_preprocessing] calculating distances ...
2026-03-08 01:58:34: [retrieval_preprocessing] finished and saved retrieval indices for episode 100792 [episode count 29/49]
[retrieval_preprocessing] for episode 100793 [episode count 30/49], we have num_retrieval=np.int64(4479) num_query=np.int64(84)
2026-03-08 01:59:38: [retrieval_preprocessing] calculating distances ...
2026-03-08 01:59:38: [retrieval_preprocessing] finished and saved retrieval indices for episode 100793 [episode count 30/49]
[retrieval_preprocessing] for episode 100794 [episode count 31/49], we have num_retrieval=np.int64(4460) num_query=np.int64(103)
2026-03-08 02:00:43: [retrieval_preprocessing] calculating distances ...
2026-03-08 02:00:43: [retrieval_preprocessing] finished and saved retrieval indices for episode 100794 [episode count 31/49]
[retrieval_preprocessing] for episode 100795 [episode count 32/49], we have num_retrieval=np.int64(4457) num_query=np.int64(106)
2026-03-08 02:01:47: [retrieval_preprocessing] calculating distances ...
2026-03-08 02:01:47: [retrieval_preprocessing] finished and saved retrieval indices for episode 100795 [episode count 32/49]
[retrieval_preprocessing] for episode 100796 [episode count 33/49], we have num_retrieval=np.int64(4460) num_query=np.int64(103)
2026-03-08 02:02:51: [retrieval_preprocessing] calculating distances ...
2026-03-08 02:02:52: [retrieval_preprocessing] finished and saved retrieval indices for episode 100796 [episode count 33/49]
[retrieval_preprocessing] for episode 100797 [episode count 34/49], we have num_retrieval=np.int64(4476) num_query=np.int64(87)
2026-03-08 02:03:56: [retrieval_preprocessing] calculating distances ...
2026-03-08 02:03:56: [retrieval_preprocessing] finished and saved retrieval indices for episode 100797 [episode count 34/49]
[retrieval_preprocessing] for episode 100798 [episode count 35/49], we have num_retrieval=np.int64(4456) num_query=np.int64(107)
2026-03-08 02:05:01: [retrieval_preprocessing] calculating distances ...
2026-03-08 02:05:01: [retrieval_preprocessing] finished and saved retrieval indices for episode 100798 [episode count 35/49]
[retrieval_preprocessing] for episode 100799 [episode count 36/49], we have num_retrieval=np.int64(4479) num_query=np.int64(84)
2026-03-08 02:06:06: [retrieval_preprocessing] calculating distances ...
2026-03-08 02:06:06: [retrieval_preprocessing] finished and saved retrieval indices for episode 100799 [episode count 36/49]
[retrieval_preprocessing] for episode 100800 [episode count 37/49], we have num_retrieval=np.int64(4479) num_query=np.int64(84)
2026-03-08 02:07:10: [retrieval_preprocessing] calculating distances ...
2026-03-08 02:07:10: [retrieval_preprocessing] finished and saved retrieval indices for episode 100800 [episode count 37/49]
[retrieval_preprocessing] for episode 100801 [episode count 38/49], we have num_retrieval=np.int64(4468) num_query=np.int64(95)
2026-03-08 02:08:14: [retrieval_preprocessing] calculating distances ...
2026-03-08 02:08:14: [retrieval_preprocessing] finished and saved retrieval indices for episode 100801 [episode count 38/49]
[retrieval_preprocessing] for episode 100802 [episode count 39/49], we have num_retrieval=np.int64(4466) num_query=np.int64(97)
2026-03-08 02:09:19: [retrieval_preprocessing] calculating distances ...
2026-03-08 02:09:19: [retrieval_preprocessing] finished and saved retrieval indices for episode 100802 [episode count 39/49]
[retrieval_preprocessing] for episode 100803 [episode count 40/49], we have num_retrieval=np.int64(4471) num_query=np.int64(92)
2026-03-08 02:10:23: [retrieval_preprocessing] calculating distances ...
2026-03-08 02:10:23: [retrieval_preprocessing] finished and saved retrieval indices for episode 100803 [episode count 40/49]
[retrieval_preprocessing] for episode 100804 [episode count 41/49], we have num_retrieval=np.int64(4474) num_query=np.int64(89)
2026-03-08 02:11:27: [retrieval_preprocessing] calculating distances ...
2026-03-08 02:11:27: [retrieval_preprocessing] finished and saved retrieval indices for episode 100804 [episode count 41/49]
[retrieval_preprocessing] for episode 100805 [episode count 42/49], we have num_retrieval=np.int64(4470) num_query=np.int64(93)
2026-03-08 02:12:31: [retrieval_preprocessing] calculating distances ...
2026-03-08 02:12:31: [retrieval_preprocessing] finished and saved retrieval indices for episode 100805 [episode count 42/49]
[retrieval_preprocessing] for episode 100806 [episode count 43/49], we have num_retrieval=np.int64(4475) num_query=np.int64(88)
2026-03-08 02:13:36: [retrieval_preprocessing] calculating distances ...
2026-03-08 02:13:37: [retrieval_preprocessing] finished and saved retrieval indices for episode 100806 [episode count 43/49]
[retrieval_preprocessing] for episode 100807 [episode count 44/49], we have num_retrieval=np.int64(4467) num_query=np.int64(96)
2026-03-08 02:14:41: [retrieval_preprocessing] calculating distances ...
2026-03-08 02:14:41: [retrieval_preprocessing] finished and saved retrieval indices for episode 100807 [episode count 44/49]
[retrieval_preprocessing] for episode 100808 [episode count 45/49], we have num_retrieval=np.int64(4473) num_query=np.int64(90)
2026-03-08 02:15:44: [retrieval_preprocessing] calculating distances ...
2026-03-08 02:15:44: [retrieval_preprocessing] finished and saved retrieval indices for episode 100808 [episode count 45/49]
[retrieval_preprocessing] for episode 100809 [episode count 46/49], we have num_retrieval=np.int64(4468) num_query=np.int64(95)
2026-03-08 02:16:48: [retrieval_preprocessing] calculating distances ...
2026-03-08 02:16:49: [retrieval_preprocessing] finished and saved retrieval indices for episode 100809 [episode count 46/49]
[retrieval_preprocessing] for episode 100810 [episode count 47/49], we have num_retrieval=np.int64(4457) num_query=np.int64(106)
2026-03-08 02:17:53: [retrieval_preprocessing] calculating distances ...
2026-03-08 02:17:53: [retrieval_preprocessing] finished and saved retrieval indices for episode 100810 [episode count 47/49]
[retrieval_preprocessing] for episode 100811 [episode count 48/49], we have num_retrieval=np.int64(4474) num_query=np.int64(89)
2026-03-08 02:18:56: [retrieval_preprocessing] calculating distances ...
2026-03-08 02:18:56: [retrieval_preprocessing] finished and saved retrieval indices for episode 100811 [episode count 48/49]
2026-03-08 02:18:56: [retrieval_preprocessing] finished for libero_collected_demos_training/put_the_bowl_on_the_plate [chosen_id count 18/32]
2026-03-08 02:19:05: [retrieval_preprocessing] concatenated all embeddings and indices for 36 episodes for libero_collected_demos_training/open_the_top_drawer_and_put_the_bowl_inside [chosen_id count 19/32]
2026-03-08 02:19:05: [retrieval_preprocessing] we have num_total=7157 embedding_dim=49152
[retrieval_preprocessing] for episode 100812 [episode count 0/36], we have num_retrieval=np.int64(6974) num_query=np.int64(183)
2026-03-08 02:20:25: [retrieval_preprocessing] calculating distances ...
2026-03-08 02:20:25: [retrieval_preprocessing] finished and saved retrieval indices for episode 100812 [episode count 0/36]
[retrieval_preprocessing] for episode 100813 [episode count 1/36], we have num_retrieval=np.int64(6961) num_query=np.int64(196)
2026-03-08 02:21:42: [retrieval_preprocessing] calculating distances ...
2026-03-08 02:21:43: [retrieval_preprocessing] finished and saved retrieval indices for episode 100813 [episode count 1/36]
[retrieval_preprocessing] for episode 100814 [episode count 2/36], we have num_retrieval=np.int64(6887) num_query=np.int64(270)
2026-03-08 02:23:01: [retrieval_preprocessing] calculating distances ...
2026-03-08 02:23:01: [retrieval_preprocessing] finished and saved retrieval indices for episode 100814 [episode count 2/36]
[retrieval_preprocessing] for episode 100815 [episode count 3/36], we have num_retrieval=np.int64(6973) num_query=np.int64(184)
2026-03-08 02:24:19: [retrieval_preprocessing] calculating distances ...
2026-03-08 02:24:20: [retrieval_preprocessing] finished and saved retrieval indices for episode 100815 [episode count 3/36]
[retrieval_preprocessing] for episode 100816 [episode count 4/36], we have num_retrieval=np.int64(6959) num_query=np.int64(198)
2026-03-08 02:25:38: [retrieval_preprocessing] calculating distances ...
2026-03-08 02:25:38: [retrieval_preprocessing] finished and saved retrieval indices for episode 100816 [episode count 4/36]
[retrieval_preprocessing] for episode 100817 [episode count 5/36], we have num_retrieval=np.int64(6955) num_query=np.int64(202)
2026-03-08 02:26:56: [retrieval_preprocessing] calculating distances ...
2026-03-08 02:26:57: [retrieval_preprocessing] finished and saved retrieval indices for episode 100817 [episode count 5/36]
[retrieval_preprocessing] for episode 100818 [episode count 6/36], we have num_retrieval=np.int64(6906) num_query=np.int64(251)
2026-03-08 02:28:13: [retrieval_preprocessing] calculating distances ...
2026-03-08 02:28:14: [retrieval_preprocessing] finished and saved retrieval indices for episode 100818 [episode count 6/36]
[retrieval_preprocessing] for episode 100819 [episode count 7/36], we have num_retrieval=np.int64(6973) num_query=np.int64(184)
2026-03-08 02:29:32: [retrieval_preprocessing] calculating distances ...
2026-03-08 02:29:32: [retrieval_preprocessing] finished and saved retrieval indices for episode 100819 [episode count 7/36]
[retrieval_preprocessing] for episode 100820 [episode count 8/36], we have num_retrieval=np.int64(6963) num_query=np.int64(194)
2026-03-08 02:30:51: [retrieval_preprocessing] calculating distances ...
2026-03-08 02:30:51: [retrieval_preprocessing] finished and saved retrieval indices for episode 100820 [episode count 8/36]
[retrieval_preprocessing] for episode 100821 [episode count 9/36], we have num_retrieval=np.int64(6975) num_query=np.int64(182)
2026-03-08 02:32:09: [retrieval_preprocessing] calculating distances ...
2026-03-08 02:32:09: [retrieval_preprocessing] finished and saved retrieval indices for episode 100821 [episode count 9/36]
[retrieval_preprocessing] for episode 100822 [episode count 10/36], we have num_retrieval=np.int64(6936) num_query=np.int64(221)
2026-03-08 02:33:26: [retrieval_preprocessing] calculating distances ...
2026-03-08 02:33:27: [retrieval_preprocessing] finished and saved retrieval indices for episode 100822 [episode count 10/36]
[retrieval_preprocessing] for episode 100823 [episode count 11/36], we have num_retrieval=np.int64(6942) num_query=np.int64(215)
2026-03-08 02:34:44: [retrieval_preprocessing] calculating distances ...
2026-03-08 02:34:44: [retrieval_preprocessing] finished and saved retrieval indices for episode 100823 [episode count 11/36]
[retrieval_preprocessing] for episode 100824 [episode count 12/36], we have num_retrieval=np.int64(6958) num_query=np.int64(199)
2026-03-08 02:36:02: [retrieval_preprocessing] calculating distances ...
2026-03-08 02:36:02: [retrieval_preprocessing] finished and saved retrieval indices for episode 100824 [episode count 12/36]
[retrieval_preprocessing] for episode 100825 [episode count 13/36], we have num_retrieval=np.int64(6962) num_query=np.int64(195)
2026-03-08 02:37:21: [retrieval_preprocessing] calculating distances ...
2026-03-08 02:37:21: [retrieval_preprocessing] finished and saved retrieval indices for episode 100825 [episode count 13/36]
[retrieval_preprocessing] for episode 100826 [episode count 14/36], we have num_retrieval=np.int64(6981) num_query=np.int64(176)
2026-03-08 02:38:39: [retrieval_preprocessing] calculating distances ...
2026-03-08 02:38:40: [retrieval_preprocessing] finished and saved retrieval indices for episode 100826 [episode count 14/36]
[retrieval_preprocessing] for episode 100827 [episode count 15/36], we have num_retrieval=np.int64(6979) num_query=np.int64(178)
2026-03-08 02:39:57: [retrieval_preprocessing] calculating distances ...
2026-03-08 02:39:58: [retrieval_preprocessing] finished and saved retrieval indices for episode 100827 [episode count 15/36]
[retrieval_preprocessing] for episode 100828 [episode count 16/36], we have num_retrieval=np.int64(6987) num_query=np.int64(170)
2026-03-08 02:41:16: [retrieval_preprocessing] calculating distances ...
2026-03-08 02:41:16: [retrieval_preprocessing] finished and saved retrieval indices for episode 100828 [episode count 16/36]
[retrieval_preprocessing] for episode 100829 [episode count 17/36], we have num_retrieval=np.int64(6970) num_query=np.int64(187)
2026-03-08 02:42:34: [retrieval_preprocessing] calculating distances ...
2026-03-08 02:42:34: [retrieval_preprocessing] finished and saved retrieval indices for episode 100829 [episode count 17/36]
[retrieval_preprocessing] for episode 100830 [episode count 18/36], we have num_retrieval=np.int64(6971) num_query=np.int64(186)
2026-03-08 02:43:52: [retrieval_preprocessing] calculating distances ...
2026-03-08 02:43:52: [retrieval_preprocessing] finished and saved retrieval indices for episode 100830 [episode count 18/36]
[retrieval_preprocessing] for episode 100831 [episode count 19/36], we have num_retrieval=np.int64(6972) num_query=np.int64(185)
2026-03-08 02:45:11: [retrieval_preprocessing] calculating distances ...
2026-03-08 02:45:11: [retrieval_preprocessing] finished and saved retrieval indices for episode 100831 [episode count 19/36]
[retrieval_preprocessing] for episode 100832 [episode count 20/36], we have num_retrieval=np.int64(6967) num_query=np.int64(190)
2026-03-08 02:46:29: [retrieval_preprocessing] calculating distances ...
2026-03-08 02:46:29: [retrieval_preprocessing] finished and saved retrieval indices for episode 100832 [episode count 20/36]
[retrieval_preprocessing] for episode 100833 [episode count 21/36], we have num_retrieval=np.int64(6973) num_query=np.int64(184)
2026-03-08 02:47:48: [retrieval_preprocessing] calculating distances ...
2026-03-08 02:47:49: [retrieval_preprocessing] finished and saved retrieval indices for episode 100833 [episode count 21/36]
[retrieval_preprocessing] for episode 100834 [episode count 22/36], we have num_retrieval=np.int64(6970) num_query=np.int64(187)
2026-03-08 02:49:06: [retrieval_preprocessing] calculating distances ...
2026-03-08 02:49:06: [retrieval_preprocessing] finished and saved retrieval indices for episode 100834 [episode count 22/36]
[retrieval_preprocessing] for episode 100835 [episode count 23/36], we have num_retrieval=np.int64(6955) num_query=np.int64(202)
2026-03-08 02:50:24: [retrieval_preprocessing] calculating distances ...
2026-03-08 02:50:25: [retrieval_preprocessing] finished and saved retrieval indices for episode 100835 [episode count 23/36]
[retrieval_preprocessing] for episode 100836 [episode count 24/36], we have num_retrieval=np.int64(6958) num_query=np.int64(199)
2026-03-08 02:51:43: [retrieval_preprocessing] calculating distances ...
2026-03-08 02:51:43: [retrieval_preprocessing] finished and saved retrieval indices for episode 100836 [episode count 24/36]
[retrieval_preprocessing] for episode 100837 [episode count 25/36], we have num_retrieval=np.int64(6958) num_query=np.int64(199)
2026-03-08 02:53:01: [retrieval_preprocessing] calculating distances ...
2026-03-08 02:53:02: [retrieval_preprocessing] finished and saved retrieval indices for episode 100837 [episode count 25/36]
[retrieval_preprocessing] for episode 100838 [episode count 26/36], we have num_retrieval=np.int64(6938) num_query=np.int64(219)
2026-03-08 02:54:19: [retrieval_preprocessing] calculating distances ...
2026-03-08 02:54:20: [retrieval_preprocessing] finished and saved retrieval indices for episode 100838 [episode count 26/36]
[retrieval_preprocessing] for episode 100839 [episode count 27/36], we have num_retrieval=np.int64(6980) num_query=np.int64(177)
2026-03-08 02:55:39: [retrieval_preprocessing] calculating distances ...
2026-03-08 02:55:39: [retrieval_preprocessing] finished and saved retrieval indices for episode 100839 [episode count 27/36]
[retrieval_preprocessing] for episode 100840 [episode count 28/36], we have num_retrieval=np.int64(6969) num_query=np.int64(188)
2026-03-08 02:56:57: [retrieval_preprocessing] calculating distances ...
2026-03-08 02:56:57: [retrieval_preprocessing] finished and saved retrieval indices for episode 100840 [episode count 28/36]
[retrieval_preprocessing] for episode 100841 [episode count 29/36], we have num_retrieval=np.int64(6979) num_query=np.int64(178)
2026-03-08 02:58:16: [retrieval_preprocessing] calculating distances ...
2026-03-08 02:58:17: [retrieval_preprocessing] finished and saved retrieval indices for episode 100841 [episode count 29/36]
[retrieval_preprocessing] for episode 100842 [episode count 30/36], we have num_retrieval=np.int64(6939) num_query=np.int64(218)
2026-03-08 02:59:35: [retrieval_preprocessing] calculating distances ...
2026-03-08 02:59:36: [retrieval_preprocessing] finished and saved retrieval indices for episode 100842 [episode count 30/36]
[retrieval_preprocessing] for episode 100843 [episode count 31/36], we have num_retrieval=np.int64(6948) num_query=np.int64(209)
2026-03-08 03:00:55: [retrieval_preprocessing] calculating distances ...
2026-03-08 03:00:55: [retrieval_preprocessing] finished and saved retrieval indices for episode 100843 [episode count 31/36]
[retrieval_preprocessing] for episode 100844 [episode count 32/36], we have num_retrieval=np.int64(6908) num_query=np.int64(249)
2026-03-08 03:02:13: [retrieval_preprocessing] calculating distances ...
2026-03-08 03:02:14: [retrieval_preprocessing] finished and saved retrieval indices for episode 100844 [episode count 32/36]
[retrieval_preprocessing] for episode 100845 [episode count 33/36], we have num_retrieval=np.int64(6930) num_query=np.int64(227)
2026-03-08 03:03:30: [retrieval_preprocessing] calculating distances ...
2026-03-08 03:03:31: [retrieval_preprocessing] finished and saved retrieval indices for episode 100845 [episode count 33/36]
[retrieval_preprocessing] for episode 100846 [episode count 34/36], we have num_retrieval=np.int64(6984) num_query=np.int64(173)
2026-03-08 03:04:49: [retrieval_preprocessing] calculating distances ...
2026-03-08 03:04:49: [retrieval_preprocessing] finished and saved retrieval indices for episode 100846 [episode count 34/36]
[retrieval_preprocessing] for episode 100847 [episode count 35/36], we have num_retrieval=np.int64(6955) num_query=np.int64(202)
2026-03-08 03:06:07: [retrieval_preprocessing] calculating distances ...
2026-03-08 03:06:08: [retrieval_preprocessing] finished and saved retrieval indices for episode 100847 [episode count 35/36]
2026-03-08 03:06:08: [retrieval_preprocessing] finished for libero_collected_demos_training/open_the_top_drawer_and_put_the_bowl_inside [chosen_id count 19/32]
2026-03-08 03:06:19: [retrieval_preprocessing] concatenated all embeddings and indices for 38 episodes for libero_collected_demos_training/put_the_white_mug_on_the_left_plate_and_put_the_yellow_and_white_mug_on_the_right_plate [chosen_id count 20/32]
2026-03-08 03:06:19: [retrieval_preprocessing] we have num_total=9807 embedding_dim=49152
[retrieval_preprocessing] for episode 100848 [episode count 0/38], we have num_retrieval=np.int64(9565) num_query=np.int64(242)
2026-03-08 03:07:50: [retrieval_preprocessing] calculating distances ...
2026-03-08 03:07:51: [retrieval_preprocessing] finished and saved retrieval indices for episode 100848 [episode count 0/38]
[retrieval_preprocessing] for episode 100849 [episode count 1/38], we have num_retrieval=np.int64(9575) num_query=np.int64(232)
2026-03-08 03:09:24: [retrieval_preprocessing] calculating distances ...
2026-03-08 03:09:25: [retrieval_preprocessing] finished and saved retrieval indices for episode 100849 [episode count 1/38]
[retrieval_preprocessing] for episode 100850 [episode count 2/38], we have num_retrieval=np.int64(9543) num_query=np.int64(264)
2026-03-08 03:10:57: [retrieval_preprocessing] calculating distances ...
2026-03-08 03:10:58: [retrieval_preprocessing] finished and saved retrieval indices for episode 100850 [episode count 2/38]
[retrieval_preprocessing] for episode 100851 [episode count 3/38], we have num_retrieval=np.int64(9544) num_query=np.int64(263)
2026-03-08 03:12:31: [retrieval_preprocessing] calculating distances ...
2026-03-08 03:12:31: [retrieval_preprocessing] finished and saved retrieval indices for episode 100851 [episode count 3/38]
[retrieval_preprocessing] for episode 100852 [episode count 4/38], we have num_retrieval=np.int64(9530) num_query=np.int64(277)
2026-03-08 03:14:03: [retrieval_preprocessing] calculating distances ...
2026-03-08 03:14:04: [retrieval_preprocessing] finished and saved retrieval indices for episode 100852 [episode count 4/38]
[retrieval_preprocessing] for episode 100853 [episode count 5/38], we have num_retrieval=np.int64(9536) num_query=np.int64(271)
2026-03-08 03:15:36: [retrieval_preprocessing] calculating distances ...
2026-03-08 03:15:37: [retrieval_preprocessing] finished and saved retrieval indices for episode 100853 [episode count 5/38]
[retrieval_preprocessing] for episode 100854 [episode count 6/38], we have num_retrieval=np.int64(9521) num_query=np.int64(286)
2026-03-08 03:17:10: [retrieval_preprocessing] calculating distances ...
2026-03-08 03:17:11: [retrieval_preprocessing] finished and saved retrieval indices for episode 100854 [episode count 6/38]
[retrieval_preprocessing] for episode 100855 [episode count 7/38], we have num_retrieval=np.int64(9570) num_query=np.int64(237)
2026-03-08 03:18:44: [retrieval_preprocessing] calculating distances ...
2026-03-08 03:18:44: [retrieval_preprocessing] finished and saved retrieval indices for episode 100855 [episode count 7/38]
[retrieval_preprocessing] for episode 100856 [episode count 8/38], we have num_retrieval=np.int64(9560) num_query=np.int64(247)
2026-03-08 03:20:17: [retrieval_preprocessing] calculating distances ...
2026-03-08 03:20:18: [retrieval_preprocessing] finished and saved retrieval indices for episode 100856 [episode count 8/38]
[retrieval_preprocessing] for episode 100857 [episode count 9/38], we have num_retrieval=np.int64(9557) num_query=np.int64(250)
2026-03-08 03:21:52: [retrieval_preprocessing] calculating distances ...
2026-03-08 03:21:53: [retrieval_preprocessing] finished and saved retrieval indices for episode 100857 [episode count 9/38]
[retrieval_preprocessing] for episode 100858 [episode count 10/38], we have num_retrieval=np.int64(9570) num_query=np.int64(237)
2026-03-08 03:23:26: [retrieval_preprocessing] calculating distances ...
2026-03-08 03:23:27: [retrieval_preprocessing] finished and saved retrieval indices for episode 100858 [episode count 10/38]
[retrieval_preprocessing] for episode 100859 [episode count 11/38], we have num_retrieval=np.int64(9515) num_query=np.int64(292)
2026-03-08 03:25:00: [retrieval_preprocessing] calculating distances ...
2026-03-08 03:25:01: [retrieval_preprocessing] finished and saved retrieval indices for episode 100859 [episode count 11/38]
[retrieval_preprocessing] for episode 100860 [episode count 12/38], we have num_retrieval=np.int64(9547) num_query=np.int64(260)
2026-03-08 03:26:33: [retrieval_preprocessing] calculating distances ...
2026-03-08 03:26:34: [retrieval_preprocessing] finished and saved retrieval indices for episode 100860 [episode count 12/38]
[retrieval_preprocessing] for episode 100861 [episode count 13/38], we have num_retrieval=np.int64(9509) num_query=np.int64(298)
2026-03-08 03:28:06: [retrieval_preprocessing] calculating distances ...
2026-03-08 03:28:07: [retrieval_preprocessing] finished and saved retrieval indices for episode 100861 [episode count 13/38]
[retrieval_preprocessing] for episode 100862 [episode count 14/38], we have num_retrieval=np.int64(9528) num_query=np.int64(279)
2026-03-08 03:29:38: [retrieval_preprocessing] calculating distances ...
2026-03-08 03:29:39: [retrieval_preprocessing] finished and saved retrieval indices for episode 100862 [episode count 14/38]
[retrieval_preprocessing] for episode 100863 [episode count 15/38], we have num_retrieval=np.int64(9541) num_query=np.int64(266)
2026-03-08 03:31:11: [retrieval_preprocessing] calculating distances ...
2026-03-08 03:31:12: [retrieval_preprocessing] finished and saved retrieval indices for episode 100863 [episode count 15/38]
[retrieval_preprocessing] for episode 100864 [episode count 16/38], we have num_retrieval=np.int64(9593) num_query=np.int64(214)
2026-03-08 03:32:44: [retrieval_preprocessing] calculating distances ...
2026-03-08 03:32:44: [retrieval_preprocessing] finished and saved retrieval indices for episode 100864 [episode count 16/38]
[retrieval_preprocessing] for episode 100865 [episode count 17/38], we have num_retrieval=np.int64(9557) num_query=np.int64(250)
2026-03-08 03:34:17: [retrieval_preprocessing] calculating distances ...
2026-03-08 03:34:17: [retrieval_preprocessing] finished and saved retrieval indices for episode 100865 [episode count 17/38]
[retrieval_preprocessing] for episode 100866 [episode count 18/38], we have num_retrieval=np.int64(9477) num_query=np.int64(330)
2026-03-08 03:35:50: [retrieval_preprocessing] calculating distances ...
2026-03-08 03:35:51: [retrieval_preprocessing] finished and saved retrieval indices for episode 100866 [episode count 18/38]
[retrieval_preprocessing] for episode 100867 [episode count 19/38], we have num_retrieval=np.int64(9538) num_query=np.int64(269)
2026-03-08 03:37:23: [retrieval_preprocessing] calculating distances ...
2026-03-08 03:37:24: [retrieval_preprocessing] finished and saved retrieval indices for episode 100867 [episode count 19/38]
[retrieval_preprocessing] for episode 100868 [episode count 20/38], we have num_retrieval=np.int64(9571) num_query=np.int64(236)
2026-03-08 03:38:56: [retrieval_preprocessing] calculating distances ...
2026-03-08 03:38:56: [retrieval_preprocessing] finished and saved retrieval indices for episode 100868 [episode count 20/38]
[retrieval_preprocessing] for episode 100869 [episode count 21/38], we have num_retrieval=np.int64(9582) num_query=np.int64(225)
2026-03-08 03:40:29: [retrieval_preprocessing] calculating distances ...
2026-03-08 03:40:30: [retrieval_preprocessing] finished and saved retrieval indices for episode 100869 [episode count 21/38]
[retrieval_preprocessing] for episode 100870 [episode count 22/38], we have num_retrieval=np.int64(9565) num_query=np.int64(242)
2026-03-08 03:42:00: [retrieval_preprocessing] calculating distances ...
2026-03-08 03:42:01: [retrieval_preprocessing] finished and saved retrieval indices for episode 100870 [episode count 22/38]
[retrieval_preprocessing] for episode 100871 [episode count 23/38], we have num_retrieval=np.int64(9541) num_query=np.int64(266)
2026-03-08 03:43:33: [retrieval_preprocessing] calculating distances ...
2026-03-08 03:43:34: [retrieval_preprocessing] finished and saved retrieval indices for episode 100871 [episode count 23/38]
[retrieval_preprocessing] for episode 100872 [episode count 24/38], we have num_retrieval=np.int64(9574) num_query=np.int64(233)
2026-03-08 03:45:05: [retrieval_preprocessing] calculating distances ...
2026-03-08 03:45:06: [retrieval_preprocessing] finished and saved retrieval indices for episode 100872 [episode count 24/38]
[retrieval_preprocessing] for episode 100873 [episode count 25/38], we have num_retrieval=np.int64(9567) num_query=np.int64(240)
2026-03-08 03:46:37: [retrieval_preprocessing] calculating distances ...
2026-03-08 03:46:38: [retrieval_preprocessing] finished and saved retrieval indices for episode 100873 [episode count 25/38]
[retrieval_preprocessing] for episode 100874 [episode count 26/38], we have num_retrieval=np.int64(9542) num_query=np.int64(265)
2026-03-08 03:48:09: [retrieval_preprocessing] calculating distances ...
2026-03-08 03:48:10: [retrieval_preprocessing] finished and saved retrieval indices for episode 100874 [episode count 26/38]
[retrieval_preprocessing] for episode 100875 [episode count 27/38], we have num_retrieval=np.int64(9532) num_query=np.int64(275)
2026-03-08 03:49:43: [retrieval_preprocessing] calculating distances ...
2026-03-08 03:49:43: [retrieval_preprocessing] finished and saved retrieval indices for episode 100875 [episode count 27/38]
[retrieval_preprocessing] for episode 100876 [episode count 28/38], we have num_retrieval=np.int64(9583) num_query=np.int64(224)
2026-03-08 03:51:15: [retrieval_preprocessing] calculating distances ...
2026-03-08 03:51:16: [retrieval_preprocessing] finished and saved retrieval indices for episode 100876 [episode count 28/38]
[retrieval_preprocessing] for episode 100877 [episode count 29/38], we have num_retrieval=np.int64(9554) num_query=np.int64(253)
2026-03-08 03:52:48: [retrieval_preprocessing] calculating distances ...
2026-03-08 03:52:49: [retrieval_preprocessing] finished and saved retrieval indices for episode 100877 [episode count 29/38]
[retrieval_preprocessing] for episode 100878 [episode count 30/38], we have num_retrieval=np.int64(9574) num_query=np.int64(233)
2026-03-08 03:54:20: [retrieval_preprocessing] calculating distances ...
2026-03-08 03:54:21: [retrieval_preprocessing] finished and saved retrieval indices for episode 100878 [episode count 30/38]
[retrieval_preprocessing] for episode 100879 [episode count 31/38], we have num_retrieval=np.int64(9574) num_query=np.int64(233)
2026-03-08 03:55:53: [retrieval_preprocessing] calculating distances ...
2026-03-08 03:55:54: [retrieval_preprocessing] finished and saved retrieval indices for episode 100879 [episode count 31/38]
[retrieval_preprocessing] for episode 100880 [episode count 32/38], we have num_retrieval=np.int64(9541) num_query=np.int64(266)
2026-03-08 03:57:26: [retrieval_preprocessing] calculating distances ...
2026-03-08 03:57:27: [retrieval_preprocessing] finished and saved retrieval indices for episode 100880 [episode count 32/38]
[retrieval_preprocessing] for episode 100881 [episode count 33/38], we have num_retrieval=np.int64(9548) num_query=np.int64(259)
2026-03-08 03:58:57: [retrieval_preprocessing] calculating distances ...
2026-03-08 03:58:58: [retrieval_preprocessing] finished and saved retrieval indices for episode 100881 [episode count 33/38]
[retrieval_preprocessing] for episode 100882 [episode count 34/38], we have num_retrieval=np.int64(9531) num_query=np.int64(276)
2026-03-08 04:00:29: [retrieval_preprocessing] calculating distances ...
2026-03-08 04:00:29: [retrieval_preprocessing] finished and saved retrieval indices for episode 100882 [episode count 34/38]
[retrieval_preprocessing] for episode 100883 [episode count 35/38], we have num_retrieval=np.int64(9559) num_query=np.int64(248)
2026-03-08 04:02:00: [retrieval_preprocessing] calculating distances ...
2026-03-08 04:02:01: [retrieval_preprocessing] finished and saved retrieval indices for episode 100883 [episode count 35/38]
[retrieval_preprocessing] for episode 100884 [episode count 36/38], we have num_retrieval=np.int64(9515) num_query=np.int64(292)
2026-03-08 04:03:32: [retrieval_preprocessing] calculating distances ...
2026-03-08 04:03:33: [retrieval_preprocessing] finished and saved retrieval indices for episode 100884 [episode count 36/38]
[retrieval_preprocessing] for episode 100885 [episode count 37/38], we have num_retrieval=np.int64(9530) num_query=np.int64(277)
2026-03-08 04:05:04: [retrieval_preprocessing] calculating distances ...
2026-03-08 04:05:05: [retrieval_preprocessing] finished and saved retrieval indices for episode 100885 [episode count 37/38]
2026-03-08 04:05:05: [retrieval_preprocessing] finished for libero_collected_demos_training/put_the_white_mug_on_the_left_plate_and_put_the_yellow_and_white_mug_on_the_right_plate [chosen_id count 20/32]
2026-03-08 04:05:10: [retrieval_preprocessing] concatenated all embeddings and indices for 40 episodes for libero_collected_demos_training/put_the_cream_cheese_in_the_bowl [chosen_id count 21/32]
2026-03-08 04:05:10: [retrieval_preprocessing] we have num_total=4203 embedding_dim=49152
[retrieval_preprocessing] for episode 100886 [episode count 0/40], we have num_retrieval=np.int64(4096) num_query=np.int64(107)
2026-03-08 04:06:12: [retrieval_preprocessing] calculating distances ...
2026-03-08 04:06:13: [retrieval_preprocessing] finished and saved retrieval indices for episode 100886 [episode count 0/40]
[retrieval_preprocessing] for episode 100887 [episode count 1/40], we have num_retrieval=np.int64(4113) num_query=np.int64(90)
2026-03-08 04:07:15: [retrieval_preprocessing] calculating distances ...
2026-03-08 04:07:15: [retrieval_preprocessing] finished and saved retrieval indices for episode 100887 [episode count 1/40]
[retrieval_preprocessing] for episode 100888 [episode count 2/40], we have num_retrieval=np.int64(4107) num_query=np.int64(96)
2026-03-08 04:08:16: [retrieval_preprocessing] calculating distances ...
2026-03-08 04:08:16: [retrieval_preprocessing] finished and saved retrieval indices for episode 100888 [episode count 2/40]
[retrieval_preprocessing] for episode 100889 [episode count 3/40], we have num_retrieval=np.int64(4111) num_query=np.int64(92)
2026-03-08 04:09:18: [retrieval_preprocessing] calculating distances ...
2026-03-08 04:09:19: [retrieval_preprocessing] finished and saved retrieval indices for episode 100889 [episode count 3/40]
[retrieval_preprocessing] for episode 100890 [episode count 4/40], we have num_retrieval=np.int64(4111) num_query=np.int64(92)
2026-03-08 04:10:19: [retrieval_preprocessing] calculating distances ...
2026-03-08 04:10:20: [retrieval_preprocessing] finished and saved retrieval indices for episode 100890 [episode count 4/40]
[retrieval_preprocessing] for episode 100891 [episode count 5/40], we have num_retrieval=np.int64(4096) num_query=np.int64(107)
2026-03-08 04:11:22: [retrieval_preprocessing] calculating distances ...
2026-03-08 04:11:22: [retrieval_preprocessing] finished and saved retrieval indices for episode 100891 [episode count 5/40]
[retrieval_preprocessing] for episode 100892 [episode count 6/40], we have num_retrieval=np.int64(4098) num_query=np.int64(105)
2026-03-08 04:12:24: [retrieval_preprocessing] calculating distances ...
2026-03-08 04:12:24: [retrieval_preprocessing] finished and saved retrieval indices for episode 100892 [episode count 6/40]
[retrieval_preprocessing] for episode 100893 [episode count 7/40], we have num_retrieval=np.int64(4068) num_query=np.int64(135)
2026-03-08 04:13:26: [retrieval_preprocessing] calculating distances ...
2026-03-08 04:13:27: [retrieval_preprocessing] finished and saved retrieval indices for episode 100893 [episode count 7/40]
[retrieval_preprocessing] for episode 100894 [episode count 8/40], we have num_retrieval=np.int64(4090) num_query=np.int64(113)
2026-03-08 04:14:29: [retrieval_preprocessing] calculating distances ...
2026-03-08 04:14:30: [retrieval_preprocessing] finished and saved retrieval indices for episode 100894 [episode count 8/40]
[retrieval_preprocessing] for episode 100895 [episode count 9/40], we have num_retrieval=np.int64(4094) num_query=np.int64(109)
2026-03-08 04:15:31: [retrieval_preprocessing] calculating distances ...
2026-03-08 04:15:32: [retrieval_preprocessing] finished and saved retrieval indices for episode 100895 [episode count 9/40]
[retrieval_preprocessing] for episode 100896 [episode count 10/40], we have num_retrieval=np.int64(4093) num_query=np.int64(110)
2026-03-08 04:16:34: [retrieval_preprocessing] calculating distances ...
2026-03-08 04:16:34: [retrieval_preprocessing] finished and saved retrieval indices for episode 100896 [episode count 10/40]
[retrieval_preprocessing] for episode 100897 [episode count 11/40], we have num_retrieval=np.int64(4092) num_query=np.int64(111)
2026-03-08 04:17:36: [retrieval_preprocessing] calculating distances ...
2026-03-08 04:17:37: [retrieval_preprocessing] finished and saved retrieval indices for episode 100897 [episode count 11/40]
[retrieval_preprocessing] for episode 100898 [episode count 12/40], we have num_retrieval=np.int64(4091) num_query=np.int64(112)
2026-03-08 04:18:37: [retrieval_preprocessing] calculating distances ...
2026-03-08 04:18:38: [retrieval_preprocessing] finished and saved retrieval indices for episode 100898 [episode count 12/40]
[retrieval_preprocessing] for episode 100899 [episode count 13/40], we have num_retrieval=np.int64(4101) num_query=np.int64(102)
2026-03-08 04:19:40: [retrieval_preprocessing] calculating distances ...
2026-03-08 04:19:40: [retrieval_preprocessing] finished and saved retrieval indices for episode 100899 [episode count 13/40]
[retrieval_preprocessing] for episode 100900 [episode count 14/40], we have num_retrieval=np.int64(4104) num_query=np.int64(99)
2026-03-08 04:20:42: [retrieval_preprocessing] calculating distances ...
2026-03-08 04:20:42: [retrieval_preprocessing] finished and saved retrieval indices for episode 100900 [episode count 14/40]
[retrieval_preprocessing] for episode 100901 [episode count 15/40], we have num_retrieval=np.int64(4100) num_query=np.int64(103)
2026-03-08 04:21:44: [retrieval_preprocessing] calculating distances ...
2026-03-08 04:21:45: [retrieval_preprocessing] finished and saved retrieval indices for episode 100901 [episode count 15/40]
[retrieval_preprocessing] for episode 100902 [episode count 16/40], we have num_retrieval=np.int64(4118) num_query=np.int64(85)
2026-03-08 04:22:47: [retrieval_preprocessing] calculating distances ...
2026-03-08 04:22:47: [retrieval_preprocessing] finished and saved retrieval indices for episode 100902 [episode count 16/40]
[retrieval_preprocessing] for episode 100903 [episode count 17/40], we have num_retrieval=np.int64(4093) num_query=np.int64(110)
2026-03-08 04:23:49: [retrieval_preprocessing] calculating distances ...
2026-03-08 04:23:49: [retrieval_preprocessing] finished and saved retrieval indices for episode 100903 [episode count 17/40]
[retrieval_preprocessing] for episode 100904 [episode count 18/40], we have num_retrieval=np.int64(4105) num_query=np.int64(98)
2026-03-08 04:24:51: [retrieval_preprocessing] calculating distances ...
2026-03-08 04:24:51: [retrieval_preprocessing] finished and saved retrieval indices for episode 100904 [episode count 18/40]
[retrieval_preprocessing] for episode 100905 [episode count 19/40], we have num_retrieval=np.int64(4104) num_query=np.int64(99)
2026-03-08 04:25:54: [retrieval_preprocessing] calculating distances ...
2026-03-08 04:25:54: [retrieval_preprocessing] finished and saved retrieval indices for episode 100905 [episode count 19/40]
[retrieval_preprocessing] for episode 100906 [episode count 20/40], we have num_retrieval=np.int64(4099) num_query=np.int64(104)
2026-03-08 04:26:57: [retrieval_preprocessing] calculating distances ...
2026-03-08 04:26:57: [retrieval_preprocessing] finished and saved retrieval indices for episode 100906 [episode count 20/40]
[retrieval_preprocessing] for episode 100907 [episode count 21/40], we have num_retrieval=np.int64(4100) num_query=np.int64(103)
2026-03-08 04:27:59: [retrieval_preprocessing] calculating distances ...
2026-03-08 04:28:00: [retrieval_preprocessing] finished and saved retrieval indices for episode 100907 [episode count 21/40]
[retrieval_preprocessing] for episode 100908 [episode count 22/40], we have num_retrieval=np.int64(4056) num_query=np.int64(147)
2026-03-08 04:29:01: [retrieval_preprocessing] calculating distances ...
2026-03-08 04:29:02: [retrieval_preprocessing] finished and saved retrieval indices for episode 100908 [episode count 22/40]
[retrieval_preprocessing] for episode 100909 [episode count 23/40], we have num_retrieval=np.int64(4090) num_query=np.int64(113)
2026-03-08 04:30:04: [retrieval_preprocessing] calculating distances ...
2026-03-08 04:30:04: [retrieval_preprocessing] finished and saved retrieval indices for episode 100909 [episode count 23/40]
[retrieval_preprocessing] for episode 100910 [episode count 24/40], we have num_retrieval=np.int64(4091) num_query=np.int64(112)
2026-03-08 04:31:06: [retrieval_preprocessing] calculating distances ...
2026-03-08 04:31:06: [retrieval_preprocessing] finished and saved retrieval indices for episode 100910 [episode count 24/40]
[retrieval_preprocessing] for episode 100911 [episode count 25/40], we have num_retrieval=np.int64(4108) num_query=np.int64(95)
2026-03-08 04:32:10: [retrieval_preprocessing] calculating distances ...
2026-03-08 04:32:10: [retrieval_preprocessing] finished and saved retrieval indices for episode 100911 [episode count 25/40]
[retrieval_preprocessing] for episode 100912 [episode count 26/40], we have num_retrieval=np.int64(4108) num_query=np.int64(95)
2026-03-08 04:33:14: [retrieval_preprocessing] calculating distances ...
2026-03-08 04:33:14: [retrieval_preprocessing] finished and saved retrieval indices for episode 100912 [episode count 26/40]
[retrieval_preprocessing] for episode 100913 [episode count 27/40], we have num_retrieval=np.int64(4067) num_query=np.int64(136)
2026-03-08 04:34:17: [retrieval_preprocessing] calculating distances ...
2026-03-08 04:34:17: [retrieval_preprocessing] finished and saved retrieval indices for episode 100913 [episode count 27/40]
[retrieval_preprocessing] for episode 100914 [episode count 28/40], we have num_retrieval=np.int64(4099) num_query=np.int64(104)
2026-03-08 04:35:21: [retrieval_preprocessing] calculating distances ...
2026-03-08 04:35:21: [retrieval_preprocessing] finished and saved retrieval indices for episode 100914 [episode count 28/40]
[retrieval_preprocessing] for episode 100915 [episode count 29/40], we have num_retrieval=np.int64(4107) num_query=np.int64(96)
2026-03-08 04:36:23: [retrieval_preprocessing] calculating distances ...
2026-03-08 04:36:23: [retrieval_preprocessing] finished and saved retrieval indices for episode 100915 [episode count 29/40]
[retrieval_preprocessing] for episode 100916 [episode count 30/40], we have num_retrieval=np.int64(4108) num_query=np.int64(95)
2026-03-08 04:37:25: [retrieval_preprocessing] calculating distances ...
2026-03-08 04:37:26: [retrieval_preprocessing] finished and saved retrieval indices for episode 100916 [episode count 30/40]
[retrieval_preprocessing] for episode 100917 [episode count 31/40], we have num_retrieval=np.int64(4100) num_query=np.int64(103)
2026-03-08 04:38:28: [retrieval_preprocessing] calculating distances ...
2026-03-08 04:38:28: [retrieval_preprocessing] finished and saved retrieval indices for episode 100917 [episode count 31/40]
[retrieval_preprocessing] for episode 100918 [episode count 32/40], we have num_retrieval=np.int64(4097) num_query=np.int64(106)
2026-03-08 04:39:30: [retrieval_preprocessing] calculating distances ...
2026-03-08 04:39:30: [retrieval_preprocessing] finished and saved retrieval indices for episode 100918 [episode count 32/40]
[retrieval_preprocessing] for episode 100919 [episode count 33/40], we have num_retrieval=np.int64(4107) num_query=np.int64(96)
2026-03-08 04:40:33: [retrieval_preprocessing] calculating distances ...
2026-03-08 04:40:33: [retrieval_preprocessing] finished and saved retrieval indices for episode 100919 [episode count 33/40]
[retrieval_preprocessing] for episode 100920 [episode count 34/40], we have num_retrieval=np.int64(4097) num_query=np.int64(106)
2026-03-08 04:41:35: [retrieval_preprocessing] calculating distances ...
2026-03-08 04:41:35: [retrieval_preprocessing] finished and saved retrieval indices for episode 100920 [episode count 34/40]
[retrieval_preprocessing] for episode 100921 [episode count 35/40], we have num_retrieval=np.int64(4117) num_query=np.int64(86)
2026-03-08 04:42:37: [retrieval_preprocessing] calculating distances ...
2026-03-08 04:42:38: [retrieval_preprocessing] finished and saved retrieval indices for episode 100921 [episode count 35/40]
[retrieval_preprocessing] for episode 100922 [episode count 36/40], we have num_retrieval=np.int64(4108) num_query=np.int64(95)
2026-03-08 04:43:39: [retrieval_preprocessing] calculating distances ...
2026-03-08 04:43:40: [retrieval_preprocessing] finished and saved retrieval indices for episode 100922 [episode count 36/40]
[retrieval_preprocessing] for episode 100923 [episode count 37/40], we have num_retrieval=np.int64(4094) num_query=np.int64(109)
2026-03-08 04:44:41: [retrieval_preprocessing] calculating distances ...
2026-03-08 04:44:41: [retrieval_preprocessing] finished and saved retrieval indices for episode 100923 [episode count 37/40]
[retrieval_preprocessing] for episode 100924 [episode count 38/40], we have num_retrieval=np.int64(4107) num_query=np.int64(96)
2026-03-08 04:45:44: [retrieval_preprocessing] calculating distances ...
2026-03-08 04:45:45: [retrieval_preprocessing] finished and saved retrieval indices for episode 100924 [episode count 38/40]
[retrieval_preprocessing] for episode 100925 [episode count 39/40], we have num_retrieval=np.int64(4072) num_query=np.int64(131)
2026-03-08 04:46:47: [retrieval_preprocessing] calculating distances ...
2026-03-08 04:46:48: [retrieval_preprocessing] finished and saved retrieval indices for episode 100925 [episode count 39/40]
2026-03-08 04:46:48: [retrieval_preprocessing] finished for libero_collected_demos_training/put_the_cream_cheese_in_the_bowl [chosen_id count 21/32]
2026-03-08 04:46:55: [retrieval_preprocessing] concatenated all embeddings and indices for 36 episodes for libero_collected_demos_training/put_the_wine_bottle_on_the_rack [chosen_id count 22/32]
2026-03-08 04:46:55: [retrieval_preprocessing] we have num_total=6224 embedding_dim=49152
[retrieval_preprocessing] for episode 100926 [episode count 0/36], we have num_retrieval=np.int64(6076) num_query=np.int64(148)
2026-03-08 04:48:05: [retrieval_preprocessing] calculating distances ...
2026-03-08 04:48:05: [retrieval_preprocessing] finished and saved retrieval indices for episode 100926 [episode count 0/36]
[retrieval_preprocessing] for episode 100927 [episode count 1/36], we have num_retrieval=np.int64(6066) num_query=np.int64(158)
2026-03-08 04:49:17: [retrieval_preprocessing] calculating distances ...
2026-03-08 04:49:17: [retrieval_preprocessing] finished and saved retrieval indices for episode 100927 [episode count 1/36]
[retrieval_preprocessing] for episode 100928 [episode count 2/36], we have num_retrieval=np.int64(6054) num_query=np.int64(170)
2026-03-08 04:50:30: [retrieval_preprocessing] calculating distances ...
2026-03-08 04:50:30: [retrieval_preprocessing] finished and saved retrieval indices for episode 100928 [episode count 2/36]
[retrieval_preprocessing] for episode 100929 [episode count 3/36], we have num_retrieval=np.int64(6040) num_query=np.int64(184)
2026-03-08 04:51:43: [retrieval_preprocessing] calculating distances ...
2026-03-08 04:51:43: [retrieval_preprocessing] finished and saved retrieval indices for episode 100929 [episode count 3/36]
[retrieval_preprocessing] for episode 100930 [episode count 4/36], we have num_retrieval=np.int64(6051) num_query=np.int64(173)
2026-03-08 04:52:56: [retrieval_preprocessing] calculating distances ...
2026-03-08 04:52:56: [retrieval_preprocessing] finished and saved retrieval indices for episode 100930 [episode count 4/36]
[retrieval_preprocessing] for episode 100931 [episode count 5/36], we have num_retrieval=np.int64(6023) num_query=np.int64(201)
2026-03-08 04:54:07: [retrieval_preprocessing] calculating distances ...
2026-03-08 04:54:07: [retrieval_preprocessing] finished and saved retrieval indices for episode 100931 [episode count 5/36]
[retrieval_preprocessing] for episode 100932 [episode count 6/36], we have num_retrieval=np.int64(6020) num_query=np.int64(204)
2026-03-08 04:55:19: [retrieval_preprocessing] calculating distances ...
2026-03-08 04:55:19: [retrieval_preprocessing] finished and saved retrieval indices for episode 100932 [episode count 6/36]
[retrieval_preprocessing] for episode 100933 [episode count 7/36], we have num_retrieval=np.int64(6045) num_query=np.int64(179)
2026-03-08 04:56:32: [retrieval_preprocessing] calculating distances ...
2026-03-08 04:56:32: [retrieval_preprocessing] finished and saved retrieval indices for episode 100933 [episode count 7/36]
[retrieval_preprocessing] for episode 100934 [episode count 8/36], we have num_retrieval=np.int64(6069) num_query=np.int64(155)
2026-03-08 04:57:45: [retrieval_preprocessing] calculating distances ...
2026-03-08 04:57:45: [retrieval_preprocessing] finished and saved retrieval indices for episode 100934 [episode count 8/36]
[retrieval_preprocessing] for episode 100935 [episode count 9/36], we have num_retrieval=np.int64(6042) num_query=np.int64(182)
2026-03-08 04:58:57: [retrieval_preprocessing] calculating distances ...
2026-03-08 04:58:57: [retrieval_preprocessing] finished and saved retrieval indices for episode 100935 [episode count 9/36]
[retrieval_preprocessing] for episode 100936 [episode count 10/36], we have num_retrieval=np.int64(6052) num_query=np.int64(172)
2026-03-08 05:00:10: [retrieval_preprocessing] calculating distances ...
2026-03-08 05:00:10: [retrieval_preprocessing] finished and saved retrieval indices for episode 100936 [episode count 10/36]
[retrieval_preprocessing] for episode 100937 [episode count 11/36], we have num_retrieval=np.int64(6068) num_query=np.int64(156)
2026-03-08 05:01:23: [retrieval_preprocessing] calculating distances ...
2026-03-08 05:01:23: [retrieval_preprocessing] finished and saved retrieval indices for episode 100937 [episode count 11/36]
[retrieval_preprocessing] for episode 100938 [episode count 12/36], we have num_retrieval=np.int64(6072) num_query=np.int64(152)
2026-03-08 05:02:35: [retrieval_preprocessing] calculating distances ...
2026-03-08 05:02:36: [retrieval_preprocessing] finished and saved retrieval indices for episode 100938 [episode count 12/36]
[retrieval_preprocessing] for episode 100939 [episode count 13/36], we have num_retrieval=np.int64(6008) num_query=np.int64(216)
2026-03-08 05:03:47: [retrieval_preprocessing] calculating distances ...
2026-03-08 05:03:48: [retrieval_preprocessing] finished and saved retrieval indices for episode 100939 [episode count 13/36]
[retrieval_preprocessing] for episode 100940 [episode count 14/36], we have num_retrieval=np.int64(6054) num_query=np.int64(170)
2026-03-08 05:04:59: [retrieval_preprocessing] calculating distances ...
2026-03-08 05:05:00: [retrieval_preprocessing] finished and saved retrieval indices for episode 100940 [episode count 14/36]
[retrieval_preprocessing] for episode 100941 [episode count 15/36], we have num_retrieval=np.int64(6071) num_query=np.int64(153)
2026-03-08 05:06:11: [retrieval_preprocessing] calculating distances ...
2026-03-08 05:06:11: [retrieval_preprocessing] finished and saved retrieval indices for episode 100941 [episode count 15/36]
[retrieval_preprocessing] for episode 100942 [episode count 16/36], we have num_retrieval=np.int64(6055) num_query=np.int64(169)
2026-03-08 05:07:24: [retrieval_preprocessing] calculating distances ...
2026-03-08 05:07:24: [retrieval_preprocessing] finished and saved retrieval indices for episode 100942 [episode count 16/36]
[retrieval_preprocessing] for episode 100943 [episode count 17/36], we have num_retrieval=np.int64(6025) num_query=np.int64(199)
2026-03-08 05:08:36: [retrieval_preprocessing] calculating distances ...
2026-03-08 05:08:36: [retrieval_preprocessing] finished and saved retrieval indices for episode 100943 [episode count 17/36]
[retrieval_preprocessing] for episode 100944 [episode count 18/36], we have num_retrieval=np.int64(6074) num_query=np.int64(150)
2026-03-08 05:09:49: [retrieval_preprocessing] calculating distances ...
2026-03-08 05:09:49: [retrieval_preprocessing] finished and saved retrieval indices for episode 100944 [episode count 18/36]
[retrieval_preprocessing] for episode 100945 [episode count 19/36], we have num_retrieval=np.int64(5970) num_query=np.int64(254)
2026-03-08 05:11:01: [retrieval_preprocessing] calculating distances ...
2026-03-08 05:11:02: [retrieval_preprocessing] finished and saved retrieval indices for episode 100945 [episode count 19/36]
[retrieval_preprocessing] for episode 100946 [episode count 20/36], we have num_retrieval=np.int64(6060) num_query=np.int64(164)
2026-03-08 05:12:15: [retrieval_preprocessing] calculating distances ...
2026-03-08 05:12:16: [retrieval_preprocessing] finished and saved retrieval indices for episode 100946 [episode count 20/36]
[retrieval_preprocessing] for episode 100947 [episode count 21/36], we have num_retrieval=np.int64(6069) num_query=np.int64(155)
2026-03-08 05:13:28: [retrieval_preprocessing] calculating distances ...
2026-03-08 05:13:29: [retrieval_preprocessing] finished and saved retrieval indices for episode 100947 [episode count 21/36]
[retrieval_preprocessing] for episode 100948 [episode count 22/36], we have num_retrieval=np.int64(6054) num_query=np.int64(170)
2026-03-08 05:14:40: [retrieval_preprocessing] calculating distances ...
2026-03-08 05:14:40: [retrieval_preprocessing] finished and saved retrieval indices for episode 100948 [episode count 22/36]
[retrieval_preprocessing] for episode 100949 [episode count 23/36], we have num_retrieval=np.int64(6028) num_query=np.int64(196)
2026-03-08 05:15:52: [retrieval_preprocessing] calculating distances ...
2026-03-08 05:15:52: [retrieval_preprocessing] finished and saved retrieval indices for episode 100949 [episode count 23/36]
[retrieval_preprocessing] for episode 100950 [episode count 24/36], we have num_retrieval=np.int64(6072) num_query=np.int64(152)
2026-03-08 05:17:05: [retrieval_preprocessing] calculating distances ...
2026-03-08 05:17:05: [retrieval_preprocessing] finished and saved retrieval indices for episode 100950 [episode count 24/36]
[retrieval_preprocessing] for episode 100951 [episode count 25/36], we have num_retrieval=np.int64(6075) num_query=np.int64(149)
2026-03-08 05:18:17: [retrieval_preprocessing] calculating distances ...
2026-03-08 05:18:17: [retrieval_preprocessing] finished and saved retrieval indices for episode 100951 [episode count 25/36]
[retrieval_preprocessing] for episode 100952 [episode count 26/36], we have num_retrieval=np.int64(6069) num_query=np.int64(155)
2026-03-08 05:19:29: [retrieval_preprocessing] calculating distances ...
2026-03-08 05:19:29: [retrieval_preprocessing] finished and saved retrieval indices for episode 100952 [episode count 26/36]
[retrieval_preprocessing] for episode 100953 [episode count 27/36], we have num_retrieval=np.int64(6064) num_query=np.int64(160)
2026-03-08 05:20:41: [retrieval_preprocessing] calculating distances ...
2026-03-08 05:20:41: [retrieval_preprocessing] finished and saved retrieval indices for episode 100953 [episode count 27/36]
[retrieval_preprocessing] for episode 100954 [episode count 28/36], we have num_retrieval=np.int64(6071) num_query=np.int64(153)
2026-03-08 05:21:52: [retrieval_preprocessing] calculating distances ...
2026-03-08 05:21:53: [retrieval_preprocessing] finished and saved retrieval indices for episode 100954 [episode count 28/36]
[retrieval_preprocessing] for episode 100955 [episode count 29/36], we have num_retrieval=np.int64(6057) num_query=np.int64(167)
2026-03-08 05:23:04: [retrieval_preprocessing] calculating distances ...
2026-03-08 05:23:05: [retrieval_preprocessing] finished and saved retrieval indices for episode 100955 [episode count 29/36]
[retrieval_preprocessing] for episode 100956 [episode count 30/36], we have num_retrieval=np.int64(6060) num_query=np.int64(164)
2026-03-08 05:24:17: [retrieval_preprocessing] calculating distances ...
2026-03-08 05:24:17: [retrieval_preprocessing] finished and saved retrieval indices for episode 100956 [episode count 30/36]
[retrieval_preprocessing] for episode 100957 [episode count 31/36], we have num_retrieval=np.int64(6047) num_query=np.int64(177)
2026-03-08 05:25:30: [retrieval_preprocessing] calculating distances ...
2026-03-08 05:25:30: [retrieval_preprocessing] finished and saved retrieval indices for episode 100957 [episode count 31/36]
[retrieval_preprocessing] for episode 100958 [episode count 32/36], we have num_retrieval=np.int64(6057) num_query=np.int64(167)
2026-03-08 05:26:43: [retrieval_preprocessing] calculating distances ...
2026-03-08 05:26:43: [retrieval_preprocessing] finished and saved retrieval indices for episode 100958 [episode count 32/36]
[retrieval_preprocessing] for episode 100959 [episode count 33/36], we have num_retrieval=np.int64(6040) num_query=np.int64(184)
2026-03-08 05:27:56: [retrieval_preprocessing] calculating distances ...
2026-03-08 05:27:56: [retrieval_preprocessing] finished and saved retrieval indices for episode 100959 [episode count 33/36]
[retrieval_preprocessing] for episode 100960 [episode count 34/36], we have num_retrieval=np.int64(6047) num_query=np.int64(177)
2026-03-08 05:29:08: [retrieval_preprocessing] calculating distances ...
2026-03-08 05:29:08: [retrieval_preprocessing] finished and saved retrieval indices for episode 100960 [episode count 34/36]
[retrieval_preprocessing] for episode 100961 [episode count 35/36], we have num_retrieval=np.int64(6035) num_query=np.int64(189)
2026-03-08 05:30:21: [retrieval_preprocessing] calculating distances ...
2026-03-08 05:30:21: [retrieval_preprocessing] finished and saved retrieval indices for episode 100961 [episode count 35/36]
2026-03-08 05:30:21: [retrieval_preprocessing] finished for libero_collected_demos_training/put_the_wine_bottle_on_the_rack [chosen_id count 22/32]
2026-03-08 05:30:27: [retrieval_preprocessing] concatenated all embeddings and indices for 50 episodes for libero_collected_demos_training/turn_on_the_stove [chosen_id count 23/32]
2026-03-08 05:30:27: [retrieval_preprocessing] we have num_total=4454 embedding_dim=49152
[retrieval_preprocessing] for episode 100962 [episode count 0/50], we have num_retrieval=np.int64(4335) num_query=np.int64(119)
2026-03-08 05:31:37: [retrieval_preprocessing] calculating distances ...
2026-03-08 05:31:37: [retrieval_preprocessing] finished and saved retrieval indices for episode 100962 [episode count 0/50]
[retrieval_preprocessing] for episode 100963 [episode count 1/50], we have num_retrieval=np.int64(4368) num_query=np.int64(86)
2026-03-08 05:32:44: [retrieval_preprocessing] calculating distances ...
2026-03-08 05:32:45: [retrieval_preprocessing] finished and saved retrieval indices for episode 100963 [episode count 1/50]
[retrieval_preprocessing] for episode 100964 [episode count 2/50], we have num_retrieval=np.int64(4368) num_query=np.int64(86)
2026-03-08 05:33:52: [retrieval_preprocessing] calculating distances ...
2026-03-08 05:33:52: [retrieval_preprocessing] finished and saved retrieval indices for episode 100964 [episode count 2/50]
[retrieval_preprocessing] for episode 100965 [episode count 3/50], we have num_retrieval=np.int64(4369) num_query=np.int64(85)
2026-03-08 05:35:00: [retrieval_preprocessing] calculating distances ...
2026-03-08 05:35:00: [retrieval_preprocessing] finished and saved retrieval indices for episode 100965 [episode count 3/50]
[retrieval_preprocessing] for episode 100966 [episode count 4/50], we have num_retrieval=np.int64(4374) num_query=np.int64(80)
2026-03-08 05:36:08: [retrieval_preprocessing] calculating distances ...
2026-03-08 05:36:08: [retrieval_preprocessing] finished and saved retrieval indices for episode 100966 [episode count 4/50]
[retrieval_preprocessing] for episode 100967 [episode count 5/50], we have num_retrieval=np.int64(4358) num_query=np.int64(96)
2026-03-08 05:37:16: [retrieval_preprocessing] calculating distances ...
2026-03-08 05:37:16: [retrieval_preprocessing] finished and saved retrieval indices for episode 100967 [episode count 5/50]
[retrieval_preprocessing] for episode 100968 [episode count 6/50], we have num_retrieval=np.int64(4365) num_query=np.int64(89)
2026-03-08 05:38:24: [retrieval_preprocessing] calculating distances ...
2026-03-08 05:38:24: [retrieval_preprocessing] finished and saved retrieval indices for episode 100968 [episode count 6/50]
[retrieval_preprocessing] for episode 100969 [episode count 7/50], we have num_retrieval=np.int64(4370) num_query=np.int64(84)
2026-03-08 05:39:31: [retrieval_preprocessing] calculating distances ...
2026-03-08 05:39:31: [retrieval_preprocessing] finished and saved retrieval indices for episode 100969 [episode count 7/50]
[retrieval_preprocessing] for episode 100970 [episode count 8/50], we have num_retrieval=np.int64(4366) num_query=np.int64(88)
2026-03-08 05:40:37: [retrieval_preprocessing] calculating distances ...
2026-03-08 05:40:38: [retrieval_preprocessing] finished and saved retrieval indices for episode 100970 [episode count 8/50]
[retrieval_preprocessing] for episode 100971 [episode count 9/50], we have num_retrieval=np.int64(4366) num_query=np.int64(88)
2026-03-08 05:41:45: [retrieval_preprocessing] calculating distances ...
2026-03-08 05:41:45: [retrieval_preprocessing] finished and saved retrieval indices for episode 100971 [episode count 9/50]
[retrieval_preprocessing] for episode 100972 [episode count 10/50], we have num_retrieval=np.int64(4363) num_query=np.int64(91)
2026-03-08 05:42:53: [retrieval_preprocessing] calculating distances ...
2026-03-08 05:42:53: [retrieval_preprocessing] finished and saved retrieval indices for episode 100972 [episode count 10/50]
[retrieval_preprocessing] for episode 100973 [episode count 11/50], we have num_retrieval=np.int64(4364) num_query=np.int64(90)
2026-03-08 05:43:58: [retrieval_preprocessing] calculating distances ...
2026-03-08 05:43:58: [retrieval_preprocessing] finished and saved retrieval indices for episode 100973 [episode count 11/50]
[retrieval_preprocessing] for episode 100974 [episode count 12/50], we have num_retrieval=np.int64(4359) num_query=np.int64(95)
2026-03-08 05:45:05: [retrieval_preprocessing] calculating distances ...
2026-03-08 05:45:06: [retrieval_preprocessing] finished and saved retrieval indices for episode 100974 [episode count 12/50]
[retrieval_preprocessing] for episode 100975 [episode count 13/50], we have num_retrieval=np.int64(4369) num_query=np.int64(85)
2026-03-08 05:46:12: [retrieval_preprocessing] calculating distances ...
2026-03-08 05:46:12: [retrieval_preprocessing] finished and saved retrieval indices for episode 100975 [episode count 13/50]
[retrieval_preprocessing] for episode 100976 [episode count 14/50], we have num_retrieval=np.int64(4354) num_query=np.int64(100)
2026-03-08 05:47:18: [retrieval_preprocessing] calculating distances ...
2026-03-08 05:47:19: [retrieval_preprocessing] finished and saved retrieval indices for episode 100976 [episode count 14/50]
[retrieval_preprocessing] for episode 100977 [episode count 15/50], we have num_retrieval=np.int64(4366) num_query=np.int64(88)
2026-03-08 05:48:26: [retrieval_preprocessing] calculating distances ...
2026-03-08 05:48:26: [retrieval_preprocessing] finished and saved retrieval indices for episode 100977 [episode count 15/50]
[retrieval_preprocessing] for episode 100978 [episode count 16/50], we have num_retrieval=np.int64(4359) num_query=np.int64(95)
2026-03-08 05:49:35: [retrieval_preprocessing] calculating distances ...
2026-03-08 05:49:36: [retrieval_preprocessing] finished and saved retrieval indices for episode 100978 [episode count 16/50]
[retrieval_preprocessing] for episode 100979 [episode count 17/50], we have num_retrieval=np.int64(4375) num_query=np.int64(79)
2026-03-08 05:50:43: [retrieval_preprocessing] calculating distances ...
2026-03-08 05:50:43: [retrieval_preprocessing] finished and saved retrieval indices for episode 100979 [episode count 17/50]
[retrieval_preprocessing] for episode 100980 [episode count 18/50], we have num_retrieval=np.int64(4361) num_query=np.int64(93)
2026-03-08 05:51:51: [retrieval_preprocessing] calculating distances ...
2026-03-08 05:51:51: [retrieval_preprocessing] finished and saved retrieval indices for episode 100980 [episode count 18/50]
[retrieval_preprocessing] for episode 100981 [episode count 19/50], we have num_retrieval=np.int64(4375) num_query=np.int64(79)
2026-03-08 05:52:58: [retrieval_preprocessing] calculating distances ...
2026-03-08 05:52:59: [retrieval_preprocessing] finished and saved retrieval indices for episode 100981 [episode count 19/50]
[retrieval_preprocessing] for episode 100982 [episode count 20/50], we have num_retrieval=np.int64(4361) num_query=np.int64(93)
2026-03-08 05:54:05: [retrieval_preprocessing] calculating distances ...
2026-03-08 05:54:06: [retrieval_preprocessing] finished and saved retrieval indices for episode 100982 [episode count 20/50]
[retrieval_preprocessing] for episode 100983 [episode count 21/50], we have num_retrieval=np.int64(4360) num_query=np.int64(94)
2026-03-08 05:55:13: [retrieval_preprocessing] calculating distances ...
2026-03-08 05:55:13: [retrieval_preprocessing] finished and saved retrieval indices for episode 100983 [episode count 21/50]
[retrieval_preprocessing] for episode 100984 [episode count 22/50], we have num_retrieval=np.int64(4364) num_query=np.int64(90)
2026-03-08 05:56:17: [retrieval_preprocessing] calculating distances ...
2026-03-08 05:56:18: [retrieval_preprocessing] finished and saved retrieval indices for episode 100984 [episode count 22/50]
[retrieval_preprocessing] for episode 100985 [episode count 23/50], we have num_retrieval=np.int64(4377) num_query=np.int64(77)
2026-03-08 05:57:24: [retrieval_preprocessing] calculating distances ...
2026-03-08 05:57:24: [retrieval_preprocessing] finished and saved retrieval indices for episode 100985 [episode count 23/50]
[retrieval_preprocessing] for episode 100986 [episode count 24/50], we have num_retrieval=np.int64(4379) num_query=np.int64(75)
2026-03-08 05:58:30: [retrieval_preprocessing] calculating distances ...
2026-03-08 05:58:30: [retrieval_preprocessing] finished and saved retrieval indices for episode 100986 [episode count 24/50]
[retrieval_preprocessing] for episode 100987 [episode count 25/50], we have num_retrieval=np.int64(4358) num_query=np.int64(96)
2026-03-08 05:59:36: [retrieval_preprocessing] calculating distances ...
2026-03-08 05:59:37: [retrieval_preprocessing] finished and saved retrieval indices for episode 100987 [episode count 25/50]
[retrieval_preprocessing] for episode 100988 [episode count 26/50], we have num_retrieval=np.int64(4364) num_query=np.int64(90)
2026-03-08 06:00:43: [retrieval_preprocessing] calculating distances ...
2026-03-08 06:00:43: [retrieval_preprocessing] finished and saved retrieval indices for episode 100988 [episode count 26/50]
[retrieval_preprocessing] for episode 100989 [episode count 27/50], we have num_retrieval=np.int64(4358) num_query=np.int64(96)
2026-03-08 06:01:50: [retrieval_preprocessing] calculating distances ...
2026-03-08 06:01:50: [retrieval_preprocessing] finished and saved retrieval indices for episode 100989 [episode count 27/50]
[retrieval_preprocessing] for episode 100990 [episode count 28/50], we have num_retrieval=np.int64(4355) num_query=np.int64(99)
2026-03-08 06:02:57: [retrieval_preprocessing] calculating distances ...
2026-03-08 06:02:58: [retrieval_preprocessing] finished and saved retrieval indices for episode 100990 [episode count 28/50]
[retrieval_preprocessing] for episode 100991 [episode count 29/50], we have num_retrieval=np.int64(4369) num_query=np.int64(85)
2026-03-08 06:04:03: [retrieval_preprocessing] calculating distances ...
2026-03-08 06:04:04: [retrieval_preprocessing] finished and saved retrieval indices for episode 100991 [episode count 29/50]
[retrieval_preprocessing] for episode 100992 [episode count 30/50], we have num_retrieval=np.int64(4357) num_query=np.int64(97)
2026-03-08 06:05:13: [retrieval_preprocessing] calculating distances ...
2026-03-08 06:05:13: [retrieval_preprocessing] finished and saved retrieval indices for episode 100992 [episode count 30/50]
[retrieval_preprocessing] for episode 100993 [episode count 31/50], we have num_retrieval=np.int64(4368) num_query=np.int64(86)
2026-03-08 06:06:19: [retrieval_preprocessing] calculating distances ...
2026-03-08 06:06:19: [retrieval_preprocessing] finished and saved retrieval indices for episode 100993 [episode count 31/50]
[retrieval_preprocessing] for episode 100994 [episode count 32/50], we have num_retrieval=np.int64(4367) num_query=np.int64(87)
2026-03-08 06:07:27: [retrieval_preprocessing] calculating distances ...
2026-03-08 06:07:27: [retrieval_preprocessing] finished and saved retrieval indices for episode 100994 [episode count 32/50]
[retrieval_preprocessing] for episode 100995 [episode count 33/50], we have num_retrieval=np.int64(4365) num_query=np.int64(89)
2026-03-08 06:08:33: [retrieval_preprocessing] calculating distances ...
2026-03-08 06:08:34: [retrieval_preprocessing] finished and saved retrieval indices for episode 100995 [episode count 33/50]
[retrieval_preprocessing] for episode 100996 [episode count 34/50], we have num_retrieval=np.int64(4362) num_query=np.int64(92)
2026-03-08 06:09:40: [retrieval_preprocessing] calculating distances ...
2026-03-08 06:09:40: [retrieval_preprocessing] finished and saved retrieval indices for episode 100996 [episode count 34/50]
[retrieval_preprocessing] for episode 100997 [episode count 35/50], we have num_retrieval=np.int64(4377) num_query=np.int64(77)
2026-03-08 06:10:46: [retrieval_preprocessing] calculating distances ...
2026-03-08 06:10:47: [retrieval_preprocessing] finished and saved retrieval indices for episode 100997 [episode count 35/50]
[retrieval_preprocessing] for episode 100998 [episode count 36/50], we have num_retrieval=np.int64(4362) num_query=np.int64(92)
2026-03-08 06:11:55: [retrieval_preprocessing] calculating distances ...
2026-03-08 06:11:56: [retrieval_preprocessing] finished and saved retrieval indices for episode 100998 [episode count 36/50]
[retrieval_preprocessing] for episode 100999 [episode count 37/50], we have num_retrieval=np.int64(4373) num_query=np.int64(81)
2026-03-08 06:13:03: [retrieval_preprocessing] calculating distances ...
2026-03-08 06:13:03: [retrieval_preprocessing] finished and saved retrieval indices for episode 100999 [episode count 37/50]
[retrieval_preprocessing] for episode 101000 [episode count 38/50], we have num_retrieval=np.int64(4373) num_query=np.int64(81)
2026-03-08 06:14:09: [retrieval_preprocessing] calculating distances ...
2026-03-08 06:14:10: [retrieval_preprocessing] finished and saved retrieval indices for episode 101000 [episode count 38/50]
[retrieval_preprocessing] for episode 101001 [episode count 39/50], we have num_retrieval=np.int64(4375) num_query=np.int64(79)
2026-03-08 06:15:15: [retrieval_preprocessing] calculating distances ...
2026-03-08 06:15:15: [retrieval_preprocessing] finished and saved retrieval indices for episode 101001 [episode count 39/50]
[retrieval_preprocessing] for episode 101002 [episode count 40/50], we have num_retrieval=np.int64(4362) num_query=np.int64(92)
2026-03-08 06:16:24: [retrieval_preprocessing] calculating distances ...
2026-03-08 06:16:24: [retrieval_preprocessing] finished and saved retrieval indices for episode 101002 [episode count 40/50]
[retrieval_preprocessing] for episode 101003 [episode count 41/50], we have num_retrieval=np.int64(4358) num_query=np.int64(96)
2026-03-08 06:17:30: [retrieval_preprocessing] calculating distances ...
2026-03-08 06:17:31: [retrieval_preprocessing] finished and saved retrieval indices for episode 101003 [episode count 41/50]
[retrieval_preprocessing] for episode 101004 [episode count 42/50], we have num_retrieval=np.int64(4361) num_query=np.int64(93)
2026-03-08 06:18:37: [retrieval_preprocessing] calculating distances ...
2026-03-08 06:18:37: [retrieval_preprocessing] finished and saved retrieval indices for episode 101004 [episode count 42/50]
[retrieval_preprocessing] for episode 101005 [episode count 43/50], we have num_retrieval=np.int64(4372) num_query=np.int64(82)
2026-03-08 06:19:45: [retrieval_preprocessing] calculating distances ...
2026-03-08 06:19:45: [retrieval_preprocessing] finished and saved retrieval indices for episode 101005 [episode count 43/50]
[retrieval_preprocessing] for episode 101006 [episode count 44/50], we have num_retrieval=np.int64(4377) num_query=np.int64(77)
2026-03-08 06:20:52: [retrieval_preprocessing] calculating distances ...
2026-03-08 06:20:52: [retrieval_preprocessing] finished and saved retrieval indices for episode 101006 [episode count 44/50]
[retrieval_preprocessing] for episode 101007 [episode count 45/50], we have num_retrieval=np.int64(4369) num_query=np.int64(85)
2026-03-08 06:22:00: [retrieval_preprocessing] calculating distances ...
2026-03-08 06:22:00: [retrieval_preprocessing] finished and saved retrieval indices for episode 101007 [episode count 45/50]
[retrieval_preprocessing] for episode 101008 [episode count 46/50], we have num_retrieval=np.int64(4358) num_query=np.int64(96)
2026-03-08 06:23:06: [retrieval_preprocessing] calculating distances ...
2026-03-08 06:23:06: [retrieval_preprocessing] finished and saved retrieval indices for episode 101008 [episode count 46/50]
[retrieval_preprocessing] for episode 101009 [episode count 47/50], we have num_retrieval=np.int64(4368) num_query=np.int64(86)
2026-03-08 06:24:15: [retrieval_preprocessing] calculating distances ...
2026-03-08 06:24:15: [retrieval_preprocessing] finished and saved retrieval indices for episode 101009 [episode count 47/50]
[retrieval_preprocessing] for episode 101010 [episode count 48/50], we have num_retrieval=np.int64(4362) num_query=np.int64(92)
2026-03-08 06:25:23: [retrieval_preprocessing] calculating distances ...
2026-03-08 06:25:23: [retrieval_preprocessing] finished and saved retrieval indices for episode 101010 [episode count 48/50]
[retrieval_preprocessing] for episode 101011 [episode count 49/50], we have num_retrieval=np.int64(4351) num_query=np.int64(103)
2026-03-08 06:26:29: [retrieval_preprocessing] calculating distances ...
2026-03-08 06:26:29: [retrieval_preprocessing] finished and saved retrieval indices for episode 101011 [episode count 49/50]
2026-03-08 06:26:29: [retrieval_preprocessing] finished for libero_collected_demos_training/turn_on_the_stove [chosen_id count 23/32]
2026-03-08 06:26:35: [retrieval_preprocessing] concatenated all embeddings and indices for 45 episodes for libero_collected_demos_training/pick_up_the_black_bowl_between_the_plate_and_the_ramekin_and_place_it_on_the_plate [chosen_id count 24/32]
2026-03-08 06:26:35: [retrieval_preprocessing] we have num_total=4487 embedding_dim=49152
[retrieval_preprocessing] for episode 101012 [episode count 0/45], we have num_retrieval=np.int64(4403) num_query=np.int64(84)
2026-03-08 06:27:41: [retrieval_preprocessing] calculating distances ...
2026-03-08 06:27:41: [retrieval_preprocessing] finished and saved retrieval indices for episode 101012 [episode count 0/45]
[retrieval_preprocessing] for episode 101013 [episode count 1/45], we have num_retrieval=np.int64(4389) num_query=np.int64(98)
2026-03-08 06:28:45: [retrieval_preprocessing] calculating distances ...
2026-03-08 06:28:45: [retrieval_preprocessing] finished and saved retrieval indices for episode 101013 [episode count 1/45]
[retrieval_preprocessing] for episode 101014 [episode count 2/45], we have num_retrieval=np.int64(4391) num_query=np.int64(96)
2026-03-08 06:29:48: [retrieval_preprocessing] calculating distances ...
2026-03-08 06:29:48: [retrieval_preprocessing] finished and saved retrieval indices for episode 101014 [episode count 2/45]
[retrieval_preprocessing] for episode 101015 [episode count 3/45], we have num_retrieval=np.int64(4397) num_query=np.int64(90)
2026-03-08 06:30:52: [retrieval_preprocessing] calculating distances ...
2026-03-08 06:30:52: [retrieval_preprocessing] finished and saved retrieval indices for episode 101015 [episode count 3/45]
[retrieval_preprocessing] for episode 101016 [episode count 4/45], we have num_retrieval=np.int64(4375) num_query=np.int64(112)
2026-03-08 06:31:56: [retrieval_preprocessing] calculating distances ...
2026-03-08 06:31:56: [retrieval_preprocessing] finished and saved retrieval indices for episode 101016 [episode count 4/45]
[retrieval_preprocessing] for episode 101017 [episode count 5/45], we have num_retrieval=np.int64(4403) num_query=np.int64(84)
2026-03-08 06:33:00: [retrieval_preprocessing] calculating distances ...
2026-03-08 06:33:00: [retrieval_preprocessing] finished and saved retrieval indices for episode 101017 [episode count 5/45]
[retrieval_preprocessing] for episode 101018 [episode count 6/45], we have num_retrieval=np.int64(4363) num_query=np.int64(124)
2026-03-08 06:34:05: [retrieval_preprocessing] calculating distances ...
2026-03-08 06:34:05: [retrieval_preprocessing] finished and saved retrieval indices for episode 101018 [episode count 6/45]
[retrieval_preprocessing] for episode 101019 [episode count 7/45], we have num_retrieval=np.int64(4336) num_query=np.int64(151)
2026-03-08 06:35:10: [retrieval_preprocessing] calculating distances ...
2026-03-08 06:35:10: [retrieval_preprocessing] finished and saved retrieval indices for episode 101019 [episode count 7/45]
[retrieval_preprocessing] for episode 101020 [episode count 8/45], we have num_retrieval=np.int64(4374) num_query=np.int64(113)
2026-03-08 06:36:14: [retrieval_preprocessing] calculating distances ...
2026-03-08 06:36:14: [retrieval_preprocessing] finished and saved retrieval indices for episode 101020 [episode count 8/45]
[retrieval_preprocessing] for episode 101021 [episode count 9/45], we have num_retrieval=np.int64(4395) num_query=np.int64(92)
2026-03-08 06:37:18: [retrieval_preprocessing] calculating distances ...
2026-03-08 06:37:18: [retrieval_preprocessing] finished and saved retrieval indices for episode 101021 [episode count 9/45]
[retrieval_preprocessing] for episode 101022 [episode count 10/45], we have num_retrieval=np.int64(4391) num_query=np.int64(96)
2026-03-08 06:38:14: [retrieval_preprocessing] calculating distances ...
2026-03-08 06:38:14: [retrieval_preprocessing] finished and saved retrieval indices for episode 101022 [episode count 10/45]
[retrieval_preprocessing] for episode 101023 [episode count 11/45], we have num_retrieval=np.int64(4412) num_query=np.int64(75)
2026-03-08 06:39:19: [retrieval_preprocessing] calculating distances ...
2026-03-08 06:39:19: [retrieval_preprocessing] finished and saved retrieval indices for episode 101023 [episode count 11/45]
[retrieval_preprocessing] for episode 101024 [episode count 12/45], we have num_retrieval=np.int64(4360) num_query=np.int64(127)
2026-03-08 06:40:23: [retrieval_preprocessing] calculating distances ...
2026-03-08 06:40:23: [retrieval_preprocessing] finished and saved retrieval indices for episode 101024 [episode count 12/45]
[retrieval_preprocessing] for episode 101025 [episode count 13/45], we have num_retrieval=np.int64(4394) num_query=np.int64(93)
2026-03-08 06:41:27: [retrieval_preprocessing] calculating distances ...
2026-03-08 06:41:27: [retrieval_preprocessing] finished and saved retrieval indices for episode 101025 [episode count 13/45]
[retrieval_preprocessing] for episode 101026 [episode count 14/45], we have num_retrieval=np.int64(4400) num_query=np.int64(87)
2026-03-08 06:42:30: [retrieval_preprocessing] calculating distances ...
2026-03-08 06:42:31: [retrieval_preprocessing] finished and saved retrieval indices for episode 101026 [episode count 14/45]
[retrieval_preprocessing] for episode 101027 [episode count 15/45], we have num_retrieval=np.int64(4392) num_query=np.int64(95)
2026-03-08 06:43:35: [retrieval_preprocessing] calculating distances ...
2026-03-08 06:43:36: [retrieval_preprocessing] finished and saved retrieval indices for episode 101027 [episode count 15/45]
[retrieval_preprocessing] for episode 101028 [episode count 16/45], we have num_retrieval=np.int64(4399) num_query=np.int64(88)
2026-03-08 06:44:40: [retrieval_preprocessing] calculating distances ...
2026-03-08 06:44:40: [retrieval_preprocessing] finished and saved retrieval indices for episode 101028 [episode count 16/45]
[retrieval_preprocessing] for episode 101029 [episode count 17/45], we have num_retrieval=np.int64(4395) num_query=np.int64(92)
2026-03-08 06:45:44: [retrieval_preprocessing] calculating distances ...
2026-03-08 06:45:44: [retrieval_preprocessing] finished and saved retrieval indices for episode 101029 [episode count 17/45]
[retrieval_preprocessing] for episode 101030 [episode count 18/45], we have num_retrieval=np.int64(4398) num_query=np.int64(89)
2026-03-08 06:46:47: [retrieval_preprocessing] calculating distances ...
2026-03-08 06:46:47: [retrieval_preprocessing] finished and saved retrieval indices for episode 101030 [episode count 18/45]
[retrieval_preprocessing] for episode 101031 [episode count 19/45], we have num_retrieval=np.int64(4382) num_query=np.int64(105)
2026-03-08 06:47:51: [retrieval_preprocessing] calculating distances ...
2026-03-08 06:47:51: [retrieval_preprocessing] finished and saved retrieval indices for episode 101031 [episode count 19/45]
[retrieval_preprocessing] for episode 101032 [episode count 20/45], we have num_retrieval=np.int64(4359) num_query=np.int64(128)
2026-03-08 06:48:53: [retrieval_preprocessing] calculating distances ...
2026-03-08 06:48:54: [retrieval_preprocessing] finished and saved retrieval indices for episode 101032 [episode count 20/45]
[retrieval_preprocessing] for episode 101033 [episode count 21/45], we have num_retrieval=np.int64(4382) num_query=np.int64(105)
2026-03-08 06:49:57: [retrieval_preprocessing] calculating distances ...
2026-03-08 06:49:57: [retrieval_preprocessing] finished and saved retrieval indices for episode 101033 [episode count 21/45]
[retrieval_preprocessing] for episode 101034 [episode count 22/45], we have num_retrieval=np.int64(4396) num_query=np.int64(91)
2026-03-08 06:51:01: [retrieval_preprocessing] calculating distances ...
2026-03-08 06:51:01: [retrieval_preprocessing] finished and saved retrieval indices for episode 101034 [episode count 22/45]
[retrieval_preprocessing] for episode 101035 [episode count 23/45], we have num_retrieval=np.int64(4319) num_query=np.int64(168)
2026-03-08 06:52:06: [retrieval_preprocessing] calculating distances ...
2026-03-08 06:52:06: [retrieval_preprocessing] finished and saved retrieval indices for episode 101035 [episode count 23/45]
[retrieval_preprocessing] for episode 101036 [episode count 24/45], we have num_retrieval=np.int64(4403) num_query=np.int64(84)
2026-03-08 06:53:11: [retrieval_preprocessing] calculating distances ...
2026-03-08 06:53:11: [retrieval_preprocessing] finished and saved retrieval indices for episode 101036 [episode count 24/45]
[retrieval_preprocessing] for episode 101037 [episode count 25/45], we have num_retrieval=np.int64(4395) num_query=np.int64(92)
2026-03-08 06:54:16: [retrieval_preprocessing] calculating distances ...
2026-03-08 06:54:16: [retrieval_preprocessing] finished and saved retrieval indices for episode 101037 [episode count 25/45]
[retrieval_preprocessing] for episode 101038 [episode count 26/45], we have num_retrieval=np.int64(4401) num_query=np.int64(86)
2026-03-08 06:55:20: [retrieval_preprocessing] calculating distances ...
2026-03-08 06:55:20: [retrieval_preprocessing] finished and saved retrieval indices for episode 101038 [episode count 26/45]
[retrieval_preprocessing] for episode 101039 [episode count 27/45], we have num_retrieval=np.int64(4395) num_query=np.int64(92)
2026-03-08 06:56:25: [retrieval_preprocessing] calculating distances ...
2026-03-08 06:56:25: [retrieval_preprocessing] finished and saved retrieval indices for episode 101039 [episode count 27/45]
[retrieval_preprocessing] for episode 101040 [episode count 28/45], we have num_retrieval=np.int64(4395) num_query=np.int64(92)
2026-03-08 06:57:29: [retrieval_preprocessing] calculating distances ...
2026-03-08 06:57:29: [retrieval_preprocessing] finished and saved retrieval indices for episode 101040 [episode count 28/45]
[retrieval_preprocessing] for episode 101041 [episode count 29/45], we have num_retrieval=np.int64(4408) num_query=np.int64(79)
2026-03-08 06:58:33: [retrieval_preprocessing] calculating distances ...
2026-03-08 06:58:34: [retrieval_preprocessing] finished and saved retrieval indices for episode 101041 [episode count 29/45]
[retrieval_preprocessing] for episode 101042 [episode count 30/45], we have num_retrieval=np.int64(4394) num_query=np.int64(93)
2026-03-08 06:59:37: [retrieval_preprocessing] calculating distances ...
2026-03-08 06:59:37: [retrieval_preprocessing] finished and saved retrieval indices for episode 101042 [episode count 30/45]
[retrieval_preprocessing] for episode 101043 [episode count 31/45], we have num_retrieval=np.int64(4398) num_query=np.int64(89)
2026-03-08 07:00:41: [retrieval_preprocessing] calculating distances ...
2026-03-08 07:00:41: [retrieval_preprocessing] finished and saved retrieval indices for episode 101043 [episode count 31/45]
[retrieval_preprocessing] for episode 101044 [episode count 32/45], we have num_retrieval=np.int64(4397) num_query=np.int64(90)
2026-03-08 07:01:46: [retrieval_preprocessing] calculating distances ...
2026-03-08 07:01:46: [retrieval_preprocessing] finished and saved retrieval indices for episode 101044 [episode count 32/45]
[retrieval_preprocessing] for episode 101045 [episode count 33/45], we have num_retrieval=np.int64(4385) num_query=np.int64(102)
2026-03-08 07:02:49: [retrieval_preprocessing] calculating distances ...
2026-03-08 07:02:50: [retrieval_preprocessing] finished and saved retrieval indices for episode 101045 [episode count 33/45]
[retrieval_preprocessing] for episode 101046 [episode count 34/45], we have num_retrieval=np.int64(4390) num_query=np.int64(97)
2026-03-08 07:03:53: [retrieval_preprocessing] calculating distances ...
2026-03-08 07:03:54: [retrieval_preprocessing] finished and saved retrieval indices for episode 101046 [episode count 34/45]
[retrieval_preprocessing] for episode 101047 [episode count 35/45], we have num_retrieval=np.int64(4391) num_query=np.int64(96)
2026-03-08 07:04:57: [retrieval_preprocessing] calculating distances ...
2026-03-08 07:04:58: [retrieval_preprocessing] finished and saved retrieval indices for episode 101047 [episode count 35/45]
[retrieval_preprocessing] for episode 101048 [episode count 36/45], we have num_retrieval=np.int64(4399) num_query=np.int64(88)
2026-03-08 07:06:02: [retrieval_preprocessing] calculating distances ...
2026-03-08 07:06:02: [retrieval_preprocessing] finished and saved retrieval indices for episode 101048 [episode count 36/45]
[retrieval_preprocessing] for episode 101049 [episode count 37/45], we have num_retrieval=np.int64(4387) num_query=np.int64(100)
2026-03-08 07:07:04: [retrieval_preprocessing] calculating distances ...
2026-03-08 07:07:05: [retrieval_preprocessing] finished and saved retrieval indices for episode 101049 [episode count 37/45]
[retrieval_preprocessing] for episode 101050 [episode count 38/45], we have num_retrieval=np.int64(4398) num_query=np.int64(89)
2026-03-08 07:08:08: [retrieval_preprocessing] calculating distances ...
2026-03-08 07:08:08: [retrieval_preprocessing] finished and saved retrieval indices for episode 101050 [episode count 38/45]
[retrieval_preprocessing] for episode 101051 [episode count 39/45], we have num_retrieval=np.int64(4366) num_query=np.int64(121)
2026-03-08 07:09:11: [retrieval_preprocessing] calculating distances ...
2026-03-08 07:09:12: [retrieval_preprocessing] finished and saved retrieval indices for episode 101051 [episode count 39/45]
[retrieval_preprocessing] for episode 101052 [episode count 40/45], we have num_retrieval=np.int64(4379) num_query=np.int64(108)
2026-03-08 07:10:15: [retrieval_preprocessing] calculating distances ...
2026-03-08 07:10:16: [retrieval_preprocessing] finished and saved retrieval indices for episode 101052 [episode count 40/45]
[retrieval_preprocessing] for episode 101053 [episode count 41/45], we have num_retrieval=np.int64(4353) num_query=np.int64(134)
2026-03-08 07:11:16: [retrieval_preprocessing] calculating distances ...
2026-03-08 07:11:16: [retrieval_preprocessing] finished and saved retrieval indices for episode 101053 [episode count 41/45]
[retrieval_preprocessing] for episode 101054 [episode count 42/45], we have num_retrieval=np.int64(4395) num_query=np.int64(92)
2026-03-08 07:12:19: [retrieval_preprocessing] calculating distances ...
2026-03-08 07:12:19: [retrieval_preprocessing] finished and saved retrieval indices for episode 101054 [episode count 42/45]
[retrieval_preprocessing] for episode 101055 [episode count 43/45], we have num_retrieval=np.int64(4392) num_query=np.int64(95)
2026-03-08 07:13:23: [retrieval_preprocessing] calculating distances ...
2026-03-08 07:13:23: [retrieval_preprocessing] finished and saved retrieval indices for episode 101055 [episode count 43/45]
[retrieval_preprocessing] for episode 101056 [episode count 44/45], we have num_retrieval=np.int64(4402) num_query=np.int64(85)
2026-03-08 07:14:21: [retrieval_preprocessing] calculating distances ...
2026-03-08 07:14:21: [retrieval_preprocessing] finished and saved retrieval indices for episode 101056 [episode count 44/45]
2026-03-08 07:14:21: [retrieval_preprocessing] finished for libero_collected_demos_training/pick_up_the_black_bowl_between_the_plate_and_the_ramekin_and_place_it_on_the_plate [chosen_id count 24/32]
2026-03-08 07:14:29: [retrieval_preprocessing] concatenated all embeddings and indices for 44 episodes for libero_collected_demos_training/pick_up_the_black_bowl_on_the_wooden_cabinet_and_place_it_on_the_plate [chosen_id count 25/32]
2026-03-08 07:14:29: [retrieval_preprocessing] we have num_total=6092 embedding_dim=49152
[retrieval_preprocessing] for episode 101057 [episode count 0/44], we have num_retrieval=np.int64(5961) num_query=np.int64(131)
2026-03-08 07:15:36: [retrieval_preprocessing] calculating distances ...
2026-03-08 07:15:36: [retrieval_preprocessing] finished and saved retrieval indices for episode 101057 [episode count 0/44]
[retrieval_preprocessing] for episode 101058 [episode count 1/44], we have num_retrieval=np.int64(5957) num_query=np.int64(135)
2026-03-08 07:16:45: [retrieval_preprocessing] calculating distances ...
2026-03-08 07:16:46: [retrieval_preprocessing] finished and saved retrieval indices for episode 101058 [episode count 1/44]
[retrieval_preprocessing] for episode 101059 [episode count 2/44], we have num_retrieval=np.int64(5928) num_query=np.int64(164)
2026-03-08 07:17:52: [retrieval_preprocessing] calculating distances ...
2026-03-08 07:17:53: [retrieval_preprocessing] finished and saved retrieval indices for episode 101059 [episode count 2/44]
[retrieval_preprocessing] for episode 101060 [episode count 3/44], we have num_retrieval=np.int64(5899) num_query=np.int64(193)
2026-03-08 07:19:02: [retrieval_preprocessing] calculating distances ...
2026-03-08 07:19:03: [retrieval_preprocessing] finished and saved retrieval indices for episode 101060 [episode count 3/44]
[retrieval_preprocessing] for episode 101061 [episode count 4/44], we have num_retrieval=np.int64(5960) num_query=np.int64(132)
2026-03-08 07:20:11: [retrieval_preprocessing] calculating distances ...
2026-03-08 07:20:11: [retrieval_preprocessing] finished and saved retrieval indices for episode 101061 [episode count 4/44]
[retrieval_preprocessing] for episode 101062 [episode count 5/44], we have num_retrieval=np.int64(5947) num_query=np.int64(145)
2026-03-08 07:21:19: [retrieval_preprocessing] calculating distances ...
2026-03-08 07:21:20: [retrieval_preprocessing] finished and saved retrieval indices for episode 101062 [episode count 5/44]
[retrieval_preprocessing] for episode 101063 [episode count 6/44], we have num_retrieval=np.int64(5954) num_query=np.int64(138)
2026-03-08 07:22:29: [retrieval_preprocessing] calculating distances ...
2026-03-08 07:22:29: [retrieval_preprocessing] finished and saved retrieval indices for episode 101063 [episode count 6/44]
[retrieval_preprocessing] for episode 101064 [episode count 7/44], we have num_retrieval=np.int64(5958) num_query=np.int64(134)
2026-03-08 07:23:38: [retrieval_preprocessing] calculating distances ...
2026-03-08 07:23:39: [retrieval_preprocessing] finished and saved retrieval indices for episode 101064 [episode count 7/44]
[retrieval_preprocessing] for episode 101065 [episode count 8/44], we have num_retrieval=np.int64(5910) num_query=np.int64(182)
2026-03-08 07:24:47: [retrieval_preprocessing] calculating distances ...
2026-03-08 07:24:48: [retrieval_preprocessing] finished and saved retrieval indices for episode 101065 [episode count 8/44]
[retrieval_preprocessing] for episode 101066 [episode count 9/44], we have num_retrieval=np.int64(5950) num_query=np.int64(142)
2026-03-08 07:25:56: [retrieval_preprocessing] calculating distances ...
2026-03-08 07:25:57: [retrieval_preprocessing] finished and saved retrieval indices for episode 101066 [episode count 9/44]
[retrieval_preprocessing] for episode 101067 [episode count 10/44], we have num_retrieval=np.int64(5953) num_query=np.int64(139)
2026-03-08 07:27:05: [retrieval_preprocessing] calculating distances ...
2026-03-08 07:27:05: [retrieval_preprocessing] finished and saved retrieval indices for episode 101067 [episode count 10/44]
[retrieval_preprocessing] for episode 101068 [episode count 11/44], we have num_retrieval=np.int64(5956) num_query=np.int64(136)
2026-03-08 07:28:12: [retrieval_preprocessing] calculating distances ...
2026-03-08 07:28:12: [retrieval_preprocessing] finished and saved retrieval indices for episode 101068 [episode count 11/44]
[retrieval_preprocessing] for episode 101069 [episode count 12/44], we have num_retrieval=np.int64(5948) num_query=np.int64(144)
2026-03-08 07:29:20: [retrieval_preprocessing] calculating distances ...
2026-03-08 07:29:21: [retrieval_preprocessing] finished and saved retrieval indices for episode 101069 [episode count 12/44]
[retrieval_preprocessing] for episode 101070 [episode count 13/44], we have num_retrieval=np.int64(5968) num_query=np.int64(124)
2026-03-08 07:30:29: [retrieval_preprocessing] calculating distances ...
2026-03-08 07:30:30: [retrieval_preprocessing] finished and saved retrieval indices for episode 101070 [episode count 13/44]
[retrieval_preprocessing] for episode 101071 [episode count 14/44], we have num_retrieval=np.int64(5962) num_query=np.int64(130)
2026-03-08 07:31:39: [retrieval_preprocessing] calculating distances ...
2026-03-08 07:31:40: [retrieval_preprocessing] finished and saved retrieval indices for episode 101071 [episode count 14/44]
[retrieval_preprocessing] for episode 101072 [episode count 15/44], we have num_retrieval=np.int64(5957) num_query=np.int64(135)
2026-03-08 07:32:49: [retrieval_preprocessing] calculating distances ...
2026-03-08 07:32:49: [retrieval_preprocessing] finished and saved retrieval indices for episode 101072 [episode count 15/44]
[retrieval_preprocessing] for episode 101073 [episode count 16/44], we have num_retrieval=np.int64(5956) num_query=np.int64(136)
2026-03-08 07:33:58: [retrieval_preprocessing] calculating distances ...
2026-03-08 07:33:59: [retrieval_preprocessing] finished and saved retrieval indices for episode 101073 [episode count 16/44]
[retrieval_preprocessing] for episode 101074 [episode count 17/44], we have num_retrieval=np.int64(5949) num_query=np.int64(143)
2026-03-08 07:35:07: [retrieval_preprocessing] calculating distances ...
2026-03-08 07:35:07: [retrieval_preprocessing] finished and saved retrieval indices for episode 101074 [episode count 17/44]
[retrieval_preprocessing] for episode 101075 [episode count 18/44], we have num_retrieval=np.int64(5951) num_query=np.int64(141)
2026-03-08 07:36:14: [retrieval_preprocessing] calculating distances ...
2026-03-08 07:36:14: [retrieval_preprocessing] finished and saved retrieval indices for episode 101075 [episode count 18/44]
[retrieval_preprocessing] for episode 101076 [episode count 19/44], we have num_retrieval=np.int64(5954) num_query=np.int64(138)
2026-03-08 07:37:24: [retrieval_preprocessing] calculating distances ...
2026-03-08 07:37:24: [retrieval_preprocessing] finished and saved retrieval indices for episode 101076 [episode count 19/44]
[retrieval_preprocessing] for episode 101077 [episode count 20/44], we have num_retrieval=np.int64(5919) num_query=np.int64(173)
2026-03-08 07:38:33: [retrieval_preprocessing] calculating distances ...
2026-03-08 07:38:34: [retrieval_preprocessing] finished and saved retrieval indices for episode 101077 [episode count 20/44]
[retrieval_preprocessing] for episode 101078 [episode count 21/44], we have num_retrieval=np.int64(5953) num_query=np.int64(139)
2026-03-08 07:39:43: [retrieval_preprocessing] calculating distances ...
2026-03-08 07:39:43: [retrieval_preprocessing] finished and saved retrieval indices for episode 101078 [episode count 21/44]
[retrieval_preprocessing] for episode 101079 [episode count 22/44], we have num_retrieval=np.int64(5964) num_query=np.int64(128)
2026-03-08 07:40:52: [retrieval_preprocessing] calculating distances ...
2026-03-08 07:40:52: [retrieval_preprocessing] finished and saved retrieval indices for episode 101079 [episode count 22/44]
[retrieval_preprocessing] for episode 101080 [episode count 23/44], we have num_retrieval=np.int64(5968) num_query=np.int64(124)
2026-03-08 07:42:01: [retrieval_preprocessing] calculating distances ...
2026-03-08 07:42:01: [retrieval_preprocessing] finished and saved retrieval indices for episode 101080 [episode count 23/44]
[retrieval_preprocessing] for episode 101081 [episode count 24/44], we have num_retrieval=np.int64(5956) num_query=np.int64(136)
2026-03-08 07:43:10: [retrieval_preprocessing] calculating distances ...
2026-03-08 07:43:10: [retrieval_preprocessing] finished and saved retrieval indices for episode 101081 [episode count 24/44]
[retrieval_preprocessing] for episode 101082 [episode count 25/44], we have num_retrieval=np.int64(5967) num_query=np.int64(125)
2026-03-08 07:44:18: [retrieval_preprocessing] calculating distances ...
2026-03-08 07:44:19: [retrieval_preprocessing] finished and saved retrieval indices for episode 101082 [episode count 25/44]
[retrieval_preprocessing] for episode 101083 [episode count 26/44], we have num_retrieval=np.int64(5952) num_query=np.int64(140)
2026-03-08 07:45:27: [retrieval_preprocessing] calculating distances ...
2026-03-08 07:45:28: [retrieval_preprocessing] finished and saved retrieval indices for episode 101083 [episode count 26/44]
[retrieval_preprocessing] for episode 101084 [episode count 27/44], we have num_retrieval=np.int64(5953) num_query=np.int64(139)
2026-03-08 07:46:37: [retrieval_preprocessing] calculating distances ...
2026-03-08 07:46:37: [retrieval_preprocessing] finished and saved retrieval indices for episode 101084 [episode count 27/44]
[retrieval_preprocessing] for episode 101085 [episode count 28/44], we have num_retrieval=np.int64(5966) num_query=np.int64(126)
2026-03-08 07:47:46: [retrieval_preprocessing] calculating distances ...
2026-03-08 07:47:46: [retrieval_preprocessing] finished and saved retrieval indices for episode 101085 [episode count 28/44]
[retrieval_preprocessing] for episode 101086 [episode count 29/44], we have num_retrieval=np.int64(5947) num_query=np.int64(145)
2026-03-08 07:48:54: [retrieval_preprocessing] calculating distances ...
2026-03-08 07:48:55: [retrieval_preprocessing] finished and saved retrieval indices for episode 101086 [episode count 29/44]
[retrieval_preprocessing] for episode 101087 [episode count 30/44], we have num_retrieval=np.int64(5950) num_query=np.int64(142)
2026-03-08 07:50:03: [retrieval_preprocessing] calculating distances ...
2026-03-08 07:50:03: [retrieval_preprocessing] finished and saved retrieval indices for episode 101087 [episode count 30/44]
[retrieval_preprocessing] for episode 101088 [episode count 31/44], we have num_retrieval=np.int64(5955) num_query=np.int64(137)
2026-03-08 07:51:11: [retrieval_preprocessing] calculating distances ...
2026-03-08 07:51:12: [retrieval_preprocessing] finished and saved retrieval indices for episode 101088 [episode count 31/44]
[retrieval_preprocessing] for episode 101089 [episode count 32/44], we have num_retrieval=np.int64(5961) num_query=np.int64(131)
2026-03-08 07:52:19: [retrieval_preprocessing] calculating distances ...
2026-03-08 07:52:20: [retrieval_preprocessing] finished and saved retrieval indices for episode 101089 [episode count 32/44]
[retrieval_preprocessing] for episode 101090 [episode count 33/44], we have num_retrieval=np.int64(5962) num_query=np.int64(130)
2026-03-08 07:53:28: [retrieval_preprocessing] calculating distances ...
2026-03-08 07:53:29: [retrieval_preprocessing] finished and saved retrieval indices for episode 101090 [episode count 33/44]
[retrieval_preprocessing] for episode 101091 [episode count 34/44], we have num_retrieval=np.int64(5973) num_query=np.int64(119)
2026-03-08 07:54:36: [retrieval_preprocessing] calculating distances ...
2026-03-08 07:54:37: [retrieval_preprocessing] finished and saved retrieval indices for episode 101091 [episode count 34/44]
[retrieval_preprocessing] for episode 101092 [episode count 35/44], we have num_retrieval=np.int64(5975) num_query=np.int64(117)
2026-03-08 07:55:46: [retrieval_preprocessing] calculating distances ...
2026-03-08 07:55:47: [retrieval_preprocessing] finished and saved retrieval indices for episode 101092 [episode count 35/44]
[retrieval_preprocessing] for episode 101093 [episode count 36/44], we have num_retrieval=np.int64(5959) num_query=np.int64(133)
2026-03-08 07:56:55: [retrieval_preprocessing] calculating distances ...
2026-03-08 07:56:55: [retrieval_preprocessing] finished and saved retrieval indices for episode 101093 [episode count 36/44]
[retrieval_preprocessing] for episode 101094 [episode count 37/44], we have num_retrieval=np.int64(5956) num_query=np.int64(136)
2026-03-08 07:58:05: [retrieval_preprocessing] calculating distances ...
2026-03-08 07:58:05: [retrieval_preprocessing] finished and saved retrieval indices for episode 101094 [episode count 37/44]
[retrieval_preprocessing] for episode 101095 [episode count 38/44], we have num_retrieval=np.int64(5967) num_query=np.int64(125)
2026-03-08 07:59:14: [retrieval_preprocessing] calculating distances ...
2026-03-08 07:59:14: [retrieval_preprocessing] finished and saved retrieval indices for episode 101095 [episode count 38/44]
[retrieval_preprocessing] for episode 101096 [episode count 39/44], we have num_retrieval=np.int64(5947) num_query=np.int64(145)
2026-03-08 08:00:22: [retrieval_preprocessing] calculating distances ...
2026-03-08 08:00:23: [retrieval_preprocessing] finished and saved retrieval indices for episode 101096 [episode count 39/44]
[retrieval_preprocessing] for episode 101097 [episode count 40/44], we have num_retrieval=np.int64(5952) num_query=np.int64(140)
2026-03-08 08:01:31: [retrieval_preprocessing] calculating distances ...
2026-03-08 08:01:31: [retrieval_preprocessing] finished and saved retrieval indices for episode 101097 [episode count 40/44]
[retrieval_preprocessing] for episode 101098 [episode count 41/44], we have num_retrieval=np.int64(5959) num_query=np.int64(133)
2026-03-08 08:02:39: [retrieval_preprocessing] calculating distances ...
2026-03-08 08:02:39: [retrieval_preprocessing] finished and saved retrieval indices for episode 101098 [episode count 41/44]
[retrieval_preprocessing] for episode 101099 [episode count 42/44], we have num_retrieval=np.int64(5962) num_query=np.int64(130)
2026-03-08 08:03:49: [retrieval_preprocessing] calculating distances ...
2026-03-08 08:03:49: [retrieval_preprocessing] finished and saved retrieval indices for episode 101099 [episode count 42/44]
[retrieval_preprocessing] for episode 101100 [episode count 43/44], we have num_retrieval=np.int64(5955) num_query=np.int64(137)
2026-03-08 08:04:58: [retrieval_preprocessing] calculating distances ...
2026-03-08 08:04:59: [retrieval_preprocessing] finished and saved retrieval indices for episode 101100 [episode count 43/44]
2026-03-08 08:04:59: [retrieval_preprocessing] finished for libero_collected_demos_training/pick_up_the_black_bowl_on_the_wooden_cabinet_and_place_it_on_the_plate [chosen_id count 25/32]
2026-03-08 08:05:07: [retrieval_preprocessing] concatenated all embeddings and indices for 45 episodes for libero_collected_demos_training/pick_up_the_butter_and_place_it_in_the_basket [chosen_id count 26/32]
2026-03-08 08:05:07: [retrieval_preprocessing] we have num_total=7102 embedding_dim=49152
[retrieval_preprocessing] for episode 101101 [episode count 0/45], we have num_retrieval=np.int64(6938) num_query=np.int64(164)
2026-03-08 08:06:19: [retrieval_preprocessing] calculating distances ...
2026-03-08 08:06:20: [retrieval_preprocessing] finished and saved retrieval indices for episode 101101 [episode count 0/45]
[retrieval_preprocessing] for episode 101102 [episode count 1/45], we have num_retrieval=np.int64(6951) num_query=np.int64(151)
2026-03-08 08:07:35: [retrieval_preprocessing] calculating distances ...
2026-03-08 08:07:35: [retrieval_preprocessing] finished and saved retrieval indices for episode 101102 [episode count 1/45]
[retrieval_preprocessing] for episode 101103 [episode count 2/45], we have num_retrieval=np.int64(6947) num_query=np.int64(155)
2026-03-08 08:08:49: [retrieval_preprocessing] calculating distances ...
2026-03-08 08:08:50: [retrieval_preprocessing] finished and saved retrieval indices for episode 101103 [episode count 2/45]
[retrieval_preprocessing] for episode 101104 [episode count 3/45], we have num_retrieval=np.int64(6958) num_query=np.int64(144)
2026-03-08 08:10:05: [retrieval_preprocessing] calculating distances ...
2026-03-08 08:10:05: [retrieval_preprocessing] finished and saved retrieval indices for episode 101104 [episode count 3/45]
[retrieval_preprocessing] for episode 101105 [episode count 4/45], we have num_retrieval=np.int64(6955) num_query=np.int64(147)
2026-03-08 08:11:19: [retrieval_preprocessing] calculating distances ...
2026-03-08 08:11:20: [retrieval_preprocessing] finished and saved retrieval indices for episode 101105 [episode count 4/45]
[retrieval_preprocessing] for episode 101106 [episode count 5/45], we have num_retrieval=np.int64(6935) num_query=np.int64(167)
2026-03-08 08:12:35: [retrieval_preprocessing] calculating distances ...
2026-03-08 08:12:35: [retrieval_preprocessing] finished and saved retrieval indices for episode 101106 [episode count 5/45]
[retrieval_preprocessing] for episode 101107 [episode count 6/45], we have num_retrieval=np.int64(6950) num_query=np.int64(152)
2026-03-08 08:13:50: [retrieval_preprocessing] calculating distances ...
2026-03-08 08:13:50: [retrieval_preprocessing] finished and saved retrieval indices for episode 101107 [episode count 6/45]
[retrieval_preprocessing] for episode 101108 [episode count 7/45], we have num_retrieval=np.int64(6944) num_query=np.int64(158)
2026-03-08 08:15:06: [retrieval_preprocessing] calculating distances ...
2026-03-08 08:15:06: [retrieval_preprocessing] finished and saved retrieval indices for episode 101108 [episode count 7/45]
[retrieval_preprocessing] for episode 101109 [episode count 8/45], we have num_retrieval=np.int64(6948) num_query=np.int64(154)
2026-03-08 08:16:21: [retrieval_preprocessing] calculating distances ...
2026-03-08 08:16:22: [retrieval_preprocessing] finished and saved retrieval indices for episode 101109 [episode count 8/45]
[retrieval_preprocessing] for episode 101110 [episode count 9/45], we have num_retrieval=np.int64(6947) num_query=np.int64(155)
2026-03-08 08:17:37: [retrieval_preprocessing] calculating distances ...
2026-03-08 08:17:37: [retrieval_preprocessing] finished and saved retrieval indices for episode 101110 [episode count 9/45]
[retrieval_preprocessing] for episode 101111 [episode count 10/45], we have num_retrieval=np.int64(6938) num_query=np.int64(164)
2026-03-08 08:18:52: [retrieval_preprocessing] calculating distances ...
2026-03-08 08:18:52: [retrieval_preprocessing] finished and saved retrieval indices for episode 101111 [episode count 10/45]
[retrieval_preprocessing] for episode 101112 [episode count 11/45], we have num_retrieval=np.int64(6952) num_query=np.int64(150)
2026-03-08 08:20:07: [retrieval_preprocessing] calculating distances ...
2026-03-08 08:20:08: [retrieval_preprocessing] finished and saved retrieval indices for episode 101112 [episode count 11/45]
[retrieval_preprocessing] for episode 101113 [episode count 12/45], we have num_retrieval=np.int64(6895) num_query=np.int64(207)
2026-03-08 08:21:22: [retrieval_preprocessing] calculating distances ...
2026-03-08 08:21:22: [retrieval_preprocessing] finished and saved retrieval indices for episode 101113 [episode count 12/45]
[retrieval_preprocessing] for episode 101114 [episode count 13/45], we have num_retrieval=np.int64(6959) num_query=np.int64(143)
2026-03-08 08:22:37: [retrieval_preprocessing] calculating distances ...
2026-03-08 08:22:38: [retrieval_preprocessing] finished and saved retrieval indices for episode 101114 [episode count 13/45]
[retrieval_preprocessing] for episode 101115 [episode count 14/45], we have num_retrieval=np.int64(6949) num_query=np.int64(153)
2026-03-08 08:23:53: [retrieval_preprocessing] calculating distances ...
2026-03-08 08:23:54: [retrieval_preprocessing] finished and saved retrieval indices for episode 101115 [episode count 14/45]
[retrieval_preprocessing] for episode 101116 [episode count 15/45], we have num_retrieval=np.int64(6949) num_query=np.int64(153)
2026-03-08 08:25:09: [retrieval_preprocessing] calculating distances ...
2026-03-08 08:25:10: [retrieval_preprocessing] finished and saved retrieval indices for episode 101116 [episode count 15/45]
[retrieval_preprocessing] for episode 101117 [episode count 16/45], we have num_retrieval=np.int64(6941) num_query=np.int64(161)
2026-03-08 08:26:25: [retrieval_preprocessing] calculating distances ...
2026-03-08 08:26:25: [retrieval_preprocessing] finished and saved retrieval indices for episode 101117 [episode count 16/45]
[retrieval_preprocessing] for episode 101118 [episode count 17/45], we have num_retrieval=np.int64(6951) num_query=np.int64(151)
2026-03-08 08:27:39: [retrieval_preprocessing] calculating distances ...
2026-03-08 08:27:39: [retrieval_preprocessing] finished and saved retrieval indices for episode 101118 [episode count 17/45]
[retrieval_preprocessing] for episode 101119 [episode count 18/45], we have num_retrieval=np.int64(6931) num_query=np.int64(171)
2026-03-08 08:28:55: [retrieval_preprocessing] calculating distances ...
2026-03-08 08:28:55: [retrieval_preprocessing] finished and saved retrieval indices for episode 101119 [episode count 18/45]
[retrieval_preprocessing] for episode 101120 [episode count 19/45], we have num_retrieval=np.int64(6953) num_query=np.int64(149)
2026-03-08 08:30:11: [retrieval_preprocessing] calculating distances ...
2026-03-08 08:30:11: [retrieval_preprocessing] finished and saved retrieval indices for episode 101120 [episode count 19/45]
[retrieval_preprocessing] for episode 101121 [episode count 20/45], we have num_retrieval=np.int64(6944) num_query=np.int64(158)
2026-03-08 08:31:26: [retrieval_preprocessing] calculating distances ...
2026-03-08 08:31:27: [retrieval_preprocessing] finished and saved retrieval indices for episode 101121 [episode count 20/45]
[retrieval_preprocessing] for episode 101122 [episode count 21/45], we have num_retrieval=np.int64(6949) num_query=np.int64(153)
2026-03-08 08:32:41: [retrieval_preprocessing] calculating distances ...
2026-03-08 08:32:41: [retrieval_preprocessing] finished and saved retrieval indices for episode 101122 [episode count 21/45]
[retrieval_preprocessing] for episode 101123 [episode count 22/45], we have num_retrieval=np.int64(6946) num_query=np.int64(156)
2026-03-08 08:33:56: [retrieval_preprocessing] calculating distances ...
2026-03-08 08:33:56: [retrieval_preprocessing] finished and saved retrieval indices for episode 101123 [episode count 22/45]
[retrieval_preprocessing] for episode 101124 [episode count 23/45], we have num_retrieval=np.int64(6929) num_query=np.int64(173)
2026-03-08 08:35:11: [retrieval_preprocessing] calculating distances ...
2026-03-08 08:35:11: [retrieval_preprocessing] finished and saved retrieval indices for episode 101124 [episode count 23/45]
[retrieval_preprocessing] for episode 101125 [episode count 24/45], we have num_retrieval=np.int64(6927) num_query=np.int64(175)
2026-03-08 08:36:26: [retrieval_preprocessing] calculating distances ...
2026-03-08 08:36:27: [retrieval_preprocessing] finished and saved retrieval indices for episode 101125 [episode count 24/45]
[retrieval_preprocessing] for episode 101126 [episode count 25/45], we have num_retrieval=np.int64(6946) num_query=np.int64(156)
2026-03-08 08:37:41: [retrieval_preprocessing] calculating distances ...
2026-03-08 08:37:42: [retrieval_preprocessing] finished and saved retrieval indices for episode 101126 [episode count 25/45]
[retrieval_preprocessing] for episode 101127 [episode count 26/45], we have num_retrieval=np.int64(6948) num_query=np.int64(154)
2026-03-08 08:38:57: [retrieval_preprocessing] calculating distances ...
2026-03-08 08:38:57: [retrieval_preprocessing] finished and saved retrieval indices for episode 101127 [episode count 26/45]
[retrieval_preprocessing] for episode 101128 [episode count 27/45], we have num_retrieval=np.int64(6956) num_query=np.int64(146)
2026-03-08 08:40:13: [retrieval_preprocessing] calculating distances ...
2026-03-08 08:40:13: [retrieval_preprocessing] finished and saved retrieval indices for episode 101128 [episode count 27/45]
[retrieval_preprocessing] for episode 101129 [episode count 28/45], we have num_retrieval=np.int64(6951) num_query=np.int64(151)
2026-03-08 08:41:28: [retrieval_preprocessing] calculating distances ...
2026-03-08 08:41:29: [retrieval_preprocessing] finished and saved retrieval indices for episode 101129 [episode count 28/45]
[retrieval_preprocessing] for episode 101130 [episode count 29/45], we have num_retrieval=np.int64(6940) num_query=np.int64(162)
2026-03-08 08:42:44: [retrieval_preprocessing] calculating distances ...
2026-03-08 08:42:45: [retrieval_preprocessing] finished and saved retrieval indices for episode 101130 [episode count 29/45]
[retrieval_preprocessing] for episode 101131 [episode count 30/45], we have num_retrieval=np.int64(6948) num_query=np.int64(154)
2026-03-08 08:44:00: [retrieval_preprocessing] calculating distances ...
2026-03-08 08:44:00: [retrieval_preprocessing] finished and saved retrieval indices for episode 101131 [episode count 30/45]
[retrieval_preprocessing] for episode 101132 [episode count 31/45], we have num_retrieval=np.int64(6953) num_query=np.int64(149)
2026-03-08 08:45:15: [retrieval_preprocessing] calculating distances ...
2026-03-08 08:45:15: [retrieval_preprocessing] finished and saved retrieval indices for episode 101132 [episode count 31/45]
[retrieval_preprocessing] for episode 101133 [episode count 32/45], we have num_retrieval=np.int64(6945) num_query=np.int64(157)
2026-03-08 08:46:30: [retrieval_preprocessing] calculating distances ...
2026-03-08 08:46:30: [retrieval_preprocessing] finished and saved retrieval indices for episode 101133 [episode count 32/45]
[retrieval_preprocessing] for episode 101134 [episode count 33/45], we have num_retrieval=np.int64(6938) num_query=np.int64(164)
2026-03-08 08:47:45: [retrieval_preprocessing] calculating distances ...
2026-03-08 08:47:45: [retrieval_preprocessing] finished and saved retrieval indices for episode 101134 [episode count 33/45]
[retrieval_preprocessing] for episode 101135 [episode count 34/45], we have num_retrieval=np.int64(6924) num_query=np.int64(178)
2026-03-08 08:49:01: [retrieval_preprocessing] calculating distances ...
2026-03-08 08:49:01: [retrieval_preprocessing] finished and saved retrieval indices for episode 101135 [episode count 34/45]
[retrieval_preprocessing] for episode 101136 [episode count 35/45], we have num_retrieval=np.int64(6935) num_query=np.int64(167)
2026-03-08 08:50:16: [retrieval_preprocessing] calculating distances ...
2026-03-08 08:50:17: [retrieval_preprocessing] finished and saved retrieval indices for episode 101136 [episode count 35/45]
[retrieval_preprocessing] for episode 101137 [episode count 36/45], we have num_retrieval=np.int64(6958) num_query=np.int64(144)
2026-03-08 08:51:32: [retrieval_preprocessing] calculating distances ...
2026-03-08 08:51:32: [retrieval_preprocessing] finished and saved retrieval indices for episode 101137 [episode count 36/45]
[retrieval_preprocessing] for episode 101138 [episode count 37/45], we have num_retrieval=np.int64(6937) num_query=np.int64(165)
2026-03-08 08:52:48: [retrieval_preprocessing] calculating distances ...
2026-03-08 08:52:48: [retrieval_preprocessing] finished and saved retrieval indices for episode 101138 [episode count 37/45]
[retrieval_preprocessing] for episode 101139 [episode count 38/45], we have num_retrieval=np.int64(6954) num_query=np.int64(148)
2026-03-08 08:54:04: [retrieval_preprocessing] calculating distances ...
2026-03-08 08:54:04: [retrieval_preprocessing] finished and saved retrieval indices for episode 101139 [episode count 38/45]
[retrieval_preprocessing] for episode 101140 [episode count 39/45], we have num_retrieval=np.int64(6938) num_query=np.int64(164)
2026-03-08 08:55:19: [retrieval_preprocessing] calculating distances ...
2026-03-08 08:55:19: [retrieval_preprocessing] finished and saved retrieval indices for episode 101140 [episode count 39/45]
[retrieval_preprocessing] for episode 101141 [episode count 40/45], we have num_retrieval=np.int64(6956) num_query=np.int64(146)
2026-03-08 08:56:35: [retrieval_preprocessing] calculating distances ...
2026-03-08 08:56:35: [retrieval_preprocessing] finished and saved retrieval indices for episode 101141 [episode count 40/45]
[retrieval_preprocessing] for episode 101142 [episode count 41/45], we have num_retrieval=np.int64(6950) num_query=np.int64(152)
2026-03-08 08:57:51: [retrieval_preprocessing] calculating distances ...
2026-03-08 08:57:51: [retrieval_preprocessing] finished and saved retrieval indices for episode 101142 [episode count 41/45]
[retrieval_preprocessing] for episode 101143 [episode count 42/45], we have num_retrieval=np.int64(6952) num_query=np.int64(150)
2026-03-08 08:59:08: [retrieval_preprocessing] calculating distances ...
2026-03-08 08:59:08: [retrieval_preprocessing] finished and saved retrieval indices for episode 101143 [episode count 42/45]
[retrieval_preprocessing] for episode 101144 [episode count 43/45], we have num_retrieval=np.int64(6948) num_query=np.int64(154)
2026-03-08 09:00:22: [retrieval_preprocessing] calculating distances ...
2026-03-08 09:00:23: [retrieval_preprocessing] finished and saved retrieval indices for episode 101144 [episode count 43/45]
[retrieval_preprocessing] for episode 101145 [episode count 44/45], we have num_retrieval=np.int64(6925) num_query=np.int64(177)
2026-03-08 09:01:39: [retrieval_preprocessing] calculating distances ...
2026-03-08 09:01:40: [retrieval_preprocessing] finished and saved retrieval indices for episode 101145 [episode count 44/45]
2026-03-08 09:01:40: [retrieval_preprocessing] finished for libero_collected_demos_training/pick_up_the_butter_and_place_it_in_the_basket [chosen_id count 26/32]
2026-03-08 09:01:53: [retrieval_preprocessing] concatenated all embeddings and indices for 29 episodes for libero_collected_demos_training/put_both_moka_pots_on_the_stove [chosen_id count 27/32]
2026-03-08 09:01:53: [retrieval_preprocessing] we have num_total=11808 embedding_dim=49152
[retrieval_preprocessing] for episode 101146 [episode count 0/29], we have num_retrieval=np.int64(11342) num_query=np.int64(466)
2026-03-08 09:03:44: [retrieval_preprocessing] calculating distances ...
2026-03-08 09:03:45: [retrieval_preprocessing] finished and saved retrieval indices for episode 101146 [episode count 0/29]
[retrieval_preprocessing] for episode 101147 [episode count 1/29], we have num_retrieval=np.int64(11404) num_query=np.int64(404)
2026-03-08 09:05:33: [retrieval_preprocessing] calculating distances ...
2026-03-08 09:05:34: [retrieval_preprocessing] finished and saved retrieval indices for episode 101147 [episode count 1/29]
[retrieval_preprocessing] for episode 101148 [episode count 2/29], we have num_retrieval=np.int64(11440) num_query=np.int64(368)
2026-03-08 09:07:26: [retrieval_preprocessing] calculating distances ...
2026-03-08 09:07:27: [retrieval_preprocessing] finished and saved retrieval indices for episode 101148 [episode count 2/29]
[retrieval_preprocessing] for episode 101149 [episode count 3/29], we have num_retrieval=np.int64(11303) num_query=np.int64(505)
2026-03-08 09:09:15: [retrieval_preprocessing] calculating distances ...
2026-03-08 09:09:17: [retrieval_preprocessing] finished and saved retrieval indices for episode 101149 [episode count 3/29]
[retrieval_preprocessing] for episode 101150 [episode count 4/29], we have num_retrieval=np.int64(11435) num_query=np.int64(373)
2026-03-08 09:11:08: [retrieval_preprocessing] calculating distances ...
2026-03-08 09:11:09: [retrieval_preprocessing] finished and saved retrieval indices for episode 101150 [episode count 4/29]
[retrieval_preprocessing] for episode 101151 [episode count 5/29], we have num_retrieval=np.int64(11392) num_query=np.int64(416)
2026-03-08 09:13:02: [retrieval_preprocessing] calculating distances ...
2026-03-08 09:13:03: [retrieval_preprocessing] finished and saved retrieval indices for episode 101151 [episode count 5/29]
[retrieval_preprocessing] for episode 101152 [episode count 6/29], we have num_retrieval=np.int64(11389) num_query=np.int64(419)
2026-03-08 09:14:55: [retrieval_preprocessing] calculating distances ...
2026-03-08 09:14:57: [retrieval_preprocessing] finished and saved retrieval indices for episode 101152 [episode count 6/29]
[retrieval_preprocessing] for episode 101153 [episode count 7/29], we have num_retrieval=np.int64(11425) num_query=np.int64(383)
2026-03-08 09:16:48: [retrieval_preprocessing] calculating distances ...
2026-03-08 09:16:50: [retrieval_preprocessing] finished and saved retrieval indices for episode 101153 [episode count 7/29]
[retrieval_preprocessing] for episode 101154 [episode count 8/29], we have num_retrieval=np.int64(11407) num_query=np.int64(401)
2026-03-08 09:18:41: [retrieval_preprocessing] calculating distances ...
2026-03-08 09:18:42: [retrieval_preprocessing] finished and saved retrieval indices for episode 101154 [episode count 8/29]
[retrieval_preprocessing] for episode 101155 [episode count 9/29], we have num_retrieval=np.int64(11399) num_query=np.int64(409)
2026-03-08 09:20:33: [retrieval_preprocessing] calculating distances ...
2026-03-08 09:20:34: [retrieval_preprocessing] finished and saved retrieval indices for episode 101155 [episode count 9/29]
[retrieval_preprocessing] for episode 101156 [episode count 10/29], we have num_retrieval=np.int64(11449) num_query=np.int64(359)
2026-03-08 09:22:25: [retrieval_preprocessing] calculating distances ...
2026-03-08 09:22:26: [retrieval_preprocessing] finished and saved retrieval indices for episode 101156 [episode count 10/29]
[retrieval_preprocessing] for episode 101157 [episode count 11/29], we have num_retrieval=np.int64(11400) num_query=np.int64(408)
2026-03-08 09:24:17: [retrieval_preprocessing] calculating distances ...
2026-03-08 09:24:18: [retrieval_preprocessing] finished and saved retrieval indices for episode 101157 [episode count 11/29]
[retrieval_preprocessing] for episode 101158 [episode count 12/29], we have num_retrieval=np.int64(11467) num_query=np.int64(341)
2026-03-08 09:26:07: [retrieval_preprocessing] calculating distances ...
2026-03-08 09:26:08: [retrieval_preprocessing] finished and saved retrieval indices for episode 101158 [episode count 12/29]
[retrieval_preprocessing] for episode 101159 [episode count 13/29], we have num_retrieval=np.int64(11358) num_query=np.int64(450)
2026-03-08 09:28:01: [retrieval_preprocessing] calculating distances ...
2026-03-08 09:28:02: [retrieval_preprocessing] finished and saved retrieval indices for episode 101159 [episode count 13/29]
[retrieval_preprocessing] for episode 101160 [episode count 14/29], we have num_retrieval=np.int64(11416) num_query=np.int64(392)
2026-03-08 09:29:53: [retrieval_preprocessing] calculating distances ...
2026-03-08 09:29:54: [retrieval_preprocessing] finished and saved retrieval indices for episode 101160 [episode count 14/29]
[retrieval_preprocessing] for episode 101161 [episode count 15/29], we have num_retrieval=np.int64(11420) num_query=np.int64(388)
2026-03-08 09:31:46: [retrieval_preprocessing] calculating distances ...
2026-03-08 09:31:47: [retrieval_preprocessing] finished and saved retrieval indices for episode 101161 [episode count 15/29]
[retrieval_preprocessing] for episode 101162 [episode count 16/29], we have num_retrieval=np.int64(11387) num_query=np.int64(421)
2026-03-08 09:33:36: [retrieval_preprocessing] calculating distances ...
2026-03-08 09:33:38: [retrieval_preprocessing] finished and saved retrieval indices for episode 101162 [episode count 16/29]
[retrieval_preprocessing] for episode 101163 [episode count 17/29], we have num_retrieval=np.int64(11420) num_query=np.int64(388)
2026-03-08 09:35:30: [retrieval_preprocessing] calculating distances ...
2026-03-08 09:35:31: [retrieval_preprocessing] finished and saved retrieval indices for episode 101163 [episode count 17/29]
[retrieval_preprocessing] for episode 101164 [episode count 18/29], we have num_retrieval=np.int64(11353) num_query=np.int64(455)
2026-03-08 09:37:17: [retrieval_preprocessing] calculating distances ...
2026-03-08 09:37:19: [retrieval_preprocessing] finished and saved retrieval indices for episode 101164 [episode count 18/29]
[retrieval_preprocessing] for episode 101165 [episode count 19/29], we have num_retrieval=np.int64(11351) num_query=np.int64(457)
2026-03-08 09:39:07: [retrieval_preprocessing] calculating distances ...
2026-03-08 09:39:08: [retrieval_preprocessing] finished and saved retrieval indices for episode 101165 [episode count 19/29]
[retrieval_preprocessing] for episode 101166 [episode count 20/29], we have num_retrieval=np.int64(11350) num_query=np.int64(458)
2026-03-08 09:40:55: [retrieval_preprocessing] calculating distances ...
2026-03-08 09:40:56: [retrieval_preprocessing] finished and saved retrieval indices for episode 101166 [episode count 20/29]
[retrieval_preprocessing] for episode 101167 [episode count 21/29], we have num_retrieval=np.int64(11398) num_query=np.int64(410)
2026-03-08 09:42:47: [retrieval_preprocessing] calculating distances ...
2026-03-08 09:42:48: [retrieval_preprocessing] finished and saved retrieval indices for episode 101167 [episode count 21/29]
[retrieval_preprocessing] for episode 101168 [episode count 22/29], we have num_retrieval=np.int64(11412) num_query=np.int64(396)
2026-03-08 09:44:38: [retrieval_preprocessing] calculating distances ...
2026-03-08 09:44:40: [retrieval_preprocessing] finished and saved retrieval indices for episode 101168 [episode count 22/29]
[retrieval_preprocessing] for episode 101169 [episode count 23/29], we have num_retrieval=np.int64(11425) num_query=np.int64(383)
2026-03-08 09:46:32: [retrieval_preprocessing] calculating distances ...
2026-03-08 09:46:33: [retrieval_preprocessing] finished and saved retrieval indices for episode 101169 [episode count 23/29]
[retrieval_preprocessing] for episode 101170 [episode count 24/29], we have num_retrieval=np.int64(11435) num_query=np.int64(373)
2026-03-08 09:48:21: [retrieval_preprocessing] calculating distances ...
2026-03-08 09:48:22: [retrieval_preprocessing] finished and saved retrieval indices for episode 101170 [episode count 24/29]
[retrieval_preprocessing] for episode 101171 [episode count 25/29], we have num_retrieval=np.int64(11410) num_query=np.int64(398)
2026-03-08 09:50:14: [retrieval_preprocessing] calculating distances ...
2026-03-08 09:50:16: [retrieval_preprocessing] finished and saved retrieval indices for episode 101171 [episode count 25/29]
[retrieval_preprocessing] for episode 101172 [episode count 26/29], we have num_retrieval=np.int64(11419) num_query=np.int64(389)
2026-03-08 09:52:07: [retrieval_preprocessing] calculating distances ...
2026-03-08 09:52:08: [retrieval_preprocessing] finished and saved retrieval indices for episode 101172 [episode count 26/29]
[retrieval_preprocessing] for episode 101173 [episode count 27/29], we have num_retrieval=np.int64(11446) num_query=np.int64(362)
2026-03-08 09:54:00: [retrieval_preprocessing] calculating distances ...
2026-03-08 09:54:01: [retrieval_preprocessing] finished and saved retrieval indices for episode 101173 [episode count 27/29]
[retrieval_preprocessing] for episode 101174 [episode count 28/29], we have num_retrieval=np.int64(11372) num_query=np.int64(436)
2026-03-08 09:55:50: [retrieval_preprocessing] calculating distances ...
2026-03-08 09:55:51: [retrieval_preprocessing] finished and saved retrieval indices for episode 101174 [episode count 28/29]
2026-03-08 09:55:51: [retrieval_preprocessing] finished for libero_collected_demos_training/put_both_moka_pots_on_the_stove [chosen_id count 27/32]
2026-03-08 09:55:59: [retrieval_preprocessing] concatenated all embeddings and indices for 46 episodes for libero_collected_demos_training/pick_up_the_bbq_sauce_and_place_it_in_the_basket [chosen_id count 28/32]
2026-03-08 09:55:59: [retrieval_preprocessing] we have num_total=6723 embedding_dim=49152
[retrieval_preprocessing] for episode 101175 [episode count 0/46], we have num_retrieval=np.int64(6601) num_query=np.int64(122)
2026-03-08 09:57:11: [retrieval_preprocessing] calculating distances ...
2026-03-08 09:57:12: [retrieval_preprocessing] finished and saved retrieval indices for episode 101175 [episode count 0/46]
[retrieval_preprocessing] for episode 101176 [episode count 1/46], we have num_retrieval=np.int64(6592) num_query=np.int64(131)
2026-03-08 09:58:25: [retrieval_preprocessing] calculating distances ...
2026-03-08 09:58:25: [retrieval_preprocessing] finished and saved retrieval indices for episode 101176 [episode count 1/46]
[retrieval_preprocessing] for episode 101177 [episode count 2/46], we have num_retrieval=np.int64(6588) num_query=np.int64(135)
2026-03-08 09:59:38: [retrieval_preprocessing] calculating distances ...
2026-03-08 09:59:38: [retrieval_preprocessing] finished and saved retrieval indices for episode 101177 [episode count 2/46]
[retrieval_preprocessing] for episode 101178 [episode count 3/46], we have num_retrieval=np.int64(6548) num_query=np.int64(175)
2026-03-08 10:00:51: [retrieval_preprocessing] calculating distances ...
2026-03-08 10:00:52: [retrieval_preprocessing] finished and saved retrieval indices for episode 101178 [episode count 3/46]
[retrieval_preprocessing] for episode 101179 [episode count 4/46], we have num_retrieval=np.int64(6591) num_query=np.int64(132)
2026-03-08 10:02:04: [retrieval_preprocessing] calculating distances ...
2026-03-08 10:02:05: [retrieval_preprocessing] finished and saved retrieval indices for episode 101179 [episode count 4/46]
[retrieval_preprocessing] for episode 101180 [episode count 5/46], we have num_retrieval=np.int64(6555) num_query=np.int64(168)
2026-03-08 10:03:18: [retrieval_preprocessing] calculating distances ...
2026-03-08 10:03:18: [retrieval_preprocessing] finished and saved retrieval indices for episode 101180 [episode count 5/46]
[retrieval_preprocessing] for episode 101181 [episode count 6/46], we have num_retrieval=np.int64(6596) num_query=np.int64(127)
2026-03-08 10:04:31: [retrieval_preprocessing] calculating distances ...
2026-03-08 10:04:32: [retrieval_preprocessing] finished and saved retrieval indices for episode 101181 [episode count 6/46]
[retrieval_preprocessing] for episode 101182 [episode count 7/46], we have num_retrieval=np.int64(6557) num_query=np.int64(166)
2026-03-08 10:05:45: [retrieval_preprocessing] calculating distances ...
2026-03-08 10:05:45: [retrieval_preprocessing] finished and saved retrieval indices for episode 101182 [episode count 7/46]
[retrieval_preprocessing] for episode 101183 [episode count 8/46], we have num_retrieval=np.int64(6561) num_query=np.int64(162)
2026-03-08 10:06:59: [retrieval_preprocessing] calculating distances ...
2026-03-08 10:06:59: [retrieval_preprocessing] finished and saved retrieval indices for episode 101183 [episode count 8/46]
[retrieval_preprocessing] for episode 101184 [episode count 9/46], we have num_retrieval=np.int64(6590) num_query=np.int64(133)
2026-03-08 10:08:11: [retrieval_preprocessing] calculating distances ...
2026-03-08 10:08:12: [retrieval_preprocessing] finished and saved retrieval indices for episode 101184 [episode count 9/46]
[retrieval_preprocessing] for episode 101185 [episode count 10/46], we have num_retrieval=np.int64(6582) num_query=np.int64(141)
2026-03-08 10:09:25: [retrieval_preprocessing] calculating distances ...
2026-03-08 10:09:26: [retrieval_preprocessing] finished and saved retrieval indices for episode 101185 [episode count 10/46]
[retrieval_preprocessing] for episode 101186 [episode count 11/46], we have num_retrieval=np.int64(6597) num_query=np.int64(126)
2026-03-08 10:10:39: [retrieval_preprocessing] calculating distances ...
2026-03-08 10:10:39: [retrieval_preprocessing] finished and saved retrieval indices for episode 101186 [episode count 11/46]
[retrieval_preprocessing] for episode 101187 [episode count 12/46], we have num_retrieval=np.int64(6583) num_query=np.int64(140)
2026-03-08 10:11:53: [retrieval_preprocessing] calculating distances ...
2026-03-08 10:11:53: [retrieval_preprocessing] finished and saved retrieval indices for episode 101187 [episode count 12/46]
[retrieval_preprocessing] for episode 101188 [episode count 13/46], we have num_retrieval=np.int64(6582) num_query=np.int64(141)
2026-03-08 10:13:05: [retrieval_preprocessing] calculating distances ...
2026-03-08 10:13:06: [retrieval_preprocessing] finished and saved retrieval indices for episode 101188 [episode count 13/46]
[retrieval_preprocessing] for episode 101189 [episode count 14/46], we have num_retrieval=np.int64(6592) num_query=np.int64(131)
2026-03-08 10:14:19: [retrieval_preprocessing] calculating distances ...
2026-03-08 10:14:20: [retrieval_preprocessing] finished and saved retrieval indices for episode 101189 [episode count 14/46]
[retrieval_preprocessing] for episode 101190 [episode count 15/46], we have num_retrieval=np.int64(6595) num_query=np.int64(128)
2026-03-08 10:15:33: [retrieval_preprocessing] calculating distances ...
2026-03-08 10:15:33: [retrieval_preprocessing] finished and saved retrieval indices for episode 101190 [episode count 15/46]
[retrieval_preprocessing] for episode 101191 [episode count 16/46], we have num_retrieval=np.int64(6598) num_query=np.int64(125)
2026-03-08 10:16:46: [retrieval_preprocessing] calculating distances ...
2026-03-08 10:16:46: [retrieval_preprocessing] finished and saved retrieval indices for episode 101191 [episode count 16/46]
[retrieval_preprocessing] for episode 101192 [episode count 17/46], we have num_retrieval=np.int64(6557) num_query=np.int64(166)
2026-03-08 10:17:59: [retrieval_preprocessing] calculating distances ...
2026-03-08 10:18:00: [retrieval_preprocessing] finished and saved retrieval indices for episode 101192 [episode count 17/46]
[retrieval_preprocessing] for episode 101193 [episode count 18/46], we have num_retrieval=np.int64(6575) num_query=np.int64(148)
2026-03-08 10:19:11: [retrieval_preprocessing] calculating distances ...
2026-03-08 10:19:12: [retrieval_preprocessing] finished and saved retrieval indices for episode 101193 [episode count 18/46]
[retrieval_preprocessing] for episode 101194 [episode count 19/46], we have num_retrieval=np.int64(6591) num_query=np.int64(132)
2026-03-08 10:20:24: [retrieval_preprocessing] calculating distances ...
2026-03-08 10:20:24: [retrieval_preprocessing] finished and saved retrieval indices for episode 101194 [episode count 19/46]
[retrieval_preprocessing] for episode 101195 [episode count 20/46], we have num_retrieval=np.int64(6502) num_query=np.int64(221)
2026-03-08 10:21:39: [retrieval_preprocessing] calculating distances ...
2026-03-08 10:21:39: [retrieval_preprocessing] finished and saved retrieval indices for episode 101195 [episode count 20/46]
[retrieval_preprocessing] for episode 101196 [episode count 21/46], we have num_retrieval=np.int64(6562) num_query=np.int64(161)
2026-03-08 10:22:51: [retrieval_preprocessing] calculating distances ...
2026-03-08 10:22:52: [retrieval_preprocessing] finished and saved retrieval indices for episode 101196 [episode count 21/46]
[retrieval_preprocessing] for episode 101197 [episode count 22/46], we have num_retrieval=np.int64(6594) num_query=np.int64(129)
2026-03-08 10:24:05: [retrieval_preprocessing] calculating distances ...
2026-03-08 10:24:05: [retrieval_preprocessing] finished and saved retrieval indices for episode 101197 [episode count 22/46]
[retrieval_preprocessing] for episode 101198 [episode count 23/46], we have num_retrieval=np.int64(6584) num_query=np.int64(139)
2026-03-08 10:25:18: [retrieval_preprocessing] calculating distances ...
2026-03-08 10:25:19: [retrieval_preprocessing] finished and saved retrieval indices for episode 101198 [episode count 23/46]
[retrieval_preprocessing] for episode 101199 [episode count 24/46], we have num_retrieval=np.int64(6589) num_query=np.int64(134)
2026-03-08 10:26:32: [retrieval_preprocessing] calculating distances ...
2026-03-08 10:26:32: [retrieval_preprocessing] finished and saved retrieval indices for episode 101199 [episode count 24/46]
[retrieval_preprocessing] for episode 101200 [episode count 25/46], we have num_retrieval=np.int64(6588) num_query=np.int64(135)
2026-03-08 10:27:45: [retrieval_preprocessing] calculating distances ...
2026-03-08 10:27:46: [retrieval_preprocessing] finished and saved retrieval indices for episode 101200 [episode count 25/46]
[retrieval_preprocessing] for episode 101201 [episode count 26/46], we have num_retrieval=np.int64(6562) num_query=np.int64(161)
2026-03-08 10:29:00: [retrieval_preprocessing] calculating distances ...
2026-03-08 10:29:00: [retrieval_preprocessing] finished and saved retrieval indices for episode 101201 [episode count 26/46]
[retrieval_preprocessing] for episode 101202 [episode count 27/46], we have num_retrieval=np.int64(6588) num_query=np.int64(135)
2026-03-08 10:30:13: [retrieval_preprocessing] calculating distances ...
2026-03-08 10:30:14: [retrieval_preprocessing] finished and saved retrieval indices for episode 101202 [episode count 27/46]
[retrieval_preprocessing] for episode 101203 [episode count 28/46], we have num_retrieval=np.int64(6574) num_query=np.int64(149)
2026-03-08 10:31:27: [retrieval_preprocessing] calculating distances ...
2026-03-08 10:31:27: [retrieval_preprocessing] finished and saved retrieval indices for episode 101203 [episode count 28/46]
[retrieval_preprocessing] for episode 101204 [episode count 29/46], we have num_retrieval=np.int64(6588) num_query=np.int64(135)
2026-03-08 10:32:41: [retrieval_preprocessing] calculating distances ...
2026-03-08 10:32:41: [retrieval_preprocessing] finished and saved retrieval indices for episode 101204 [episode count 29/46]
[retrieval_preprocessing] for episode 101205 [episode count 30/46], we have num_retrieval=np.int64(6591) num_query=np.int64(132)
2026-03-08 10:33:54: [retrieval_preprocessing] calculating distances ...
2026-03-08 10:33:54: [retrieval_preprocessing] finished and saved retrieval indices for episode 101205 [episode count 30/46]
[retrieval_preprocessing] for episode 101206 [episode count 31/46], we have num_retrieval=np.int64(6573) num_query=np.int64(150)
2026-03-08 10:35:07: [retrieval_preprocessing] calculating distances ...
2026-03-08 10:35:08: [retrieval_preprocessing] finished and saved retrieval indices for episode 101206 [episode count 31/46]
[retrieval_preprocessing] for episode 101207 [episode count 32/46], we have num_retrieval=np.int64(6557) num_query=np.int64(166)
2026-03-08 10:36:21: [retrieval_preprocessing] calculating distances ...
2026-03-08 10:36:22: [retrieval_preprocessing] finished and saved retrieval indices for episode 101207 [episode count 32/46]
[retrieval_preprocessing] for episode 101208 [episode count 33/46], we have num_retrieval=np.int64(6591) num_query=np.int64(132)
2026-03-08 10:37:34: [retrieval_preprocessing] calculating distances ...
2026-03-08 10:37:35: [retrieval_preprocessing] finished and saved retrieval indices for episode 101208 [episode count 33/46]
[retrieval_preprocessing] for episode 101209 [episode count 34/46], we have num_retrieval=np.int64(6561) num_query=np.int64(162)
2026-03-08 10:38:48: [retrieval_preprocessing] calculating distances ...
2026-03-08 10:38:48: [retrieval_preprocessing] finished and saved retrieval indices for episode 101209 [episode count 34/46]
[retrieval_preprocessing] for episode 101210 [episode count 35/46], we have num_retrieval=np.int64(6594) num_query=np.int64(129)
2026-03-08 10:40:01: [retrieval_preprocessing] calculating distances ...
2026-03-08 10:40:01: [retrieval_preprocessing] finished and saved retrieval indices for episode 101210 [episode count 35/46]
[retrieval_preprocessing] for episode 101211 [episode count 36/46], we have num_retrieval=np.int64(6589) num_query=np.int64(134)
2026-03-08 10:41:15: [retrieval_preprocessing] calculating distances ...
2026-03-08 10:41:15: [retrieval_preprocessing] finished and saved retrieval indices for episode 101211 [episode count 36/46]
[retrieval_preprocessing] for episode 101212 [episode count 37/46], we have num_retrieval=np.int64(6591) num_query=np.int64(132)
2026-03-08 10:42:29: [retrieval_preprocessing] calculating distances ...
2026-03-08 10:42:29: [retrieval_preprocessing] finished and saved retrieval indices for episode 101212 [episode count 37/46]
[retrieval_preprocessing] for episode 101213 [episode count 38/46], we have num_retrieval=np.int64(6546) num_query=np.int64(177)
2026-03-08 10:43:43: [retrieval_preprocessing] calculating distances ...
2026-03-08 10:43:43: [retrieval_preprocessing] finished and saved retrieval indices for episode 101213 [episode count 38/46]
[retrieval_preprocessing] for episode 101214 [episode count 39/46], we have num_retrieval=np.int64(6594) num_query=np.int64(129)
2026-03-08 10:44:56: [retrieval_preprocessing] calculating distances ...
2026-03-08 10:44:57: [retrieval_preprocessing] finished and saved retrieval indices for episode 101214 [episode count 39/46]
[retrieval_preprocessing] for episode 101215 [episode count 40/46], we have num_retrieval=np.int64(6587) num_query=np.int64(136)
2026-03-08 10:46:10: [retrieval_preprocessing] calculating distances ...
2026-03-08 10:46:10: [retrieval_preprocessing] finished and saved retrieval indices for episode 101215 [episode count 40/46]
[retrieval_preprocessing] for episode 101216 [episode count 41/46], we have num_retrieval=np.int64(6549) num_query=np.int64(174)
2026-03-08 10:47:24: [retrieval_preprocessing] calculating distances ...
2026-03-08 10:47:24: [retrieval_preprocessing] finished and saved retrieval indices for episode 101216 [episode count 41/46]
[retrieval_preprocessing] for episode 101217 [episode count 42/46], we have num_retrieval=np.int64(6553) num_query=np.int64(170)
2026-03-08 10:48:37: [retrieval_preprocessing] calculating distances ...
2026-03-08 10:48:37: [retrieval_preprocessing] finished and saved retrieval indices for episode 101217 [episode count 42/46]
[retrieval_preprocessing] for episode 101218 [episode count 43/46], we have num_retrieval=np.int64(6583) num_query=np.int64(140)
2026-03-08 10:49:51: [retrieval_preprocessing] calculating distances ...
2026-03-08 10:49:51: [retrieval_preprocessing] finished and saved retrieval indices for episode 101218 [episode count 43/46]
[retrieval_preprocessing] for episode 101219 [episode count 44/46], we have num_retrieval=np.int64(6551) num_query=np.int64(172)
2026-03-08 10:51:05: [retrieval_preprocessing] calculating distances ...
2026-03-08 10:51:05: [retrieval_preprocessing] finished and saved retrieval indices for episode 101219 [episode count 44/46]
[retrieval_preprocessing] for episode 101220 [episode count 45/46], we have num_retrieval=np.int64(6563) num_query=np.int64(160)
2026-03-08 10:52:18: [retrieval_preprocessing] calculating distances ...
2026-03-08 10:52:19: [retrieval_preprocessing] finished and saved retrieval indices for episode 101220 [episode count 45/46]
2026-03-08 10:52:19: [retrieval_preprocessing] finished for libero_collected_demos_training/pick_up_the_bbq_sauce_and_place_it_in_the_basket [chosen_id count 28/32]
2026-03-08 10:52:27: [retrieval_preprocessing] concatenated all embeddings and indices for 41 episodes for libero_collected_demos_training/pick_up_the_book_and_place_it_in_the_back_compartment_of_the_caddy [chosen_id count 29/32]
2026-03-08 10:52:27: [retrieval_preprocessing] we have num_total=7634 embedding_dim=49152
[retrieval_preprocessing] for episode 101221 [episode count 0/41], we have num_retrieval=np.int64(7444) num_query=np.int64(190)
2026-03-08 10:53:46: [retrieval_preprocessing] calculating distances ...
2026-03-08 10:53:46: [retrieval_preprocessing] finished and saved retrieval indices for episode 101221 [episode count 0/41]
[retrieval_preprocessing] for episode 101222 [episode count 1/41], we have num_retrieval=np.int64(7472) num_query=np.int64(162)
2026-03-08 10:55:07: [retrieval_preprocessing] calculating distances ...
2026-03-08 10:55:07: [retrieval_preprocessing] finished and saved retrieval indices for episode 101222 [episode count 1/41]
[retrieval_preprocessing] for episode 101223 [episode count 2/41], we have num_retrieval=np.int64(7462) num_query=np.int64(172)
2026-03-08 10:56:28: [retrieval_preprocessing] calculating distances ...
2026-03-08 10:56:29: [retrieval_preprocessing] finished and saved retrieval indices for episode 101223 [episode count 2/41]
[retrieval_preprocessing] for episode 101224 [episode count 3/41], we have num_retrieval=np.int64(7461) num_query=np.int64(173)
2026-03-08 10:57:51: [retrieval_preprocessing] calculating distances ...
2026-03-08 10:57:52: [retrieval_preprocessing] finished and saved retrieval indices for episode 101224 [episode count 3/41]
[retrieval_preprocessing] for episode 101225 [episode count 4/41], we have num_retrieval=np.int64(7450) num_query=np.int64(184)
2026-03-08 10:59:12: [retrieval_preprocessing] calculating distances ...
2026-03-08 10:59:13: [retrieval_preprocessing] finished and saved retrieval indices for episode 101225 [episode count 4/41]
[retrieval_preprocessing] for episode 101226 [episode count 5/41], we have num_retrieval=np.int64(7423) num_query=np.int64(211)
2026-03-08 11:00:33: [retrieval_preprocessing] calculating distances ...
2026-03-08 11:00:34: [retrieval_preprocessing] finished and saved retrieval indices for episode 101226 [episode count 5/41]
[retrieval_preprocessing] for episode 101227 [episode count 6/41], we have num_retrieval=np.int64(7445) num_query=np.int64(189)
2026-03-08 11:01:53: [retrieval_preprocessing] calculating distances ...
2026-03-08 11:01:54: [retrieval_preprocessing] finished and saved retrieval indices for episode 101227 [episode count 6/41]
[retrieval_preprocessing] for episode 101228 [episode count 7/41], we have num_retrieval=np.int64(7464) num_query=np.int64(170)
2026-03-08 11:03:16: [retrieval_preprocessing] calculating distances ...
2026-03-08 11:03:17: [retrieval_preprocessing] finished and saved retrieval indices for episode 101228 [episode count 7/41]
[retrieval_preprocessing] for episode 101229 [episode count 8/41], we have num_retrieval=np.int64(7448) num_query=np.int64(186)
2026-03-08 11:04:38: [retrieval_preprocessing] calculating distances ...
2026-03-08 11:04:39: [retrieval_preprocessing] finished and saved retrieval indices for episode 101229 [episode count 8/41]
[retrieval_preprocessing] for episode 101230 [episode count 9/41], we have num_retrieval=np.int64(7445) num_query=np.int64(189)
2026-03-08 11:05:59: [retrieval_preprocessing] calculating distances ...
2026-03-08 11:06:00: [retrieval_preprocessing] finished and saved retrieval indices for episode 101230 [episode count 9/41]
[retrieval_preprocessing] for episode 101231 [episode count 10/41], we have num_retrieval=np.int64(7469) num_query=np.int64(165)
2026-03-08 11:07:19: [retrieval_preprocessing] calculating distances ...
2026-03-08 11:07:20: [retrieval_preprocessing] finished and saved retrieval indices for episode 101231 [episode count 10/41]
[retrieval_preprocessing] for episode 101232 [episode count 11/41], we have num_retrieval=np.int64(7465) num_query=np.int64(169)
2026-03-08 11:08:40: [retrieval_preprocessing] calculating distances ...
2026-03-08 11:08:40: [retrieval_preprocessing] finished and saved retrieval indices for episode 101232 [episode count 11/41]
[retrieval_preprocessing] for episode 101233 [episode count 12/41], we have num_retrieval=np.int64(7465) num_query=np.int64(169)
2026-03-08 11:10:01: [retrieval_preprocessing] calculating distances ...
2026-03-08 11:10:01: [retrieval_preprocessing] finished and saved retrieval indices for episode 101233 [episode count 12/41]
[retrieval_preprocessing] for episode 101234 [episode count 13/41], we have num_retrieval=np.int64(7467) num_query=np.int64(167)
2026-03-08 11:11:20: [retrieval_preprocessing] calculating distances ...
2026-03-08 11:11:21: [retrieval_preprocessing] finished and saved retrieval indices for episode 101234 [episode count 13/41]
[retrieval_preprocessing] for episode 101235 [episode count 14/41], we have num_retrieval=np.int64(7441) num_query=np.int64(193)
2026-03-08 11:12:41: [retrieval_preprocessing] calculating distances ...
2026-03-08 11:12:41: [retrieval_preprocessing] finished and saved retrieval indices for episode 101235 [episode count 14/41]
[retrieval_preprocessing] for episode 101236 [episode count 15/41], we have num_retrieval=np.int64(7460) num_query=np.int64(174)
2026-03-08 11:14:02: [retrieval_preprocessing] calculating distances ...
2026-03-08 11:14:02: [retrieval_preprocessing] finished and saved retrieval indices for episode 101236 [episode count 15/41]
[retrieval_preprocessing] for episode 101237 [episode count 16/41], we have num_retrieval=np.int64(7439) num_query=np.int64(195)
2026-03-08 11:15:22: [retrieval_preprocessing] calculating distances ...
2026-03-08 11:15:23: [retrieval_preprocessing] finished and saved retrieval indices for episode 101237 [episode count 16/41]
[retrieval_preprocessing] for episode 101238 [episode count 17/41], we have num_retrieval=np.int64(7450) num_query=np.int64(184)
2026-03-08 11:16:45: [retrieval_preprocessing] calculating distances ...
2026-03-08 11:16:45: [retrieval_preprocessing] finished and saved retrieval indices for episode 101238 [episode count 17/41]
[retrieval_preprocessing] for episode 101239 [episode count 18/41], we have num_retrieval=np.int64(7454) num_query=np.int64(180)
2026-03-08 11:18:06: [retrieval_preprocessing] calculating distances ...
2026-03-08 11:18:06: [retrieval_preprocessing] finished and saved retrieval indices for episode 101239 [episode count 18/41]
[retrieval_preprocessing] for episode 101240 [episode count 19/41], we have num_retrieval=np.int64(7453) num_query=np.int64(181)
2026-03-08 11:19:28: [retrieval_preprocessing] calculating distances ...
2026-03-08 11:19:28: [retrieval_preprocessing] finished and saved retrieval indices for episode 101240 [episode count 19/41]
[retrieval_preprocessing] for episode 101241 [episode count 20/41], we have num_retrieval=np.int64(7418) num_query=np.int64(216)
2026-03-08 11:20:49: [retrieval_preprocessing] calculating distances ...
2026-03-08 11:20:50: [retrieval_preprocessing] finished and saved retrieval indices for episode 101241 [episode count 20/41]
[retrieval_preprocessing] for episode 101242 [episode count 21/41], we have num_retrieval=np.int64(7462) num_query=np.int64(172)
2026-03-08 11:22:10: [retrieval_preprocessing] calculating distances ...
2026-03-08 11:22:10: [retrieval_preprocessing] finished and saved retrieval indices for episode 101242 [episode count 21/41]
[retrieval_preprocessing] for episode 101243 [episode count 22/41], we have num_retrieval=np.int64(7435) num_query=np.int64(199)
2026-03-08 11:23:31: [retrieval_preprocessing] calculating distances ...
2026-03-08 11:23:32: [retrieval_preprocessing] finished and saved retrieval indices for episode 101243 [episode count 22/41]
[retrieval_preprocessing] for episode 101244 [episode count 23/41], we have num_retrieval=np.int64(7445) num_query=np.int64(189)
2026-03-08 11:24:51: [retrieval_preprocessing] calculating distances ...
2026-03-08 11:24:51: [retrieval_preprocessing] finished and saved retrieval indices for episode 101244 [episode count 23/41]
[retrieval_preprocessing] for episode 101245 [episode count 24/41], we have num_retrieval=np.int64(7467) num_query=np.int64(167)
2026-03-08 11:26:12: [retrieval_preprocessing] calculating distances ...
2026-03-08 11:26:12: [retrieval_preprocessing] finished and saved retrieval indices for episode 101245 [episode count 24/41]
[retrieval_preprocessing] for episode 101246 [episode count 25/41], we have num_retrieval=np.int64(7458) num_query=np.int64(176)
2026-03-08 11:27:32: [retrieval_preprocessing] calculating distances ...
2026-03-08 11:27:32: [retrieval_preprocessing] finished and saved retrieval indices for episode 101246 [episode count 25/41]
[retrieval_preprocessing] for episode 101247 [episode count 26/41], we have num_retrieval=np.int64(7400) num_query=np.int64(234)
2026-03-08 11:28:50: [retrieval_preprocessing] calculating distances ...
2026-03-08 11:28:51: [retrieval_preprocessing] finished and saved retrieval indices for episode 101247 [episode count 26/41]
[retrieval_preprocessing] for episode 101248 [episode count 27/41], we have num_retrieval=np.int64(7461) num_query=np.int64(173)
2026-03-08 11:30:07: [retrieval_preprocessing] calculating distances ...
2026-03-08 11:30:07: [retrieval_preprocessing] finished and saved retrieval indices for episode 101248 [episode count 27/41]
[retrieval_preprocessing] for episode 101249 [episode count 28/41], we have num_retrieval=np.int64(7469) num_query=np.int64(165)
2026-03-08 11:31:27: [retrieval_preprocessing] calculating distances ...
2026-03-08 11:31:27: [retrieval_preprocessing] finished and saved retrieval indices for episode 101249 [episode count 28/41]
[retrieval_preprocessing] for episode 101250 [episode count 29/41], we have num_retrieval=np.int64(7484) num_query=np.int64(150)
2026-03-08 11:32:48: [retrieval_preprocessing] calculating distances ...
2026-03-08 11:32:48: [retrieval_preprocessing] finished and saved retrieval indices for episode 101250 [episode count 29/41]
[retrieval_preprocessing] for episode 101251 [episode count 30/41], we have num_retrieval=np.int64(7452) num_query=np.int64(182)
2026-03-08 11:34:03: [retrieval_preprocessing] calculating distances ...
2026-03-08 11:34:03: [retrieval_preprocessing] finished and saved retrieval indices for episode 101251 [episode count 30/41]
[retrieval_preprocessing] for episode 101252 [episode count 31/41], we have num_retrieval=np.int64(7467) num_query=np.int64(167)
2026-03-08 11:35:21: [retrieval_preprocessing] calculating distances ...
2026-03-08 11:35:21: [retrieval_preprocessing] finished and saved retrieval indices for episode 101252 [episode count 31/41]
[retrieval_preprocessing] for episode 101253 [episode count 32/41], we have num_retrieval=np.int64(7435) num_query=np.int64(199)
2026-03-08 11:36:40: [retrieval_preprocessing] calculating distances ...
2026-03-08 11:36:41: [retrieval_preprocessing] finished and saved retrieval indices for episode 101253 [episode count 32/41]
[retrieval_preprocessing] for episode 101254 [episode count 33/41], we have num_retrieval=np.int64(7454) num_query=np.int64(180)
2026-03-08 11:37:58: [retrieval_preprocessing] calculating distances ...
2026-03-08 11:37:58: [retrieval_preprocessing] finished and saved retrieval indices for episode 101254 [episode count 33/41]
[retrieval_preprocessing] for episode 101255 [episode count 34/41], we have num_retrieval=np.int64(7460) num_query=np.int64(174)
2026-03-08 11:39:17: [retrieval_preprocessing] calculating distances ...
2026-03-08 11:39:18: [retrieval_preprocessing] finished and saved retrieval indices for episode 101255 [episode count 34/41]
[retrieval_preprocessing] for episode 101256 [episode count 35/41], we have num_retrieval=np.int64(7437) num_query=np.int64(197)
2026-03-08 11:40:37: [retrieval_preprocessing] calculating distances ...
2026-03-08 11:40:37: [retrieval_preprocessing] finished and saved retrieval indices for episode 101256 [episode count 35/41]
[retrieval_preprocessing] for episode 101257 [episode count 36/41], we have num_retrieval=np.int64(7375) num_query=np.int64(259)
2026-03-08 11:41:55: [retrieval_preprocessing] calculating distances ...
2026-03-08 11:41:56: [retrieval_preprocessing] finished and saved retrieval indices for episode 101257 [episode count 36/41]
[retrieval_preprocessing] for episode 101258 [episode count 37/41], we have num_retrieval=np.int64(7456) num_query=np.int64(178)
2026-03-08 11:43:15: [retrieval_preprocessing] calculating distances ...
2026-03-08 11:43:15: [retrieval_preprocessing] finished and saved retrieval indices for episode 101258 [episode count 37/41]
[retrieval_preprocessing] for episode 101259 [episode count 38/41], we have num_retrieval=np.int64(7390) num_query=np.int64(244)
2026-03-08 11:44:34: [retrieval_preprocessing] calculating distances ...
2026-03-08 11:44:35: [retrieval_preprocessing] finished and saved retrieval indices for episode 101259 [episode count 38/41]
[retrieval_preprocessing] for episode 101260 [episode count 39/41], we have num_retrieval=np.int64(7432) num_query=np.int64(202)
2026-03-08 11:45:54: [retrieval_preprocessing] calculating distances ...
2026-03-08 11:45:55: [retrieval_preprocessing] finished and saved retrieval indices for episode 101260 [episode count 39/41]
[retrieval_preprocessing] for episode 101261 [episode count 40/41], we have num_retrieval=np.int64(7426) num_query=np.int64(208)
2026-03-08 11:47:14: [retrieval_preprocessing] calculating distances ...
2026-03-08 11:47:15: [retrieval_preprocessing] finished and saved retrieval indices for episode 101261 [episode count 40/41]
2026-03-08 11:47:15: [retrieval_preprocessing] finished for libero_collected_demos_training/pick_up_the_book_and_place_it_in_the_back_compartment_of_the_caddy [chosen_id count 29/32]
2026-03-08 11:47:25: [retrieval_preprocessing] concatenated all embeddings and indices for 36 episodes for libero_collected_demos_training/put_the_white_mug_on_the_plate_and_put_the_chocolate_pudding_to_the_right_of_the_plate [chosen_id count 30/32]
2026-03-08 11:47:25: [retrieval_preprocessing] we have num_total=9020 embedding_dim=49152
[retrieval_preprocessing] for episode 101262 [episode count 0/36], we have num_retrieval=np.int64(8774) num_query=np.int64(246)
2026-03-08 11:48:55: [retrieval_preprocessing] calculating distances ...
2026-03-08 11:48:55: [retrieval_preprocessing] finished and saved retrieval indices for episode 101262 [episode count 0/36]
[retrieval_preprocessing] for episode 101263 [episode count 1/36], we have num_retrieval=np.int64(8792) num_query=np.int64(228)
2026-03-08 11:50:22: [retrieval_preprocessing] calculating distances ...
2026-03-08 11:50:23: [retrieval_preprocessing] finished and saved retrieval indices for episode 101263 [episode count 1/36]
[retrieval_preprocessing] for episode 101264 [episode count 2/36], we have num_retrieval=np.int64(8773) num_query=np.int64(247)
2026-03-08 11:51:52: [retrieval_preprocessing] calculating distances ...
2026-03-08 11:51:53: [retrieval_preprocessing] finished and saved retrieval indices for episode 101264 [episode count 2/36]
[retrieval_preprocessing] for episode 101265 [episode count 3/36], we have num_retrieval=np.int64(8768) num_query=np.int64(252)
2026-03-08 11:53:20: [retrieval_preprocessing] calculating distances ...
2026-03-08 11:53:20: [retrieval_preprocessing] finished and saved retrieval indices for episode 101265 [episode count 3/36]
[retrieval_preprocessing] for episode 101266 [episode count 4/36], we have num_retrieval=np.int64(8802) num_query=np.int64(218)
2026-03-08 11:54:48: [retrieval_preprocessing] calculating distances ...
2026-03-08 11:54:49: [retrieval_preprocessing] finished and saved retrieval indices for episode 101266 [episode count 4/36]
[retrieval_preprocessing] for episode 101267 [episode count 5/36], we have num_retrieval=np.int64(8794) num_query=np.int64(226)
2026-03-08 11:56:17: [retrieval_preprocessing] calculating distances ...
2026-03-08 11:56:17: [retrieval_preprocessing] finished and saved retrieval indices for episode 101267 [episode count 5/36]
[retrieval_preprocessing] for episode 101268 [episode count 6/36], we have num_retrieval=np.int64(8742) num_query=np.int64(278)
2026-03-08 11:57:38: [retrieval_preprocessing] calculating distances ...
2026-03-08 11:57:39: [retrieval_preprocessing] finished and saved retrieval indices for episode 101268 [episode count 6/36]
[retrieval_preprocessing] for episode 101269 [episode count 7/36], we have num_retrieval=np.int64(8788) num_query=np.int64(232)
2026-03-08 11:59:08: [retrieval_preprocessing] calculating distances ...
2026-03-08 11:59:09: [retrieval_preprocessing] finished and saved retrieval indices for episode 101269 [episode count 7/36]
[retrieval_preprocessing] for episode 101270 [episode count 8/36], we have num_retrieval=np.int64(8778) num_query=np.int64(242)
2026-03-08 12:00:37: [retrieval_preprocessing] calculating distances ...
2026-03-08 12:00:38: [retrieval_preprocessing] finished and saved retrieval indices for episode 101270 [episode count 8/36]
[retrieval_preprocessing] for episode 101271 [episode count 9/36], we have num_retrieval=np.int64(8734) num_query=np.int64(286)
2026-03-08 12:02:06: [retrieval_preprocessing] calculating distances ...
2026-03-08 12:02:07: [retrieval_preprocessing] finished and saved retrieval indices for episode 101271 [episode count 9/36]
[retrieval_preprocessing] for episode 101272 [episode count 10/36], we have num_retrieval=np.int64(8755) num_query=np.int64(265)
2026-03-08 12:03:28: [retrieval_preprocessing] calculating distances ...
2026-03-08 12:03:29: [retrieval_preprocessing] finished and saved retrieval indices for episode 101272 [episode count 10/36]
[retrieval_preprocessing] for episode 101273 [episode count 11/36], we have num_retrieval=np.int64(8785) num_query=np.int64(235)
2026-03-08 12:04:57: [retrieval_preprocessing] calculating distances ...
2026-03-08 12:04:58: [retrieval_preprocessing] finished and saved retrieval indices for episode 101273 [episode count 11/36]
[retrieval_preprocessing] for episode 101274 [episode count 12/36], we have num_retrieval=np.int64(8745) num_query=np.int64(275)
2026-03-08 12:06:27: [retrieval_preprocessing] calculating distances ...
2026-03-08 12:06:27: [retrieval_preprocessing] finished and saved retrieval indices for episode 101274 [episode count 12/36]
[retrieval_preprocessing] for episode 101275 [episode count 13/36], we have num_retrieval=np.int64(8788) num_query=np.int64(232)
2026-03-08 12:07:56: [retrieval_preprocessing] calculating distances ...
2026-03-08 12:07:57: [retrieval_preprocessing] finished and saved retrieval indices for episode 101275 [episode count 13/36]
[retrieval_preprocessing] for episode 101276 [episode count 14/36], we have num_retrieval=np.int64(8805) num_query=np.int64(215)
2026-03-08 12:09:27: [retrieval_preprocessing] calculating distances ...
2026-03-08 12:09:27: [retrieval_preprocessing] finished and saved retrieval indices for episode 101276 [episode count 14/36]
[retrieval_preprocessing] for episode 101277 [episode count 15/36], we have num_retrieval=np.int64(8800) num_query=np.int64(220)
2026-03-08 12:10:57: [retrieval_preprocessing] calculating distances ...
2026-03-08 12:10:57: [retrieval_preprocessing] finished and saved retrieval indices for episode 101277 [episode count 15/36]
[retrieval_preprocessing] for episode 101278 [episode count 16/36], we have num_retrieval=np.int64(8769) num_query=np.int64(251)
2026-03-08 12:12:25: [retrieval_preprocessing] calculating distances ...
2026-03-08 12:12:26: [retrieval_preprocessing] finished and saved retrieval indices for episode 101278 [episode count 16/36]
[retrieval_preprocessing] for episode 101279 [episode count 17/36], we have num_retrieval=np.int64(8817) num_query=np.int64(203)
2026-03-08 12:13:56: [retrieval_preprocessing] calculating distances ...
2026-03-08 12:13:56: [retrieval_preprocessing] finished and saved retrieval indices for episode 101279 [episode count 17/36]
[retrieval_preprocessing] for episode 101280 [episode count 18/36], we have num_retrieval=np.int64(8783) num_query=np.int64(237)
2026-03-08 12:15:25: [retrieval_preprocessing] calculating distances ...
2026-03-08 12:15:26: [retrieval_preprocessing] finished and saved retrieval indices for episode 101280 [episode count 18/36]
[retrieval_preprocessing] for episode 101281 [episode count 19/36], we have num_retrieval=np.int64(8678) num_query=np.int64(342)
2026-03-08 12:16:54: [retrieval_preprocessing] calculating distances ...
2026-03-08 12:16:55: [retrieval_preprocessing] finished and saved retrieval indices for episode 101281 [episode count 19/36]
[retrieval_preprocessing] for episode 101282 [episode count 20/36], we have num_retrieval=np.int64(8771) num_query=np.int64(249)
2026-03-08 12:18:23: [retrieval_preprocessing] calculating distances ...
2026-03-08 12:18:24: [retrieval_preprocessing] finished and saved retrieval indices for episode 101282 [episode count 20/36]
[retrieval_preprocessing] for episode 101283 [episode count 21/36], we have num_retrieval=np.int64(8780) num_query=np.int64(240)
2026-03-08 12:19:52: [retrieval_preprocessing] calculating distances ...
2026-03-08 12:19:53: [retrieval_preprocessing] finished and saved retrieval indices for episode 101283 [episode count 21/36]
[retrieval_preprocessing] for episode 101284 [episode count 22/36], we have num_retrieval=np.int64(8756) num_query=np.int64(264)
2026-03-08 12:21:21: [retrieval_preprocessing] calculating distances ...
2026-03-08 12:21:21: [retrieval_preprocessing] finished and saved retrieval indices for episode 101284 [episode count 22/36]
[retrieval_preprocessing] for episode 101285 [episode count 23/36], we have num_retrieval=np.int64(8745) num_query=np.int64(275)
2026-03-08 12:22:51: [retrieval_preprocessing] calculating distances ...
2026-03-08 12:22:52: [retrieval_preprocessing] finished and saved retrieval indices for episode 101285 [episode count 23/36]
[retrieval_preprocessing] for episode 101286 [episode count 24/36], we have num_retrieval=np.int64(8731) num_query=np.int64(289)
2026-03-08 12:24:20: [retrieval_preprocessing] calculating distances ...
2026-03-08 12:24:21: [retrieval_preprocessing] finished and saved retrieval indices for episode 101286 [episode count 24/36]
[retrieval_preprocessing] for episode 101287 [episode count 25/36], we have num_retrieval=np.int64(8800) num_query=np.int64(220)
2026-03-08 12:25:49: [retrieval_preprocessing] calculating distances ...
2026-03-08 12:25:50: [retrieval_preprocessing] finished and saved retrieval indices for episode 101287 [episode count 25/36]
[retrieval_preprocessing] for episode 101288 [episode count 26/36], we have num_retrieval=np.int64(8785) num_query=np.int64(235)
2026-03-08 12:27:19: [retrieval_preprocessing] calculating distances ...
2026-03-08 12:27:19: [retrieval_preprocessing] finished and saved retrieval indices for episode 101288 [episode count 26/36]
[retrieval_preprocessing] for episode 101289 [episode count 27/36], we have num_retrieval=np.int64(8780) num_query=np.int64(240)
2026-03-08 12:28:48: [retrieval_preprocessing] calculating distances ...
2026-03-08 12:28:49: [retrieval_preprocessing] finished and saved retrieval indices for episode 101289 [episode count 27/36]
[retrieval_preprocessing] for episode 101290 [episode count 28/36], we have num_retrieval=np.int64(8719) num_query=np.int64(301)
2026-03-08 12:30:17: [retrieval_preprocessing] calculating distances ...
2026-03-08 12:30:18: [retrieval_preprocessing] finished and saved retrieval indices for episode 101290 [episode count 28/36]
[retrieval_preprocessing] for episode 101291 [episode count 29/36], we have num_retrieval=np.int64(8774) num_query=np.int64(246)
2026-03-08 12:31:47: [retrieval_preprocessing] calculating distances ...
2026-03-08 12:31:48: [retrieval_preprocessing] finished and saved retrieval indices for episode 101291 [episode count 29/36]
[retrieval_preprocessing] for episode 101292 [episode count 30/36], we have num_retrieval=np.int64(8739) num_query=np.int64(281)
2026-03-08 12:33:16: [retrieval_preprocessing] calculating distances ...
2026-03-08 12:33:16: [retrieval_preprocessing] finished and saved retrieval indices for episode 101292 [episode count 30/36]
[retrieval_preprocessing] for episode 101293 [episode count 31/36], we have num_retrieval=np.int64(8813) num_query=np.int64(207)
2026-03-08 12:34:45: [retrieval_preprocessing] calculating distances ...
2026-03-08 12:34:46: [retrieval_preprocessing] finished and saved retrieval indices for episode 101293 [episode count 31/36]
[retrieval_preprocessing] for episode 101294 [episode count 32/36], we have num_retrieval=np.int64(8783) num_query=np.int64(237)
2026-03-08 12:36:15: [retrieval_preprocessing] calculating distances ...
2026-03-08 12:36:16: [retrieval_preprocessing] finished and saved retrieval indices for episode 101294 [episode count 32/36]
[retrieval_preprocessing] for episode 101295 [episode count 33/36], we have num_retrieval=np.int64(8742) num_query=np.int64(278)
2026-03-08 12:37:46: [retrieval_preprocessing] calculating distances ...
2026-03-08 12:37:46: [retrieval_preprocessing] finished and saved retrieval indices for episode 101295 [episode count 33/36]
[retrieval_preprocessing] for episode 101296 [episode count 34/36], we have num_retrieval=np.int64(8736) num_query=np.int64(284)
2026-03-08 12:39:14: [retrieval_preprocessing] calculating distances ...
2026-03-08 12:39:15: [retrieval_preprocessing] finished and saved retrieval indices for episode 101296 [episode count 34/36]
[retrieval_preprocessing] for episode 101297 [episode count 35/36], we have num_retrieval=np.int64(8776) num_query=np.int64(244)
2026-03-08 12:40:43: [retrieval_preprocessing] calculating distances ...
2026-03-08 12:40:44: [retrieval_preprocessing] finished and saved retrieval indices for episode 101297 [episode count 35/36]
2026-03-08 12:40:44: [retrieval_preprocessing] finished for libero_collected_demos_training/put_the_white_mug_on_the_plate_and_put_the_chocolate_pudding_to_the_right_of_the_plate [chosen_id count 30/32]
2026-03-08 12:40:51: [retrieval_preprocessing] concatenated all embeddings and indices for 45 episodes for libero_collected_demos_training/pick_up_the_cream_cheese_and_place_it_in_the_basket [chosen_id count 31/32]
2026-03-08 12:40:51: [retrieval_preprocessing] we have num_total=6378 embedding_dim=49152
[retrieval_preprocessing] for episode 101298 [episode count 0/45], we have num_retrieval=np.int64(6250) num_query=np.int64(128)
2026-03-08 12:42:00: [retrieval_preprocessing] calculating distances ...
2026-03-08 12:42:00: [retrieval_preprocessing] finished and saved retrieval indices for episode 101298 [episode count 0/45]
[retrieval_preprocessing] for episode 101299 [episode count 1/45], we have num_retrieval=np.int64(6240) num_query=np.int64(138)
2026-03-08 12:43:10: [retrieval_preprocessing] calculating distances ...
2026-03-08 12:43:10: [retrieval_preprocessing] finished and saved retrieval indices for episode 101299 [episode count 1/45]
[retrieval_preprocessing] for episode 101300 [episode count 2/45], we have num_retrieval=np.int64(6255) num_query=np.int64(123)
2026-03-08 12:44:22: [retrieval_preprocessing] calculating distances ...
2026-03-08 12:44:22: [retrieval_preprocessing] finished and saved retrieval indices for episode 101300 [episode count 2/45]
[retrieval_preprocessing] for episode 101301 [episode count 3/45], we have num_retrieval=np.int64(6248) num_query=np.int64(130)
2026-03-08 12:45:33: [retrieval_preprocessing] calculating distances ...
2026-03-08 12:45:33: [retrieval_preprocessing] finished and saved retrieval indices for episode 101301 [episode count 3/45]
[retrieval_preprocessing] for episode 101302 [episode count 4/45], we have num_retrieval=np.int64(6214) num_query=np.int64(164)
2026-03-08 12:46:43: [retrieval_preprocessing] calculating distances ...
2026-03-08 12:46:44: [retrieval_preprocessing] finished and saved retrieval indices for episode 101302 [episode count 4/45]
[retrieval_preprocessing] for episode 101303 [episode count 5/45], we have num_retrieval=np.int64(6228) num_query=np.int64(150)
2026-03-08 12:47:54: [retrieval_preprocessing] calculating distances ...
2026-03-08 12:47:54: [retrieval_preprocessing] finished and saved retrieval indices for episode 101303 [episode count 5/45]
[retrieval_preprocessing] for episode 101304 [episode count 6/45], we have num_retrieval=np.int64(6240) num_query=np.int64(138)
2026-03-08 12:49:04: [retrieval_preprocessing] calculating distances ...
2026-03-08 12:49:05: [retrieval_preprocessing] finished and saved retrieval indices for episode 101304 [episode count 6/45]
[retrieval_preprocessing] for episode 101305 [episode count 7/45], we have num_retrieval=np.int64(6237) num_query=np.int64(141)
2026-03-08 12:50:16: [retrieval_preprocessing] calculating distances ...
2026-03-08 12:50:16: [retrieval_preprocessing] finished and saved retrieval indices for episode 101305 [episode count 7/45]
[retrieval_preprocessing] for episode 101306 [episode count 8/45], we have num_retrieval=np.int64(6245) num_query=np.int64(133)
2026-03-08 12:51:27: [retrieval_preprocessing] calculating distances ...
2026-03-08 12:51:28: [retrieval_preprocessing] finished and saved retrieval indices for episode 101306 [episode count 8/45]
[retrieval_preprocessing] for episode 101307 [episode count 9/45], we have num_retrieval=np.int64(6239) num_query=np.int64(139)
2026-03-08 12:52:40: [retrieval_preprocessing] calculating distances ...
2026-03-08 12:52:40: [retrieval_preprocessing] finished and saved retrieval indices for episode 101307 [episode count 9/45]
[retrieval_preprocessing] for episode 101308 [episode count 10/45], we have num_retrieval=np.int64(6245) num_query=np.int64(133)
2026-03-08 12:53:51: [retrieval_preprocessing] calculating distances ...
2026-03-08 12:53:51: [retrieval_preprocessing] finished and saved retrieval indices for episode 101308 [episode count 10/45]
[retrieval_preprocessing] for episode 101309 [episode count 11/45], we have num_retrieval=np.int64(6215) num_query=np.int64(163)
2026-03-08 12:55:01: [retrieval_preprocessing] calculating distances ...
2026-03-08 12:55:02: [retrieval_preprocessing] finished and saved retrieval indices for episode 101309 [episode count 11/45]
[retrieval_preprocessing] for episode 101310 [episode count 12/45], we have num_retrieval=np.int64(6207) num_query=np.int64(171)
2026-03-08 12:56:12: [retrieval_preprocessing] calculating distances ...
2026-03-08 12:56:12: [retrieval_preprocessing] finished and saved retrieval indices for episode 101310 [episode count 12/45]
[retrieval_preprocessing] for episode 101311 [episode count 13/45], we have num_retrieval=np.int64(6191) num_query=np.int64(187)
2026-03-08 12:57:22: [retrieval_preprocessing] calculating distances ...
2026-03-08 12:57:23: [retrieval_preprocessing] finished and saved retrieval indices for episode 101311 [episode count 13/45]
[retrieval_preprocessing] for episode 101312 [episode count 14/45], we have num_retrieval=np.int64(6246) num_query=np.int64(132)
2026-03-08 12:58:34: [retrieval_preprocessing] calculating distances ...
2026-03-08 12:58:34: [retrieval_preprocessing] finished and saved retrieval indices for episode 101312 [episode count 14/45]
[retrieval_preprocessing] for episode 101313 [episode count 15/45], we have num_retrieval=np.int64(6239) num_query=np.int64(139)
2026-03-08 12:59:44: [retrieval_preprocessing] calculating distances ...
2026-03-08 12:59:45: [retrieval_preprocessing] finished and saved retrieval indices for episode 101313 [episode count 15/45]
[retrieval_preprocessing] for episode 101314 [episode count 16/45], we have num_retrieval=np.int64(6262) num_query=np.int64(116)
2026-03-08 13:00:56: [retrieval_preprocessing] calculating distances ...
2026-03-08 13:00:56: [retrieval_preprocessing] finished and saved retrieval indices for episode 101314 [episode count 16/45]
[retrieval_preprocessing] for episode 101315 [episode count 17/45], we have num_retrieval=np.int64(6253) num_query=np.int64(125)
2026-03-08 13:02:06: [retrieval_preprocessing] calculating distances ...
2026-03-08 13:02:07: [retrieval_preprocessing] finished and saved retrieval indices for episode 101315 [episode count 17/45]
[retrieval_preprocessing] for episode 101316 [episode count 18/45], we have num_retrieval=np.int64(6239) num_query=np.int64(139)
2026-03-08 13:03:17: [retrieval_preprocessing] calculating distances ...
2026-03-08 13:03:17: [retrieval_preprocessing] finished and saved retrieval indices for episode 101316 [episode count 18/45]
[retrieval_preprocessing] for episode 101317 [episode count 19/45], we have num_retrieval=np.int64(6241) num_query=np.int64(137)
2026-03-08 13:04:28: [retrieval_preprocessing] calculating distances ...
2026-03-08 13:04:29: [retrieval_preprocessing] finished and saved retrieval indices for episode 101317 [episode count 19/45]
[retrieval_preprocessing] for episode 101318 [episode count 20/45], we have num_retrieval=np.int64(6243) num_query=np.int64(135)
2026-03-08 13:05:40: [retrieval_preprocessing] calculating distances ...
2026-03-08 13:05:40: [retrieval_preprocessing] finished and saved retrieval indices for episode 101318 [episode count 20/45]
[retrieval_preprocessing] for episode 101319 [episode count 21/45], we have num_retrieval=np.int64(6238) num_query=np.int64(140)
2026-03-08 13:06:51: [retrieval_preprocessing] calculating distances ...
2026-03-08 13:06:51: [retrieval_preprocessing] finished and saved retrieval indices for episode 101319 [episode count 21/45]
[retrieval_preprocessing] for episode 101320 [episode count 22/45], we have num_retrieval=np.int64(6241) num_query=np.int64(137)
2026-03-08 13:08:01: [retrieval_preprocessing] calculating distances ...
2026-03-08 13:08:02: [retrieval_preprocessing] finished and saved retrieval indices for episode 101320 [episode count 22/45]
[retrieval_preprocessing] for episode 101321 [episode count 23/45], we have num_retrieval=np.int64(6248) num_query=np.int64(130)
2026-03-08 13:09:12: [retrieval_preprocessing] calculating distances ...
2026-03-08 13:09:13: [retrieval_preprocessing] finished and saved retrieval indices for episode 101321 [episode count 23/45]
[retrieval_preprocessing] for episode 101322 [episode count 24/45], we have num_retrieval=np.int64(6253) num_query=np.int64(125)
2026-03-08 13:10:22: [retrieval_preprocessing] calculating distances ...
2026-03-08 13:10:23: [retrieval_preprocessing] finished and saved retrieval indices for episode 101322 [episode count 24/45]
[retrieval_preprocessing] for episode 101323 [episode count 25/45], we have num_retrieval=np.int64(6251) num_query=np.int64(127)
2026-03-08 13:11:34: [retrieval_preprocessing] calculating distances ...
2026-03-08 13:11:34: [retrieval_preprocessing] finished and saved retrieval indices for episode 101323 [episode count 25/45]
[retrieval_preprocessing] for episode 101324 [episode count 26/45], we have num_retrieval=np.int64(6234) num_query=np.int64(144)
2026-03-08 13:12:44: [retrieval_preprocessing] calculating distances ...
2026-03-08 13:12:44: [retrieval_preprocessing] finished and saved retrieval indices for episode 101324 [episode count 26/45]
[retrieval_preprocessing] for episode 101325 [episode count 27/45], we have num_retrieval=np.int64(6251) num_query=np.int64(127)
2026-03-08 13:13:54: [retrieval_preprocessing] calculating distances ...
2026-03-08 13:13:54: [retrieval_preprocessing] finished and saved retrieval indices for episode 101325 [episode count 27/45]
[retrieval_preprocessing] for episode 101326 [episode count 28/45], we have num_retrieval=np.int64(6237) num_query=np.int64(141)
2026-03-08 13:15:04: [retrieval_preprocessing] calculating distances ...
2026-03-08 13:15:05: [retrieval_preprocessing] finished and saved retrieval indices for episode 101326 [episode count 28/45]
[retrieval_preprocessing] for episode 101327 [episode count 29/45], we have num_retrieval=np.int64(6240) num_query=np.int64(138)
2026-03-08 13:16:15: [retrieval_preprocessing] calculating distances ...
2026-03-08 13:16:15: [retrieval_preprocessing] finished and saved retrieval indices for episode 101327 [episode count 29/45]
[retrieval_preprocessing] for episode 101328 [episode count 30/45], we have num_retrieval=np.int64(6247) num_query=np.int64(131)
2026-03-08 13:17:25: [retrieval_preprocessing] calculating distances ...
2026-03-08 13:17:25: [retrieval_preprocessing] finished and saved retrieval indices for episode 101328 [episode count 30/45]
[retrieval_preprocessing] for episode 101329 [episode count 31/45], we have num_retrieval=np.int64(6221) num_query=np.int64(157)
2026-03-08 13:18:34: [retrieval_preprocessing] calculating distances ...
2026-03-08 13:18:35: [retrieval_preprocessing] finished and saved retrieval indices for episode 101329 [episode count 31/45]
[retrieval_preprocessing] for episode 101330 [episode count 32/45], we have num_retrieval=np.int64(6243) num_query=np.int64(135)
2026-03-08 13:19:45: [retrieval_preprocessing] calculating distances ...
2026-03-08 13:19:45: [retrieval_preprocessing] finished and saved retrieval indices for episode 101330 [episode count 32/45]
[retrieval_preprocessing] for episode 101331 [episode count 33/45], we have num_retrieval=np.int64(6222) num_query=np.int64(156)
2026-03-08 13:20:55: [retrieval_preprocessing] calculating distances ...
2026-03-08 13:20:55: [retrieval_preprocessing] finished and saved retrieval indices for episode 101331 [episode count 33/45]
[retrieval_preprocessing] for episode 101332 [episode count 34/45], we have num_retrieval=np.int64(6216) num_query=np.int64(162)
2026-03-08 13:22:06: [retrieval_preprocessing] calculating distances ...
2026-03-08 13:22:07: [retrieval_preprocessing] finished and saved retrieval indices for episode 101332 [episode count 34/45]
[retrieval_preprocessing] for episode 101333 [episode count 35/45], we have num_retrieval=np.int64(6245) num_query=np.int64(133)
2026-03-08 13:23:17: [retrieval_preprocessing] calculating distances ...
2026-03-08 13:23:17: [retrieval_preprocessing] finished and saved retrieval indices for episode 101333 [episode count 35/45]
[retrieval_preprocessing] for episode 101334 [episode count 36/45], we have num_retrieval=np.int64(6252) num_query=np.int64(126)
2026-03-08 13:24:28: [retrieval_preprocessing] calculating distances ...
2026-03-08 13:24:28: [retrieval_preprocessing] finished and saved retrieval indices for episode 101334 [episode count 36/45]
[retrieval_preprocessing] for episode 101335 [episode count 37/45], we have num_retrieval=np.int64(6258) num_query=np.int64(120)
2026-03-08 13:25:39: [retrieval_preprocessing] calculating distances ...
2026-03-08 13:25:39: [retrieval_preprocessing] finished and saved retrieval indices for episode 101335 [episode count 37/45]
[retrieval_preprocessing] for episode 101336 [episode count 38/45], we have num_retrieval=np.int64(6207) num_query=np.int64(171)
2026-03-08 13:26:49: [retrieval_preprocessing] calculating distances ...
2026-03-08 13:26:50: [retrieval_preprocessing] finished and saved retrieval indices for episode 101336 [episode count 38/45]
[retrieval_preprocessing] for episode 101337 [episode count 39/45], we have num_retrieval=np.int64(6251) num_query=np.int64(127)
2026-03-08 13:28:00: [retrieval_preprocessing] calculating distances ...
2026-03-08 13:28:00: [retrieval_preprocessing] finished and saved retrieval indices for episode 101337 [episode count 39/45]
[retrieval_preprocessing] for episode 101338 [episode count 40/45], we have num_retrieval=np.int64(6201) num_query=np.int64(177)
2026-03-08 13:29:11: [retrieval_preprocessing] calculating distances ...
2026-03-08 13:29:11: [retrieval_preprocessing] finished and saved retrieval indices for episode 101338 [episode count 40/45]
[retrieval_preprocessing] for episode 101339 [episode count 41/45], we have num_retrieval=np.int64(6231) num_query=np.int64(147)
2026-03-08 13:30:21: [retrieval_preprocessing] calculating distances ...
2026-03-08 13:30:22: [retrieval_preprocessing] finished and saved retrieval indices for episode 101339 [episode count 41/45]
[retrieval_preprocessing] for episode 101340 [episode count 42/45], we have num_retrieval=np.int64(6232) num_query=np.int64(146)
2026-03-08 13:31:32: [retrieval_preprocessing] calculating distances ...
2026-03-08 13:31:32: [retrieval_preprocessing] finished and saved retrieval indices for episode 101340 [episode count 42/45]
[retrieval_preprocessing] for episode 101341 [episode count 43/45], we have num_retrieval=np.int64(6225) num_query=np.int64(153)
2026-03-08 13:32:43: [retrieval_preprocessing] calculating distances ...
2026-03-08 13:32:43: [retrieval_preprocessing] finished and saved retrieval indices for episode 101341 [episode count 43/45]
[retrieval_preprocessing] for episode 101342 [episode count 44/45], we have num_retrieval=np.int64(6211) num_query=np.int64(167)
2026-03-08 13:33:53: [retrieval_preprocessing] calculating distances ...
2026-03-08 13:33:54: [retrieval_preprocessing] finished and saved retrieval indices for episode 101342 [episode count 44/45]
2026-03-08 13:33:54: [retrieval_preprocessing] finished for libero_collected_demos_training/pick_up_the_cream_cheese_and_place_it_in_the_basket [chosen_id count 31/32]
2026-03-08 13:33:54: [retrieval_preprocessing] done for embedding_type='base_image'!
done!
