nohup: ignoring input
WARNING: All log messages before absl::InitializeLog() is called are written to STDERR
I0000 00:00:1774092830.306977   65875 port.cc:153] oneDNN custom operations are on. You may see slightly different numerical results due to floating-point round-off errors from different computation orders. To turn them off, set the environment variable `TF_ENABLE_ONEDNN_OPTS=0`.
WARNING: All log messages before absl::InitializeLog() is called are written to STDERR
I0000 00:00:1774092831.883925   65875 port.cc:153] oneDNN custom operations are on. You may see slightly different numerical results due to floating-point round-off errors from different computation orders. To turn them off, set the environment variable `TF_ENABLE_ONEDNN_OPTS=0`.
INFO:root:Loading model...
INFO:2026-03-21 11:33:54,021:jax._src.xla_bridge:945: Unable to initialize backend 'rocm': module 'jaxlib.xla_extension' has no attribute 'GpuAllocatorConfig'
INFO:jax._src.xla_bridge:Unable to initialize backend 'rocm': module 'jaxlib.xla_extension' has no attribute 'GpuAllocatorConfig'
INFO:2026-03-21 11:33:54,022:jax._src.xla_bridge:945: Unable to initialize backend 'tpu': INTERNAL: Failed to open libtpu.so: libtpu.so: cannot open shared object file: No such file or directory
INFO:jax._src.xla_bridge:Unable to initialize backend 'tpu': INTERNAL: Failed to open libtpu.so: libtpu.so: cannot open shared object file: No such file or directory
INFO:absl:orbax-checkpoint version: 0.11.1
INFO:absl:Created BasePyTreeCheckpointHandler: pytree_metadata_options=PyTreeMetadataOptions(support_rich_types=False), array_metadata_store=None
INFO:absl:Restoring checkpoint from /home/elicer/capstone/ricl_openpi_libero/checkpoints/pi0_fast_libero_ricl/priming/5700/params.
INFO:absl:[thread=MainThread] Failed to get flag value for EXPERIMENTAL_ORBAX_USE_DISTRIBUTED_PROCESS_ID.
INFO:absl:[process=0] /jax/checkpoint/read/bytes_per_sec: 264.3 MiB/s (total bytes: 5.4 GiB) (time elapsed: 21 seconds) (per-host)
INFO:absl:Finished restoring checkpoint from /home/elicer/capstone/ricl_openpi_libero/checkpoints/pi0_fast_libero_ricl/priming/5700/params.
INFO:absl:[process=0][thread=MainThread] Skipping global process sync, barrier name: Checkpointer:restore
Some kwargs in processor config are unused and will not have any effect: vocab_size, min_token, scale, time_horizon, action_dim. 
Some kwargs in processor config are unused and will not have any effect: vocab_size, min_token, scale, time_horizon, action_dim. 
INFO:root:Loaded norm stats from /home/elicer/capstone/ricl_openpi_libero/assets/pi0_fast_libero_ricl/libero
INFO:root:Loaded norm stats from /home/elicer/capstone/ricl_openpi_libero/checkpoints/pi0_fast_libero_ricl/priming/5700/assets/libero
INFO:root:loading demos from /home/elicer/capstone/ricl_openpi_libero/preprocessing/libero_collected_demos/open_the_middle_drawer_of_the_cabinet...
INFO:root:building retrieval index...
INFO:autofaiss:Using 8 omp threads (processes), consider increasing --nb_cores if you have more
INFO:autofaiss:Launching the whole pipeline 03/21/2026, 11:34:27
INFO:autofaiss:Reading total number of vectors and dimension 03/21/2026, 11:34:27
  0%|          | 0/1 [00:00<?, ?it/s]100%|██████████| 1/1 [00:00<00:00, 2356.35it/s]
INFO:autofaiss:There are 6019 embeddings of dim 49152
INFO:autofaiss:>>> Finished "Reading total number of vectors and dimension" in 0.0173 secs
INFO:autofaiss:	Compute estimated construction time of the index 03/21/2026, 11:34:28
INFO:autofaiss:		-> Train: 16.7 minutes
INFO:autofaiss:		-> Add: 3.3 seconds
INFO:autofaiss:		Total: 16.7 minutes
INFO:autofaiss:	>>> Finished "Compute estimated construction time of the index" in 0.0001 secs
INFO:autofaiss:	Checking that your have enough memory available to create the index 03/21/2026, 11:34:28
INFO:autofaiss:1.2GB of memory will be needed to build the index (more might be used if you have more)
INFO:autofaiss:	>>> Finished "Checking that your have enough memory available to create the index" in 0.0005 secs
INFO:autofaiss:	Selecting most promising index types given data characteristics 03/21/2026, 11:34:28
INFO:autofaiss:	>>> Finished "Selecting most promising index types given data characteristics" in 0.0000 secs
INFO:autofaiss:	Creating the index 03/21/2026, 11:34:28
INFO:autofaiss:		-> Instanciate the index HNSW15 03/21/2026, 11:34:28
INFO:autofaiss:		>>> Finished "-> Instanciate the index HNSW15" in 0.0010 secs
INFO:autofaiss:		-> Adding the vectors to the index 03/21/2026, 11:34:28
INFO:autofaiss:The memory available for adding the vectors is 48.9GB(total available - used by the index)
INFO:autofaiss:Using a batch size of 5086 (memory overhead 953.6MB)
  0%|          | 0/25 [00:00<?, ?it/s] 12%|█▏        | 3/25 [00:00<00:00, 27.83it/s] 40%|████      | 10/25 [00:00<00:00, 48.46it/s] 68%|██████▊   | 17/25 [00:00<00:00, 55.03it/s] 92%|█████████▏| 23/25 [00:03<00:00,  4.75it/s]100%|██████████| 25/25 [00:04<00:00,  5.05it/s]
INFO:autofaiss:	Computing best hyperparameters for index knn.index 03/21/2026, 11:34:32
INFO:autofaiss:	>>> Finished "Computing best hyperparameters for index knn.index" in 40.8316 secs
INFO:autofaiss:The best hyperparameters are: efSearch=318
INFO:autofaiss:	Compute fast metrics 03/21/2026, 11:35:13
  0%|          | 0/4 [00:00<?, ?it/s] 75%|███████▌  | 3/4 [00:00<00:00, 29.20it/s]
INFO:autofaiss:	>>> Finished "Compute fast metrics" in 10.8988 secs
INFO:autofaiss:		>>> Finished "-> Adding the vectors to the index" in 56.6846 secs
INFO:autofaiss:{
INFO:autofaiss:	index_key: HNSW15
INFO:autofaiss:	index_param: efSearch=318
INFO:autofaiss:	index_path: knn.index
INFO:autofaiss:	size in bytes: 1184202730
INFO:autofaiss:	avg_search_speed_ms: 9.88554291191544
INFO:autofaiss:	99p_search_speed_ms: 12.827659472823141
INFO:autofaiss:	reconstruction error %: 0.0
INFO:autofaiss:	nb vectors: 6019
INFO:autofaiss:	vectors dimension: 49152
INFO:autofaiss:	compression ratio: 0.9993082451346823
INFO:autofaiss:}
INFO:autofaiss:	>>> Finished "Creating the index" in 56.6861 secs
INFO:autofaiss:>>> Finished "Launching the whole pipeline" in 56.7044 secs
INFO:root:loading dinov2 for image embedding...
Using cache found in /home/elicer/.cache/torch/hub/facebookresearch_dinov2_main
/home/elicer/.cache/torch/hub/facebookresearch_dinov2_main/dinov2/layers/swiglu_ffn.py:51: UserWarning: xFormers is not available (SwiGLU)
  warnings.warn("xFormers is not available (SwiGLU)")
/home/elicer/.cache/torch/hub/facebookresearch_dinov2_main/dinov2/layers/attention.py:33: UserWarning: xFormers is not available (Attention)
  warnings.warn("xFormers is not available (Attention)")
/home/elicer/.cache/torch/hub/facebookresearch_dinov2_main/dinov2/layers/block.py:40: UserWarning: xFormers is not available (Block)
  warnings.warn("xFormers is not available (Block)")
INFO:dinov2:using MLP layer as FFN
INFO:root:Creating server (host: 980e7bff5429, ip: 10.0.2.100)
INFO:websockets.server:server listening on 0.0.0.0:8000
INFO:websockets.server:connection open
INFO:root:Connection from ('127.0.0.1', 60570) opened
INFO:root:Connection from ('127.0.0.1', 60570) closed
Server became ready on 127.0.0.1:8000 after 101s
[robosuite WARNING] No private macro file found! (__init__.py:7)
[robosuite WARNING] It is recommended to use a private macro file (__init__.py:8)
[robosuite WARNING] To setup, run: python /home/elicer/capstone/ricl_openpi_libero/examples/libero/.venv/lib/python3.8/site-packages/robosuite/scripts/setup_macros.py (__init__.py:9)
INFO:root:Evaluating task: open the middle drawer of the cabinet
INFO:root:Waiting for server at ws://127.0.0.1:8000...
INFO:websockets.server:connection open
INFO:root:Connection from ('127.0.0.1', 55454) opened
  0%|          | 0/1 [00:00<?, ?it/s]/home/elicer/capstone/ricl_openpi_libero/examples/libero/.venv/lib/python3.8/site-packages/numba/np/arraymath.py:3845: DeprecationWarning: `np.MachAr` is deprecated (NumPy 1.22).
  @overload(np.MachAr)

  0%|          | 0/10 [00:00<?, ?it/s][AINFO:root:
Task: open the middle drawer of the cabinet
INFO:root:Starting episode 1...
INFO:root:retrieving...
/home/elicer/capstone/ricl_openpi_libero/src/openpi/policies/utils.py:67: UserWarning: The given NumPy array is not writable, and PyTorch does not support non-writable tensors. This means writing to this tensor will result in undefined behavior. You may want to copy the array to protect its data or make it writable before converting it to a tensor. This type of warning will be suppressed for the rest of this program. (Triggered internally at /pytorch/torch/csrc/utils/tensor_numpy.cpp:203.)
  images = torch.from_numpy(images).float() / 255.0
INFO:root:saving obs...
INFO:root:transforming...
INFO:root:saving tokenized inputs...
INFO:root:batching...
INFO:root:sampling...
INFO:root:unbatching...
INFO:root:retrieving...
INFO:root:saving obs...
INFO:root:transforming...
INFO:root:saving tokenized inputs...
INFO:root:batching...
INFO:root:sampling...
INFO:root:unbatching...
INFO:root:retrieving...
INFO:root:saving obs...
INFO:root:transforming...
INFO:root:saving tokenized inputs...
INFO:root:batching...
INFO:root:sampling...
INFO:root:unbatching...
INFO:root:retrieving...
INFO:root:saving obs...
INFO:root:transforming...
INFO:root:saving tokenized inputs...
INFO:root:batching...
INFO:root:sampling...
INFO:root:unbatching...
INFO:root:retrieving...
INFO:root:saving obs...
INFO:root:transforming...
INFO:root:saving tokenized inputs...
INFO:root:batching...
INFO:root:sampling...
INFO:root:unbatching...
INFO:root:retrieving...
INFO:root:saving obs...
INFO:root:transforming...
INFO:root:saving tokenized inputs...
INFO:root:batching...
INFO:root:sampling...
INFO:root:unbatching...
INFO:root:retrieving...
INFO:root:saving obs...
INFO:root:transforming...
INFO:root:saving tokenized inputs...
INFO:root:batching...
INFO:root:sampling...
INFO:root:unbatching...
INFO:root:retrieving...
INFO:root:saving obs...
INFO:root:transforming...
INFO:root:saving tokenized inputs...
INFO:root:batching...
INFO:root:sampling...
INFO:root:unbatching...
INFO:root:retrieving...
INFO:root:saving obs...
INFO:root:transforming...
INFO:root:saving tokenized inputs...
INFO:root:batching...
INFO:root:sampling...
INFO:root:unbatching...
INFO:root:retrieving...
INFO:root:saving obs...
INFO:root:transforming...
INFO:root:saving tokenized inputs...
INFO:root:batching...
INFO:root:sampling...
INFO:root:unbatching...
INFO:root:retrieving...
INFO:root:saving obs...
INFO:root:transforming...
INFO:root:saving tokenized inputs...
INFO:root:batching...
INFO:root:sampling...
INFO:root:unbatching...
INFO:root:retrieving...
INFO:root:saving obs...
INFO:root:transforming...
INFO:root:saving tokenized inputs...
INFO:root:batching...
INFO:root:sampling...
INFO:root:unbatching...
INFO:root:retrieving...
INFO:root:saving obs...
INFO:root:transforming...
INFO:root:saving tokenized inputs...
INFO:root:batching...
INFO:root:sampling...
INFO:root:unbatching...
INFO:root:retrieving...
INFO:root:saving obs...
INFO:root:transforming...
INFO:root:saving tokenized inputs...
INFO:root:batching...
INFO:root:sampling...
INFO:root:unbatching...
INFO:root:retrieving...
INFO:root:saving obs...
INFO:root:transforming...
INFO:root:saving tokenized inputs...
INFO:root:batching...
INFO:root:sampling...
INFO:root:unbatching...
INFO:root:retrieving...
INFO:root:saving obs...
INFO:root:transforming...
INFO:root:saving tokenized inputs...
INFO:root:batching...
INFO:root:sampling...
INFO:root:unbatching...
INFO:root:retrieving...
INFO:root:saving obs...
INFO:root:transforming...
INFO:root:saving tokenized inputs...
INFO:root:batching...
INFO:root:sampling...
INFO:root:unbatching...
INFO:root:retrieving...
INFO:root:saving obs...
INFO:root:transforming...
INFO:root:saving tokenized inputs...
INFO:root:batching...
INFO:root:sampling...
INFO:root:unbatching...
INFO:root:retrieving...
INFO:root:saving obs...
INFO:root:transforming...
INFO:root:saving tokenized inputs...
INFO:root:batching...
INFO:root:sampling...
INFO:root:unbatching...
INFO:root:retrieving...
INFO:root:saving obs...
INFO:root:transforming...
INFO:root:saving tokenized inputs...
INFO:root:batching...
INFO:root:sampling...
INFO:root:unbatching...
INFO:root:retrieving...
INFO:root:saving obs...
INFO:root:transforming...
INFO:root:saving tokenized inputs...
INFO:root:batching...
INFO:root:sampling...
INFO:root:unbatching...
INFO:root:retrieving...
INFO:root:saving obs...
INFO:root:transforming...
INFO:root:saving tokenized inputs...
INFO:root:batching...
INFO:root:sampling...
INFO:root:unbatching...
INFO:root:retrieving...
INFO:root:saving obs...
INFO:root:transforming...
INFO:root:saving tokenized inputs...
INFO:root:batching...
INFO:root:sampling...
INFO:root:unbatching...
INFO:root:retrieving...
INFO:root:saving obs...
INFO:root:transforming...
INFO:root:saving tokenized inputs...
INFO:root:batching...
INFO:root:sampling...
INFO:root:unbatching...
INFO:root:retrieving...
INFO:root:saving obs...
INFO:root:transforming...
INFO:root:saving tokenized inputs...
INFO:root:batching...
INFO:root:sampling...
INFO:root:unbatching...
INFO:root:retrieving...
INFO:root:saving obs...
INFO:root:transforming...
INFO:root:saving tokenized inputs...
INFO:root:batching...
INFO:root:sampling...
INFO:root:unbatching...
INFO:root:retrieving...
INFO:root:saving obs...
INFO:root:transforming...
INFO:root:saving tokenized inputs...
INFO:root:batching...
INFO:root:sampling...
INFO:root:unbatching...
INFO:root:retrieving...
INFO:root:saving obs...
INFO:root:transforming...
INFO:root:saving tokenized inputs...
INFO:root:batching...
INFO:root:sampling...
INFO:root:unbatching...
INFO:root:retrieving...
INFO:root:saving obs...
INFO:root:transforming...
INFO:root:saving tokenized inputs...
INFO:root:batching...
INFO:root:sampling...
INFO:root:unbatching...
INFO:root:retrieving...
INFO:root:saving obs...
INFO:root:transforming...
INFO:root:saving tokenized inputs...
INFO:root:batching...
INFO:root:sampling...
INFO:root:unbatching...
INFO:root:retrieving...
INFO:root:saving obs...
INFO:root:transforming...
INFO:root:saving tokenized inputs...
INFO:root:batching...
INFO:root:sampling...
INFO:root:unbatching...
INFO:root:retrieving...
INFO:root:saving obs...
INFO:root:transforming...
INFO:root:saving tokenized inputs...
INFO:root:batching...
INFO:root:sampling...
INFO:root:unbatching...
INFO:root:retrieving...
INFO:root:saving obs...
INFO:root:transforming...
INFO:root:saving tokenized inputs...
INFO:root:batching...
INFO:root:sampling...
INFO:root:unbatching...
INFO:root:retrieving...
INFO:root:saving obs...
INFO:root:transforming...
INFO:root:saving tokenized inputs...
INFO:root:batching...
INFO:root:sampling...
INFO:root:unbatching...
INFO:root:retrieving...
INFO:root:saving obs...
INFO:root:transforming...
INFO:root:saving tokenized inputs...
INFO:root:batching...
INFO:root:sampling...
INFO:root:unbatching...
INFO:root:retrieving...
INFO:root:saving obs...
INFO:root:transforming...
INFO:root:saving tokenized inputs...
INFO:root:batching...
INFO:root:sampling...
INFO:root:unbatching...
INFO:root:retrieving...
INFO:root:saving obs...
INFO:root:transforming...
INFO:root:saving tokenized inputs...
INFO:root:batching...
INFO:root:sampling...
INFO:root:unbatching...
INFO:root:retrieving...
INFO:root:saving obs...
INFO:root:transforming...
INFO:root:saving tokenized inputs...
INFO:root:batching...
INFO:root:sampling...
INFO:root:unbatching...
INFO:root:retrieving...
INFO:root:saving obs...
INFO:root:transforming...
INFO:root:saving tokenized inputs...
INFO:root:batching...
INFO:root:sampling...
INFO:root:unbatching...
INFO:root:retrieving...
INFO:root:saving obs...
INFO:root:transforming...
INFO:root:saving tokenized inputs...
INFO:root:batching...
INFO:root:sampling...
INFO:root:unbatching...
INFO:root:retrieving...
INFO:root:saving obs...
INFO:root:transforming...
INFO:root:saving tokenized inputs...
INFO:root:batching...
INFO:root:sampling...
INFO:root:unbatching...
INFO:root:retrieving...
INFO:root:saving obs...
INFO:root:transforming...
INFO:root:saving tokenized inputs...
INFO:root:batching...
INFO:root:sampling...
INFO:root:unbatching...
INFO:root:retrieving...
INFO:root:saving obs...
INFO:root:transforming...
INFO:root:saving tokenized inputs...
INFO:root:batching...
INFO:root:sampling...
INFO:root:unbatching...
INFO:root:retrieving...
INFO:root:saving obs...
INFO:root:transforming...
INFO:root:saving tokenized inputs...
INFO:root:batching...
INFO:root:sampling...
INFO:root:unbatching...
INFO:root:retrieving...
INFO:root:saving obs...
INFO:root:transforming...
INFO:root:saving tokenized inputs...
INFO:root:batching...
INFO:root:sampling...
INFO:root:unbatching...
INFO:root:retrieving...
INFO:root:saving obs...
INFO:root:transforming...
INFO:root:saving tokenized inputs...
INFO:root:batching...
INFO:root:sampling...
INFO:root:unbatching...
INFO:root:retrieving...
INFO:root:saving obs...
INFO:root:transforming...
INFO:root:saving tokenized inputs...
INFO:root:batching...
INFO:root:sampling...
INFO:root:unbatching...
INFO:root:retrieving...
INFO:root:saving obs...
INFO:root:transforming...
INFO:root:saving tokenized inputs...
INFO:root:batching...
INFO:root:sampling...
INFO:root:unbatching...
INFO:root:retrieving...
INFO:root:saving obs...
INFO:root:transforming...
INFO:root:saving tokenized inputs...
INFO:root:batching...
INFO:root:sampling...
INFO:root:unbatching...
INFO:root:retrieving...
INFO:root:saving obs...
INFO:root:transforming...
INFO:root:saving tokenized inputs...
INFO:root:batching...
INFO:root:sampling...
INFO:root:unbatching...
INFO:root:retrieving...
INFO:root:saving obs...
INFO:root:transforming...
INFO:root:saving tokenized inputs...
INFO:root:batching...
INFO:root:sampling...
INFO:root:unbatching...
INFO:root:retrieving...
INFO:root:saving obs...
INFO:root:transforming...
INFO:root:saving tokenized inputs...
INFO:root:batching...
INFO:root:sampling...
INFO:root:unbatching...
INFO:root:retrieving...
INFO:root:saving obs...
INFO:root:transforming...
INFO:root:saving tokenized inputs...
INFO:root:batching...
INFO:root:sampling...
INFO:root:unbatching...
INFO:root:retrieving...
INFO:root:saving obs...
INFO:root:transforming...
INFO:root:saving tokenized inputs...
INFO:root:batching...
INFO:root:sampling...
INFO:root:unbatching...
INFO:root:retrieving...
INFO:root:saving obs...
INFO:root:transforming...
INFO:root:saving tokenized inputs...
INFO:root:batching...
INFO:root:sampling...
INFO:root:unbatching...
INFO:root:retrieving...
INFO:root:saving obs...
INFO:root:transforming...
INFO:root:saving tokenized inputs...
INFO:root:batching...
INFO:root:sampling...
INFO:root:unbatching...
INFO:root:retrieving...
INFO:root:saving obs...
INFO:root:transforming...
INFO:root:saving tokenized inputs...
INFO:root:batching...
INFO:root:sampling...
INFO:root:unbatching...
INFO:root:retrieving...
INFO:root:saving obs...
INFO:root:transforming...
INFO:root:saving tokenized inputs...
INFO:root:batching...
INFO:root:sampling...
INFO:root:unbatching...
INFO:root:retrieving...
INFO:root:saving obs...
INFO:root:transforming...
INFO:root:saving tokenized inputs...
INFO:root:batching...
INFO:root:sampling...
INFO:root:unbatching...
INFO:root:retrieving...
INFO:root:saving obs...
INFO:root:transforming...
INFO:root:saving tokenized inputs...
INFO:root:batching...
INFO:root:sampling...
INFO:root:unbatching...
INFO:root:Success: False
INFO:root:# episodes completed so far: 1
INFO:root:# successes: 0 (0.0%)

 10%|█         | 1/10 [05:04<45:43, 304.85s/it][AINFO:root:
Task: open the middle drawer of the cabinet
INFO:root:Starting episode 2...
INFO:root:retrieving...
INFO:root:saving obs...
INFO:root:transforming...
INFO:root:saving tokenized inputs...
INFO:root:batching...
INFO:root:sampling...
INFO:root:unbatching...
INFO:root:retrieving...
INFO:root:saving obs...
INFO:root:transforming...
INFO:root:saving tokenized inputs...
INFO:root:batching...
INFO:root:sampling...
INFO:root:unbatching...
INFO:root:retrieving...
INFO:root:saving obs...
INFO:root:transforming...
INFO:root:saving tokenized inputs...
INFO:root:batching...
INFO:root:sampling...
INFO:root:unbatching...
INFO:root:retrieving...
INFO:root:saving obs...
INFO:root:transforming...
INFO:root:saving tokenized inputs...
INFO:root:batching...
INFO:root:sampling...
INFO:root:unbatching...
INFO:root:retrieving...
INFO:root:saving obs...
INFO:root:transforming...
INFO:root:saving tokenized inputs...
INFO:root:batching...
INFO:root:sampling...
INFO:root:unbatching...
INFO:root:retrieving...
INFO:root:saving obs...
INFO:root:transforming...
INFO:root:saving tokenized inputs...
INFO:root:batching...
INFO:root:sampling...
INFO:root:unbatching...
INFO:root:retrieving...
INFO:root:saving obs...
INFO:root:transforming...
INFO:root:saving tokenized inputs...
INFO:root:batching...
INFO:root:sampling...
INFO:root:unbatching...
INFO:root:retrieving...
INFO:root:saving obs...
INFO:root:transforming...
INFO:root:saving tokenized inputs...
INFO:root:batching...
INFO:root:sampling...
INFO:root:unbatching...
INFO:root:retrieving...
INFO:root:saving obs...
INFO:root:transforming...
INFO:root:saving tokenized inputs...
INFO:root:batching...
INFO:root:sampling...
INFO:root:unbatching...
INFO:root:retrieving...
INFO:root:saving obs...
INFO:root:transforming...
INFO:root:saving tokenized inputs...
INFO:root:batching...
INFO:root:sampling...
INFO:root:unbatching...
INFO:root:retrieving...
INFO:root:saving obs...
INFO:root:transforming...
INFO:root:saving tokenized inputs...
INFO:root:batching...
INFO:root:sampling...
INFO:root:unbatching...
INFO:root:retrieving...
INFO:root:saving obs...
INFO:root:transforming...
INFO:root:saving tokenized inputs...
INFO:root:batching...
INFO:root:sampling...
INFO:root:unbatching...
INFO:root:retrieving...
INFO:root:saving obs...
INFO:root:transforming...
INFO:root:saving tokenized inputs...
INFO:root:batching...
INFO:root:sampling...
INFO:root:unbatching...
INFO:root:retrieving...
INFO:root:saving obs...
INFO:root:transforming...
INFO:root:saving tokenized inputs...
INFO:root:batching...
INFO:root:sampling...
INFO:root:unbatching...
INFO:root:retrieving...
INFO:root:saving obs...
INFO:root:transforming...
INFO:root:saving tokenized inputs...
INFO:root:batching...
INFO:root:sampling...
INFO:root:unbatching...
INFO:root:retrieving...
INFO:root:saving obs...
INFO:root:transforming...
INFO:root:saving tokenized inputs...
INFO:root:batching...
INFO:root:sampling...
INFO:root:unbatching...
INFO:root:retrieving...
INFO:root:saving obs...
INFO:root:transforming...
INFO:root:saving tokenized inputs...
INFO:root:batching...
INFO:root:sampling...
INFO:root:unbatching...
INFO:root:retrieving...
INFO:root:saving obs...
INFO:root:transforming...
INFO:root:saving tokenized inputs...
INFO:root:batching...
INFO:root:sampling...
INFO:root:unbatching...
INFO:root:retrieving...
INFO:root:saving obs...
INFO:root:transforming...
INFO:root:saving tokenized inputs...
INFO:root:batching...
INFO:root:sampling...
INFO:root:unbatching...
INFO:root:retrieving...
INFO:root:saving obs...
INFO:root:transforming...
INFO:root:saving tokenized inputs...
INFO:root:batching...
INFO:root:sampling...
INFO:root:unbatching...
INFO:root:retrieving...
INFO:root:saving obs...
INFO:root:transforming...
INFO:root:saving tokenized inputs...
INFO:root:batching...
INFO:root:sampling...
INFO:root:unbatching...
INFO:root:retrieving...
INFO:root:saving obs...
INFO:root:transforming...
INFO:root:saving tokenized inputs...
INFO:root:batching...
INFO:root:sampling...
INFO:root:unbatching...
INFO:root:retrieving...
INFO:root:saving obs...
INFO:root:transforming...
INFO:root:saving tokenized inputs...
INFO:root:batching...
INFO:root:sampling...
INFO:root:unbatching...
INFO:root:retrieving...
INFO:root:saving obs...
INFO:root:transforming...
INFO:root:saving tokenized inputs...
INFO:root:batching...
INFO:root:sampling...
INFO:root:unbatching...
INFO:root:retrieving...
INFO:root:saving obs...
INFO:root:transforming...
INFO:root:saving tokenized inputs...
INFO:root:batching...
INFO:root:sampling...
INFO:root:unbatching...
INFO:root:retrieving...
INFO:root:saving obs...
INFO:root:transforming...
INFO:root:saving tokenized inputs...
INFO:root:batching...
INFO:root:sampling...
INFO:root:unbatching...
INFO:root:retrieving...
INFO:root:saving obs...
INFO:root:transforming...
INFO:root:saving tokenized inputs...
INFO:root:batching...
INFO:root:sampling...
INFO:root:unbatching...
INFO:root:retrieving...
INFO:root:saving obs...
INFO:root:transforming...
INFO:root:saving tokenized inputs...
INFO:root:batching...
INFO:root:sampling...
INFO:root:unbatching...
INFO:root:retrieving...
INFO:root:saving obs...
INFO:root:transforming...
INFO:root:saving tokenized inputs...
INFO:root:batching...
INFO:root:sampling...
INFO:root:unbatching...
INFO:root:retrieving...
INFO:root:saving obs...
INFO:root:transforming...
INFO:root:saving tokenized inputs...
INFO:root:batching...
INFO:root:sampling...
INFO:root:unbatching...
INFO:root:retrieving...
INFO:root:saving obs...
INFO:root:transforming...
INFO:root:saving tokenized inputs...
INFO:root:batching...
INFO:root:sampling...
INFO:root:unbatching...
INFO:root:retrieving...
INFO:root:saving obs...
INFO:root:transforming...
INFO:root:saving tokenized inputs...
INFO:root:batching...
INFO:root:sampling...
INFO:root:unbatching...
INFO:root:retrieving...
INFO:root:saving obs...
INFO:root:transforming...
INFO:root:saving tokenized inputs...
INFO:root:batching...
INFO:root:sampling...
INFO:root:unbatching...
INFO:root:retrieving...
INFO:root:saving obs...
INFO:root:transforming...
INFO:root:saving tokenized inputs...
INFO:root:batching...
INFO:root:sampling...
INFO:root:unbatching...
INFO:root:retrieving...
INFO:root:saving obs...
INFO:root:transforming...
INFO:root:saving tokenized inputs...
INFO:root:batching...
INFO:root:sampling...
INFO:root:unbatching...
INFO:root:retrieving...
INFO:root:saving obs...
INFO:root:transforming...
INFO:root:saving tokenized inputs...
INFO:root:batching...
INFO:root:sampling...
INFO:root:unbatching...
INFO:root:retrieving...
INFO:root:saving obs...
INFO:root:transforming...
INFO:root:saving tokenized inputs...
INFO:root:batching...
INFO:root:sampling...
INFO:root:unbatching...
INFO:root:retrieving...
INFO:root:saving obs...
INFO:root:transforming...
INFO:root:saving tokenized inputs...
INFO:root:batching...
INFO:root:sampling...
INFO:root:unbatching...
INFO:root:retrieving...
INFO:root:saving obs...
INFO:root:transforming...
INFO:root:saving tokenized inputs...
INFO:root:batching...
INFO:root:sampling...
INFO:root:unbatching...
INFO:root:retrieving...
INFO:root:saving obs...
INFO:root:transforming...
INFO:root:saving tokenized inputs...
INFO:root:batching...
INFO:root:sampling...
INFO:root:unbatching...
INFO:root:retrieving...
INFO:root:saving obs...
INFO:root:transforming...
INFO:root:saving tokenized inputs...
INFO:root:batching...
INFO:root:sampling...
INFO:root:unbatching...
INFO:root:retrieving...
INFO:root:saving obs...
INFO:root:transforming...
INFO:root:saving tokenized inputs...
INFO:root:batching...
INFO:root:sampling...
INFO:root:unbatching...
INFO:root:retrieving...
INFO:root:saving obs...
INFO:root:transforming...
INFO:root:saving tokenized inputs...
INFO:root:batching...
INFO:root:sampling...
INFO:root:unbatching...
INFO:root:retrieving...
INFO:root:saving obs...
INFO:root:transforming...
INFO:root:saving tokenized inputs...
INFO:root:batching...
INFO:root:sampling...
INFO:root:unbatching...
INFO:root:retrieving...
INFO:root:saving obs...
INFO:root:transforming...
INFO:root:saving tokenized inputs...
INFO:root:batching...
INFO:root:sampling...
INFO:root:unbatching...
INFO:root:retrieving...
INFO:root:saving obs...
INFO:root:transforming...
INFO:root:saving tokenized inputs...
INFO:root:batching...
INFO:root:sampling...
INFO:root:unbatching...
INFO:root:retrieving...
INFO:root:saving obs...
INFO:root:transforming...
INFO:root:saving tokenized inputs...
INFO:root:batching...
INFO:root:sampling...
INFO:root:unbatching...
INFO:root:retrieving...
INFO:root:saving obs...
INFO:root:transforming...
INFO:root:saving tokenized inputs...
INFO:root:batching...
INFO:root:sampling...
INFO:root:unbatching...
INFO:root:retrieving...
INFO:root:saving obs...
INFO:root:transforming...
INFO:root:saving tokenized inputs...
INFO:root:batching...
INFO:root:sampling...
INFO:root:unbatching...
INFO:root:retrieving...
INFO:root:saving obs...
INFO:root:transforming...
INFO:root:saving tokenized inputs...
INFO:root:batching...
INFO:root:sampling...
INFO:root:unbatching...
INFO:root:retrieving...
INFO:root:saving obs...
INFO:root:transforming...
INFO:root:saving tokenized inputs...
INFO:root:batching...
INFO:root:sampling...
INFO:root:unbatching...
INFO:root:retrieving...
INFO:root:saving obs...
INFO:root:transforming...
INFO:root:saving tokenized inputs...
INFO:root:batching...
INFO:root:sampling...
INFO:root:unbatching...
INFO:root:retrieving...
INFO:root:saving obs...
INFO:root:transforming...
INFO:root:saving tokenized inputs...
INFO:root:batching...
INFO:root:sampling...
INFO:root:unbatching...
INFO:root:retrieving...
INFO:root:saving obs...
INFO:root:transforming...
INFO:root:saving tokenized inputs...
INFO:root:batching...
INFO:root:sampling...
INFO:root:unbatching...
INFO:root:retrieving...
INFO:root:saving obs...
INFO:root:transforming...
INFO:root:saving tokenized inputs...
INFO:root:batching...
INFO:root:sampling...
INFO:root:unbatching...
INFO:root:retrieving...
INFO:root:saving obs...
INFO:root:transforming...
INFO:root:saving tokenized inputs...
INFO:root:batching...
INFO:root:sampling...
INFO:root:unbatching...
INFO:root:retrieving...
INFO:root:saving obs...
INFO:root:transforming...
INFO:root:saving tokenized inputs...
INFO:root:batching...
INFO:root:sampling...
INFO:root:unbatching...
INFO:root:retrieving...
INFO:root:saving obs...
INFO:root:transforming...
INFO:root:saving tokenized inputs...
INFO:root:batching...
INFO:root:sampling...
INFO:root:unbatching...
INFO:root:retrieving...
INFO:root:saving obs...
INFO:root:transforming...
INFO:root:saving tokenized inputs...
INFO:root:batching...
INFO:root:sampling...
INFO:root:unbatching...
INFO:root:retrieving...
INFO:root:saving obs...
INFO:root:transforming...
INFO:root:saving tokenized inputs...
INFO:root:batching...
INFO:root:sampling...
INFO:root:unbatching...
INFO:root:Success: False
INFO:root:# episodes completed so far: 2
INFO:root:# successes: 0 (0.0%)

 20%|██        | 2/10 [09:33<37:48, 283.59s/it][AINFO:root:
Task: open the middle drawer of the cabinet
INFO:root:Starting episode 3...
INFO:root:retrieving...
INFO:root:saving obs...
INFO:root:transforming...
INFO:root:saving tokenized inputs...
INFO:root:batching...
INFO:root:sampling...
INFO:root:unbatching...
INFO:root:retrieving...
INFO:root:saving obs...
INFO:root:transforming...
INFO:root:saving tokenized inputs...
INFO:root:batching...
INFO:root:sampling...
INFO:root:unbatching...
INFO:root:retrieving...
INFO:root:saving obs...
INFO:root:transforming...
INFO:root:saving tokenized inputs...
INFO:root:batching...
INFO:root:sampling...
INFO:root:unbatching...
INFO:root:retrieving...
INFO:root:saving obs...
INFO:root:transforming...
INFO:root:saving tokenized inputs...
INFO:root:batching...
INFO:root:sampling...
INFO:root:unbatching...
INFO:root:retrieving...
INFO:root:saving obs...
INFO:root:transforming...
INFO:root:saving tokenized inputs...
INFO:root:batching...
INFO:root:sampling...
INFO:root:unbatching...
INFO:root:retrieving...
INFO:root:saving obs...
INFO:root:transforming...
INFO:root:saving tokenized inputs...
INFO:root:batching...
INFO:root:sampling...
INFO:root:unbatching...
INFO:root:retrieving...
INFO:root:saving obs...
INFO:root:transforming...
INFO:root:saving tokenized inputs...
INFO:root:batching...
INFO:root:sampling...
INFO:root:unbatching...
INFO:root:retrieving...
INFO:root:saving obs...
INFO:root:transforming...
INFO:root:saving tokenized inputs...
INFO:root:batching...
INFO:root:sampling...
INFO:root:unbatching...
INFO:root:retrieving...
INFO:root:saving obs...
INFO:root:transforming...
INFO:root:saving tokenized inputs...
INFO:root:batching...
INFO:root:sampling...
INFO:root:unbatching...
INFO:root:retrieving...
INFO:root:saving obs...
INFO:root:transforming...
INFO:root:saving tokenized inputs...
INFO:root:batching...
INFO:root:sampling...
INFO:root:unbatching...
INFO:root:retrieving...
INFO:root:saving obs...
INFO:root:transforming...
INFO:root:saving tokenized inputs...
INFO:root:batching...
INFO:root:sampling...
INFO:root:unbatching...
INFO:root:retrieving...
INFO:root:saving obs...
INFO:root:transforming...
INFO:root:saving tokenized inputs...
INFO:root:batching...
INFO:root:sampling...
INFO:root:unbatching...
INFO:root:retrieving...
INFO:root:saving obs...
INFO:root:transforming...
INFO:root:saving tokenized inputs...
INFO:root:batching...
INFO:root:sampling...
INFO:root:unbatching...
INFO:root:retrieving...
INFO:root:saving obs...
INFO:root:transforming...
INFO:root:saving tokenized inputs...
INFO:root:batching...
INFO:root:sampling...
INFO:root:unbatching...
INFO:root:retrieving...
INFO:root:saving obs...
INFO:root:transforming...
INFO:root:saving tokenized inputs...
INFO:root:batching...
INFO:root:sampling...
INFO:root:unbatching...
INFO:root:retrieving...
INFO:root:saving obs...
INFO:root:transforming...
INFO:root:saving tokenized inputs...
INFO:root:batching...
INFO:root:sampling...
INFO:root:unbatching...
INFO:root:retrieving...
INFO:root:saving obs...
INFO:root:transforming...
INFO:root:saving tokenized inputs...
INFO:root:batching...
INFO:root:sampling...
INFO:root:unbatching...
INFO:root:retrieving...
INFO:root:saving obs...
INFO:root:transforming...
INFO:root:saving tokenized inputs...
INFO:root:batching...
INFO:root:sampling...
INFO:root:unbatching...
INFO:root:retrieving...
INFO:root:saving obs...
INFO:root:transforming...
INFO:root:saving tokenized inputs...
INFO:root:batching...
INFO:root:sampling...
INFO:root:unbatching...
INFO:root:retrieving...
INFO:root:saving obs...
INFO:root:transforming...
INFO:root:saving tokenized inputs...
INFO:root:batching...
INFO:root:sampling...
INFO:root:unbatching...
INFO:root:retrieving...
INFO:root:saving obs...
INFO:root:transforming...
INFO:root:saving tokenized inputs...
INFO:root:batching...
INFO:root:sampling...
INFO:root:unbatching...
INFO:root:retrieving...
INFO:root:saving obs...
INFO:root:transforming...
INFO:root:saving tokenized inputs...
INFO:root:batching...
INFO:root:sampling...
INFO:root:unbatching...
INFO:root:retrieving...
INFO:root:saving obs...
INFO:root:transforming...
INFO:root:saving tokenized inputs...
INFO:root:batching...
INFO:root:sampling...
INFO:root:unbatching...
INFO:root:retrieving...
INFO:root:saving obs...
INFO:root:transforming...
INFO:root:saving tokenized inputs...
INFO:root:batching...
INFO:root:sampling...
INFO:root:unbatching...
INFO:root:retrieving...
INFO:root:saving obs...
INFO:root:transforming...
INFO:root:saving tokenized inputs...
INFO:root:batching...
INFO:root:sampling...
INFO:root:unbatching...
INFO:root:retrieving...
INFO:root:saving obs...
INFO:root:transforming...
INFO:root:saving tokenized inputs...
INFO:root:batching...
INFO:root:sampling...
INFO:root:unbatching...
INFO:root:retrieving...
INFO:root:saving obs...
INFO:root:transforming...
INFO:root:saving tokenized inputs...
INFO:root:batching...
INFO:root:sampling...
INFO:root:unbatching...
INFO:root:retrieving...
INFO:root:saving obs...
INFO:root:transforming...
INFO:root:saving tokenized inputs...
INFO:root:batching...
INFO:root:sampling...
INFO:root:unbatching...
INFO:root:retrieving...
INFO:root:saving obs...
INFO:root:transforming...
INFO:root:saving tokenized inputs...
INFO:root:batching...
INFO:root:sampling...
INFO:root:unbatching...
INFO:root:retrieving...
INFO:root:saving obs...
INFO:root:transforming...
INFO:root:saving tokenized inputs...
INFO:root:batching...
INFO:root:sampling...
INFO:root:unbatching...
INFO:root:retrieving...
INFO:root:saving obs...
INFO:root:transforming...
INFO:root:saving tokenized inputs...
INFO:root:batching...
INFO:root:sampling...
INFO:root:unbatching...
INFO:root:retrieving...
INFO:root:saving obs...
INFO:root:transforming...
INFO:root:saving tokenized inputs...
INFO:root:batching...
INFO:root:sampling...
INFO:root:unbatching...
INFO:root:retrieving...
INFO:root:saving obs...
INFO:root:transforming...
INFO:root:saving tokenized inputs...
INFO:root:batching...
INFO:root:sampling...
INFO:root:unbatching...
INFO:root:retrieving...
INFO:root:saving obs...
INFO:root:transforming...
INFO:root:saving tokenized inputs...
INFO:root:batching...
INFO:root:sampling...
INFO:root:unbatching...
INFO:root:retrieving...
INFO:root:saving obs...
INFO:root:transforming...
INFO:root:saving tokenized inputs...
INFO:root:batching...
INFO:root:sampling...
INFO:root:unbatching...
INFO:root:retrieving...
INFO:root:saving obs...
INFO:root:transforming...
INFO:root:saving tokenized inputs...
INFO:root:batching...
INFO:root:sampling...
INFO:root:unbatching...
INFO:root:retrieving...
INFO:root:saving obs...
INFO:root:transforming...
INFO:root:saving tokenized inputs...
INFO:root:batching...
INFO:root:sampling...
INFO:root:unbatching...
INFO:root:retrieving...
INFO:root:saving obs...
INFO:root:transforming...
INFO:root:saving tokenized inputs...
INFO:root:batching...
INFO:root:sampling...
INFO:root:unbatching...
INFO:root:retrieving...
INFO:root:saving obs...
INFO:root:transforming...
INFO:root:saving tokenized inputs...
INFO:root:batching...
INFO:root:sampling...
INFO:root:unbatching...
INFO:root:retrieving...
INFO:root:saving obs...
INFO:root:transforming...
INFO:root:saving tokenized inputs...
INFO:root:batching...
INFO:root:sampling...
INFO:root:unbatching...
INFO:root:retrieving...
INFO:root:saving obs...
INFO:root:transforming...
INFO:root:saving tokenized inputs...
INFO:root:batching...
INFO:root:sampling...
INFO:root:unbatching...
INFO:root:retrieving...
INFO:root:saving obs...
INFO:root:transforming...
INFO:root:saving tokenized inputs...
INFO:root:batching...
INFO:root:sampling...
INFO:root:unbatching...
INFO:root:retrieving...
INFO:root:saving obs...
INFO:root:transforming...
INFO:root:saving tokenized inputs...
INFO:root:batching...
INFO:root:sampling...
INFO:root:unbatching...
INFO:root:retrieving...
INFO:root:saving obs...
INFO:root:transforming...
INFO:root:saving tokenized inputs...
INFO:root:batching...
INFO:root:sampling...
INFO:root:unbatching...
INFO:root:retrieving...
INFO:root:saving obs...
INFO:root:transforming...
INFO:root:saving tokenized inputs...
INFO:root:batching...
INFO:root:sampling...
INFO:root:unbatching...
INFO:root:retrieving...
INFO:root:saving obs...
INFO:root:transforming...
INFO:root:saving tokenized inputs...
INFO:root:batching...
INFO:root:sampling...
INFO:root:unbatching...
INFO:root:retrieving...
INFO:root:saving obs...
INFO:root:transforming...
INFO:root:saving tokenized inputs...
INFO:root:batching...
INFO:root:sampling...
INFO:root:unbatching...
INFO:root:retrieving...
INFO:root:saving obs...
INFO:root:transforming...
INFO:root:saving tokenized inputs...
INFO:root:batching...
INFO:root:sampling...
INFO:root:unbatching...
INFO:root:retrieving...
INFO:root:saving obs...
INFO:root:transforming...
INFO:root:saving tokenized inputs...
INFO:root:batching...
INFO:root:sampling...
INFO:root:unbatching...
INFO:root:retrieving...
INFO:root:saving obs...
INFO:root:transforming...
INFO:root:saving tokenized inputs...
INFO:root:batching...
INFO:root:sampling...
INFO:root:unbatching...
INFO:root:retrieving...
INFO:root:saving obs...
INFO:root:transforming...
INFO:root:saving tokenized inputs...
INFO:root:batching...
INFO:root:sampling...
INFO:root:unbatching...
INFO:root:retrieving...
INFO:root:saving obs...
INFO:root:transforming...
INFO:root:saving tokenized inputs...
INFO:root:batching...
INFO:root:sampling...
INFO:root:unbatching...
INFO:root:retrieving...
INFO:root:saving obs...
INFO:root:transforming...
INFO:root:saving tokenized inputs...
INFO:root:batching...
INFO:root:sampling...
INFO:root:unbatching...
INFO:root:retrieving...
INFO:root:saving obs...
INFO:root:transforming...
INFO:root:saving tokenized inputs...
INFO:root:batching...
INFO:root:sampling...
INFO:root:unbatching...
INFO:root:retrieving...
INFO:root:saving obs...
INFO:root:transforming...
INFO:root:saving tokenized inputs...
INFO:root:batching...
INFO:root:sampling...
INFO:root:unbatching...
INFO:root:retrieving...
INFO:root:saving obs...
INFO:root:transforming...
INFO:root:saving tokenized inputs...
INFO:root:batching...
INFO:root:sampling...
INFO:root:unbatching...
INFO:root:retrieving...
INFO:root:saving obs...
INFO:root:transforming...
INFO:root:saving tokenized inputs...
INFO:root:batching...
INFO:root:sampling...
INFO:root:unbatching...
INFO:root:retrieving...
INFO:root:saving obs...
INFO:root:transforming...
INFO:root:saving tokenized inputs...
INFO:root:batching...
INFO:root:sampling...
INFO:root:unbatching...
INFO:root:retrieving...
INFO:root:saving obs...
INFO:root:transforming...
INFO:root:saving tokenized inputs...
INFO:root:batching...
INFO:root:sampling...
INFO:root:unbatching...
INFO:root:retrieving...
INFO:root:saving obs...
INFO:root:transforming...
INFO:root:saving tokenized inputs...
INFO:root:batching...
INFO:root:sampling...
INFO:root:unbatching...
INFO:root:Success: False
INFO:root:# episodes completed so far: 3
INFO:root:# successes: 0 (0.0%)

 30%|███       | 3/10 [14:13<32:53, 281.98s/it][AINFO:root:
Task: open the middle drawer of the cabinet
INFO:root:Starting episode 4...
INFO:root:retrieving...
INFO:root:saving obs...
INFO:root:transforming...
INFO:root:saving tokenized inputs...
INFO:root:batching...
INFO:root:sampling...
INFO:root:unbatching...
INFO:root:retrieving...
INFO:root:saving obs...
INFO:root:transforming...
INFO:root:saving tokenized inputs...
INFO:root:batching...
INFO:root:sampling...
INFO:root:unbatching...
INFO:root:retrieving...
INFO:root:saving obs...
INFO:root:transforming...
INFO:root:saving tokenized inputs...
INFO:root:batching...
INFO:root:sampling...
INFO:root:unbatching...
INFO:root:retrieving...
INFO:root:saving obs...
INFO:root:transforming...
INFO:root:saving tokenized inputs...
INFO:root:batching...
INFO:root:sampling...
INFO:root:unbatching...
INFO:root:retrieving...
INFO:root:saving obs...
INFO:root:transforming...
INFO:root:saving tokenized inputs...
INFO:root:batching...
INFO:root:sampling...
INFO:root:unbatching...
INFO:root:retrieving...
INFO:root:saving obs...
INFO:root:transforming...
INFO:root:saving tokenized inputs...
INFO:root:batching...
INFO:root:sampling...
INFO:root:unbatching...
INFO:root:retrieving...
INFO:root:saving obs...
INFO:root:transforming...
INFO:root:saving tokenized inputs...
INFO:root:batching...
INFO:root:sampling...
INFO:root:unbatching...
INFO:root:retrieving...
INFO:root:saving obs...
INFO:root:transforming...
INFO:root:saving tokenized inputs...
INFO:root:batching...
INFO:root:sampling...
INFO:root:unbatching...
INFO:root:retrieving...
INFO:root:saving obs...
INFO:root:transforming...
INFO:root:saving tokenized inputs...
INFO:root:batching...
INFO:root:sampling...
INFO:root:unbatching...
INFO:root:retrieving...
INFO:root:saving obs...
INFO:root:transforming...
INFO:root:saving tokenized inputs...
INFO:root:batching...
INFO:root:sampling...
INFO:root:unbatching...
INFO:root:retrieving...
INFO:root:saving obs...
INFO:root:transforming...
INFO:root:saving tokenized inputs...
INFO:root:batching...
INFO:root:sampling...
INFO:root:unbatching...
INFO:root:retrieving...
INFO:root:saving obs...
INFO:root:transforming...
INFO:root:saving tokenized inputs...
INFO:root:batching...
INFO:root:sampling...
INFO:root:unbatching...
INFO:root:retrieving...
INFO:root:saving obs...
INFO:root:transforming...
INFO:root:saving tokenized inputs...
INFO:root:batching...
INFO:root:sampling...
INFO:root:unbatching...
INFO:root:retrieving...
INFO:root:saving obs...
INFO:root:transforming...
INFO:root:saving tokenized inputs...
INFO:root:batching...
INFO:root:sampling...
INFO:root:unbatching...
INFO:root:retrieving...
INFO:root:saving obs...
INFO:root:transforming...
INFO:root:saving tokenized inputs...
INFO:root:batching...
INFO:root:sampling...
INFO:root:unbatching...
INFO:root:retrieving...
INFO:root:saving obs...
INFO:root:transforming...
INFO:root:saving tokenized inputs...
INFO:root:batching...
INFO:root:sampling...
INFO:root:unbatching...
INFO:root:retrieving...
INFO:root:saving obs...
INFO:root:transforming...
INFO:root:saving tokenized inputs...
INFO:root:batching...
INFO:root:sampling...
INFO:root:unbatching...
INFO:root:retrieving...
INFO:root:saving obs...
INFO:root:transforming...
INFO:root:saving tokenized inputs...
INFO:root:batching...
INFO:root:sampling...
INFO:root:unbatching...
INFO:root:retrieving...
INFO:root:saving obs...
INFO:root:transforming...
INFO:root:saving tokenized inputs...
INFO:root:batching...
INFO:root:sampling...
INFO:root:unbatching...
INFO:root:retrieving...
INFO:root:saving obs...
INFO:root:transforming...
INFO:root:saving tokenized inputs...
INFO:root:batching...
INFO:root:sampling...
INFO:root:unbatching...
INFO:root:retrieving...
INFO:root:saving obs...
INFO:root:transforming...
INFO:root:saving tokenized inputs...
INFO:root:batching...
INFO:root:sampling...
INFO:root:unbatching...
INFO:root:retrieving...
INFO:root:saving obs...
INFO:root:transforming...
INFO:root:saving tokenized inputs...
INFO:root:batching...
INFO:root:sampling...
INFO:root:unbatching...
INFO:root:retrieving...
INFO:root:saving obs...
INFO:root:transforming...
INFO:root:saving tokenized inputs...
INFO:root:batching...
INFO:root:sampling...
INFO:root:unbatching...
INFO:root:retrieving...
INFO:root:saving obs...
INFO:root:transforming...
INFO:root:saving tokenized inputs...
INFO:root:batching...
INFO:root:sampling...
INFO:root:unbatching...
INFO:root:retrieving...
INFO:root:saving obs...
INFO:root:transforming...
INFO:root:saving tokenized inputs...
INFO:root:batching...
INFO:root:sampling...
INFO:root:unbatching...
INFO:root:retrieving...
INFO:root:saving obs...
INFO:root:transforming...
INFO:root:saving tokenized inputs...
INFO:root:batching...
INFO:root:sampling...
INFO:root:unbatching...
INFO:root:retrieving...
INFO:root:saving obs...
INFO:root:transforming...
INFO:root:saving tokenized inputs...
INFO:root:batching...
INFO:root:sampling...
INFO:root:unbatching...
INFO:root:retrieving...
INFO:root:saving obs...
INFO:root:transforming...
INFO:root:saving tokenized inputs...
INFO:root:batching...
INFO:root:sampling...
INFO:root:unbatching...
INFO:root:retrieving...
INFO:root:saving obs...
INFO:root:transforming...
INFO:root:saving tokenized inputs...
INFO:root:batching...
INFO:root:sampling...
INFO:root:unbatching...
INFO:root:retrieving...
INFO:root:saving obs...
INFO:root:transforming...
INFO:root:saving tokenized inputs...
INFO:root:batching...
INFO:root:sampling...
INFO:root:unbatching...
INFO:root:retrieving...
INFO:root:saving obs...
INFO:root:transforming...
INFO:root:saving tokenized inputs...
INFO:root:batching...
INFO:root:sampling...
INFO:root:unbatching...
INFO:root:retrieving...
INFO:root:saving obs...
INFO:root:transforming...
INFO:root:saving tokenized inputs...
INFO:root:batching...
INFO:root:sampling...
INFO:root:unbatching...
INFO:root:retrieving...
INFO:root:saving obs...
INFO:root:transforming...
INFO:root:saving tokenized inputs...
INFO:root:batching...
INFO:root:sampling...
INFO:root:unbatching...
INFO:root:retrieving...
INFO:root:saving obs...
INFO:root:transforming...
INFO:root:saving tokenized inputs...
INFO:root:batching...
INFO:root:sampling...
INFO:root:unbatching...
INFO:root:retrieving...
INFO:root:saving obs...
INFO:root:transforming...
INFO:root:saving tokenized inputs...
INFO:root:batching...
INFO:root:sampling...
INFO:root:unbatching...
INFO:root:retrieving...
INFO:root:saving obs...
INFO:root:transforming...
INFO:root:saving tokenized inputs...
INFO:root:batching...
INFO:root:sampling...
INFO:root:unbatching...
INFO:root:retrieving...
INFO:root:saving obs...
INFO:root:transforming...
INFO:root:saving tokenized inputs...
INFO:root:batching...
INFO:root:sampling...
INFO:root:unbatching...
INFO:root:retrieving...
INFO:root:saving obs...
INFO:root:transforming...
INFO:root:saving tokenized inputs...
INFO:root:batching...
INFO:root:sampling...
INFO:root:unbatching...
INFO:root:retrieving...
INFO:root:saving obs...
INFO:root:transforming...
INFO:root:saving tokenized inputs...
INFO:root:batching...
INFO:root:sampling...
INFO:root:unbatching...
INFO:root:retrieving...
INFO:root:saving obs...
INFO:root:transforming...
INFO:root:saving tokenized inputs...
INFO:root:batching...
INFO:root:sampling...
INFO:root:unbatching...
INFO:root:retrieving...
INFO:root:saving obs...
INFO:root:transforming...
INFO:root:saving tokenized inputs...
INFO:root:batching...
INFO:root:sampling...
INFO:root:unbatching...
INFO:root:retrieving...
INFO:root:saving obs...
INFO:root:transforming...
INFO:root:saving tokenized inputs...
INFO:root:batching...
INFO:root:sampling...
INFO:root:unbatching...
INFO:root:retrieving...
INFO:root:saving obs...
INFO:root:transforming...
INFO:root:saving tokenized inputs...
INFO:root:batching...
INFO:root:sampling...
INFO:root:unbatching...
INFO:root:retrieving...
INFO:root:saving obs...
INFO:root:transforming...
INFO:root:saving tokenized inputs...
INFO:root:batching...
INFO:root:sampling...
INFO:root:unbatching...
INFO:root:retrieving...
INFO:root:saving obs...
INFO:root:transforming...
INFO:root:saving tokenized inputs...
INFO:root:batching...
INFO:root:sampling...
INFO:root:unbatching...
INFO:root:retrieving...
INFO:root:saving obs...
INFO:root:transforming...
INFO:root:saving tokenized inputs...
INFO:root:batching...
INFO:root:sampling...
INFO:root:unbatching...
INFO:root:retrieving...
INFO:root:saving obs...
INFO:root:transforming...
INFO:root:saving tokenized inputs...
INFO:root:batching...
INFO:root:sampling...
INFO:root:unbatching...
INFO:root:retrieving...
INFO:root:saving obs...
INFO:root:transforming...
INFO:root:saving tokenized inputs...
INFO:root:batching...
INFO:root:sampling...
INFO:root:unbatching...
INFO:root:retrieving...
INFO:root:saving obs...
INFO:root:transforming...
INFO:root:saving tokenized inputs...
INFO:root:batching...
INFO:root:sampling...
INFO:root:unbatching...
INFO:root:retrieving...
INFO:root:saving obs...
INFO:root:transforming...
INFO:root:saving tokenized inputs...
INFO:root:batching...
INFO:root:sampling...
INFO:root:unbatching...
INFO:root:retrieving...
INFO:root:saving obs...
INFO:root:transforming...
INFO:root:saving tokenized inputs...
INFO:root:batching...
INFO:root:sampling...
INFO:root:unbatching...
INFO:root:retrieving...
INFO:root:saving obs...
INFO:root:transforming...
INFO:root:saving tokenized inputs...
INFO:root:batching...
INFO:root:sampling...
INFO:root:unbatching...
INFO:root:retrieving...
INFO:root:saving obs...
INFO:root:transforming...
INFO:root:saving tokenized inputs...
INFO:root:batching...
INFO:root:sampling...
INFO:root:unbatching...
INFO:root:retrieving...
INFO:root:saving obs...
INFO:root:transforming...
INFO:root:saving tokenized inputs...
INFO:root:batching...
INFO:root:sampling...
INFO:root:unbatching...
INFO:root:retrieving...
INFO:root:saving obs...
INFO:root:transforming...
INFO:root:saving tokenized inputs...
INFO:root:batching...
INFO:root:sampling...
INFO:root:unbatching...
INFO:root:retrieving...
INFO:root:saving obs...
INFO:root:transforming...
INFO:root:saving tokenized inputs...
INFO:root:batching...
INFO:root:sampling...
INFO:root:unbatching...
INFO:root:retrieving...
INFO:root:saving obs...
INFO:root:transforming...
INFO:root:saving tokenized inputs...
INFO:root:batching...
INFO:root:sampling...
INFO:root:unbatching...
INFO:root:retrieving...
INFO:root:saving obs...
INFO:root:transforming...
INFO:root:saving tokenized inputs...
INFO:root:batching...
INFO:root:sampling...
INFO:root:unbatching...
INFO:root:retrieving...
INFO:root:saving obs...
INFO:root:transforming...
INFO:root:saving tokenized inputs...
INFO:root:batching...
INFO:root:sampling...
INFO:root:unbatching...
INFO:root:retrieving...
INFO:root:saving obs...
INFO:root:transforming...
INFO:root:saving tokenized inputs...
INFO:root:batching...
INFO:root:sampling...
INFO:root:unbatching...
INFO:root:Success: False
INFO:root:# episodes completed so far: 4
INFO:root:# successes: 0 (0.0%)

 40%|████      | 4/10 [18:53<28:07, 281.24s/it][AINFO:root:
Task: open the middle drawer of the cabinet
INFO:root:Starting episode 5...
INFO:root:retrieving...
INFO:root:saving obs...
INFO:root:transforming...
INFO:root:saving tokenized inputs...
INFO:root:batching...
INFO:root:sampling...
INFO:root:unbatching...
INFO:root:retrieving...
INFO:root:saving obs...
INFO:root:transforming...
INFO:root:saving tokenized inputs...
INFO:root:batching...
INFO:root:sampling...
INFO:root:unbatching...
INFO:root:retrieving...
INFO:root:saving obs...
INFO:root:transforming...
INFO:root:saving tokenized inputs...
INFO:root:batching...
INFO:root:sampling...
INFO:root:unbatching...
INFO:root:retrieving...
INFO:root:saving obs...
INFO:root:transforming...
INFO:root:saving tokenized inputs...
INFO:root:batching...
INFO:root:sampling...
INFO:root:unbatching...
INFO:root:retrieving...
INFO:root:saving obs...
INFO:root:transforming...
INFO:root:saving tokenized inputs...
INFO:root:batching...
INFO:root:sampling...
INFO:root:unbatching...
INFO:root:retrieving...
INFO:root:saving obs...
INFO:root:transforming...
INFO:root:saving tokenized inputs...
INFO:root:batching...
INFO:root:sampling...
INFO:root:unbatching...
INFO:root:retrieving...
INFO:root:saving obs...
INFO:root:transforming...
INFO:root:saving tokenized inputs...
INFO:root:batching...
INFO:root:sampling...
INFO:root:unbatching...
INFO:root:retrieving...
INFO:root:saving obs...
INFO:root:transforming...
INFO:root:saving tokenized inputs...
INFO:root:batching...
INFO:root:sampling...
INFO:root:unbatching...
INFO:root:retrieving...
INFO:root:saving obs...
INFO:root:transforming...
INFO:root:saving tokenized inputs...
INFO:root:batching...
INFO:root:sampling...
INFO:root:unbatching...
INFO:root:retrieving...
INFO:root:saving obs...
INFO:root:transforming...
INFO:root:saving tokenized inputs...
INFO:root:batching...
INFO:root:sampling...
INFO:root:unbatching...
INFO:root:retrieving...
INFO:root:saving obs...
INFO:root:transforming...
INFO:root:saving tokenized inputs...
INFO:root:batching...
INFO:root:sampling...
INFO:root:unbatching...
INFO:root:retrieving...
INFO:root:saving obs...
INFO:root:transforming...
INFO:root:saving tokenized inputs...
INFO:root:batching...
INFO:root:sampling...
INFO:root:unbatching...
INFO:root:retrieving...
INFO:root:saving obs...
INFO:root:transforming...
INFO:root:saving tokenized inputs...
INFO:root:batching...
INFO:root:sampling...
INFO:root:unbatching...
INFO:root:retrieving...
INFO:root:saving obs...
INFO:root:transforming...
INFO:root:saving tokenized inputs...
INFO:root:batching...
INFO:root:sampling...
INFO:root:unbatching...
INFO:root:retrieving...
INFO:root:saving obs...
INFO:root:transforming...
INFO:root:saving tokenized inputs...
INFO:root:batching...
INFO:root:sampling...
INFO:root:unbatching...
INFO:root:retrieving...
INFO:root:saving obs...
INFO:root:transforming...
INFO:root:saving tokenized inputs...
INFO:root:batching...
INFO:root:sampling...
INFO:root:unbatching...
INFO:root:retrieving...
INFO:root:saving obs...
INFO:root:transforming...
INFO:root:saving tokenized inputs...
INFO:root:batching...
INFO:root:sampling...
INFO:root:unbatching...
INFO:root:retrieving...
INFO:root:saving obs...
INFO:root:transforming...
INFO:root:saving tokenized inputs...
INFO:root:batching...
INFO:root:sampling...
INFO:root:unbatching...
INFO:root:retrieving...
INFO:root:saving obs...
INFO:root:transforming...
INFO:root:saving tokenized inputs...
INFO:root:batching...
INFO:root:sampling...
INFO:root:unbatching...
INFO:root:retrieving...
INFO:root:saving obs...
INFO:root:transforming...
INFO:root:saving tokenized inputs...
INFO:root:batching...
INFO:root:sampling...
INFO:root:unbatching...
INFO:root:retrieving...
INFO:root:saving obs...
INFO:root:transforming...
INFO:root:saving tokenized inputs...
INFO:root:batching...
INFO:root:sampling...
INFO:root:unbatching...
INFO:root:retrieving...
INFO:root:saving obs...
INFO:root:transforming...
INFO:root:saving tokenized inputs...
INFO:root:batching...
INFO:root:sampling...
INFO:root:unbatching...
INFO:root:retrieving...
INFO:root:saving obs...
INFO:root:transforming...
INFO:root:saving tokenized inputs...
INFO:root:batching...
INFO:root:sampling...
INFO:root:unbatching...
INFO:root:retrieving...
INFO:root:saving obs...
INFO:root:transforming...
INFO:root:saving tokenized inputs...
INFO:root:batching...
INFO:root:sampling...
INFO:root:unbatching...
INFO:root:retrieving...
INFO:root:saving obs...
INFO:root:transforming...
INFO:root:saving tokenized inputs...
INFO:root:batching...
INFO:root:sampling...
INFO:root:unbatching...
INFO:root:retrieving...
INFO:root:saving obs...
INFO:root:transforming...
INFO:root:saving tokenized inputs...
INFO:root:batching...
INFO:root:sampling...
INFO:root:unbatching...
INFO:root:retrieving...
INFO:root:saving obs...
INFO:root:transforming...
INFO:root:saving tokenized inputs...
INFO:root:batching...
INFO:root:sampling...
INFO:root:unbatching...
INFO:root:retrieving...
INFO:root:saving obs...
INFO:root:transforming...
INFO:root:saving tokenized inputs...
INFO:root:batching...
INFO:root:sampling...
INFO:root:unbatching...
INFO:root:retrieving...
INFO:root:saving obs...
INFO:root:transforming...
INFO:root:saving tokenized inputs...
INFO:root:batching...
INFO:root:sampling...
INFO:root:unbatching...
INFO:root:retrieving...
INFO:root:saving obs...
INFO:root:transforming...
INFO:root:saving tokenized inputs...
INFO:root:batching...
INFO:root:sampling...
INFO:root:unbatching...
INFO:root:retrieving...
INFO:root:saving obs...
INFO:root:transforming...
INFO:root:saving tokenized inputs...
INFO:root:batching...
INFO:root:sampling...
INFO:root:unbatching...
INFO:root:retrieving...
INFO:root:saving obs...
INFO:root:transforming...
INFO:root:saving tokenized inputs...
INFO:root:batching...
INFO:root:sampling...
INFO:root:unbatching...
INFO:root:retrieving...
INFO:root:saving obs...
INFO:root:transforming...
INFO:root:saving tokenized inputs...
INFO:root:batching...
INFO:root:sampling...
INFO:root:unbatching...
INFO:root:retrieving...
INFO:root:saving obs...
INFO:root:transforming...
INFO:root:saving tokenized inputs...
INFO:root:batching...
INFO:root:sampling...
INFO:root:unbatching...
INFO:root:retrieving...
INFO:root:saving obs...
INFO:root:transforming...
INFO:root:saving tokenized inputs...
INFO:root:batching...
INFO:root:sampling...
INFO:root:unbatching...
INFO:root:retrieving...
INFO:root:saving obs...
INFO:root:transforming...
INFO:root:saving tokenized inputs...
INFO:root:batching...
INFO:root:sampling...
INFO:root:unbatching...
INFO:root:retrieving...
INFO:root:saving obs...
INFO:root:transforming...
INFO:root:saving tokenized inputs...
INFO:root:batching...
INFO:root:sampling...
INFO:root:unbatching...
INFO:root:retrieving...
INFO:root:saving obs...
INFO:root:transforming...
INFO:root:saving tokenized inputs...
INFO:root:batching...
INFO:root:sampling...
INFO:root:unbatching...
INFO:root:retrieving...
INFO:root:saving obs...
INFO:root:transforming...
INFO:root:saving tokenized inputs...
INFO:root:batching...
INFO:root:sampling...
INFO:root:unbatching...
INFO:root:retrieving...
INFO:root:saving obs...
INFO:root:transforming...
INFO:root:saving tokenized inputs...
INFO:root:batching...
INFO:root:sampling...
INFO:root:unbatching...
INFO:root:retrieving...
INFO:root:saving obs...
INFO:root:transforming...
INFO:root:saving tokenized inputs...
INFO:root:batching...
INFO:root:sampling...
INFO:root:unbatching...
INFO:root:retrieving...
INFO:root:saving obs...
INFO:root:transforming...
INFO:root:saving tokenized inputs...
INFO:root:batching...
INFO:root:sampling...
INFO:root:unbatching...
INFO:root:retrieving...
INFO:root:saving obs...
INFO:root:transforming...
INFO:root:saving tokenized inputs...
INFO:root:batching...
INFO:root:sampling...
INFO:root:unbatching...
INFO:root:retrieving...
INFO:root:saving obs...
INFO:root:transforming...
INFO:root:saving tokenized inputs...
INFO:root:batching...
INFO:root:sampling...
INFO:root:unbatching...
INFO:root:retrieving...
INFO:root:saving obs...
INFO:root:transforming...
INFO:root:saving tokenized inputs...
INFO:root:batching...
INFO:root:sampling...
INFO:root:unbatching...
INFO:root:retrieving...
INFO:root:saving obs...
INFO:root:transforming...
INFO:root:saving tokenized inputs...
INFO:root:batching...
INFO:root:sampling...
INFO:root:unbatching...
INFO:root:retrieving...
INFO:root:saving obs...
INFO:root:transforming...
INFO:root:saving tokenized inputs...
INFO:root:batching...
INFO:root:sampling...
INFO:root:unbatching...
INFO:root:retrieving...
INFO:root:saving obs...
INFO:root:transforming...
INFO:root:saving tokenized inputs...
INFO:root:batching...
INFO:root:sampling...
INFO:root:unbatching...
INFO:root:retrieving...
INFO:root:saving obs...
INFO:root:transforming...
INFO:root:saving tokenized inputs...
INFO:root:batching...
INFO:root:sampling...
INFO:root:unbatching...
INFO:root:retrieving...
INFO:root:saving obs...
INFO:root:transforming...
INFO:root:saving tokenized inputs...
INFO:root:batching...
INFO:root:sampling...
INFO:root:unbatching...
INFO:root:retrieving...
INFO:root:saving obs...
INFO:root:transforming...
INFO:root:saving tokenized inputs...
INFO:root:batching...
INFO:root:sampling...
INFO:root:unbatching...
INFO:root:retrieving...
INFO:root:saving obs...
INFO:root:transforming...
INFO:root:saving tokenized inputs...
INFO:root:batching...
INFO:root:sampling...
INFO:root:unbatching...
INFO:root:retrieving...
INFO:root:saving obs...
INFO:root:transforming...
INFO:root:saving tokenized inputs...
INFO:root:batching...
INFO:root:sampling...
INFO:root:unbatching...
INFO:root:retrieving...
INFO:root:saving obs...
INFO:root:transforming...
INFO:root:saving tokenized inputs...
INFO:root:batching...
INFO:root:sampling...
INFO:root:unbatching...
INFO:root:retrieving...
INFO:root:saving obs...
INFO:root:transforming...
INFO:root:saving tokenized inputs...
INFO:root:batching...
INFO:root:sampling...
INFO:root:unbatching...
INFO:root:retrieving...
INFO:root:saving obs...
INFO:root:transforming...
INFO:root:saving tokenized inputs...
INFO:root:batching...
INFO:root:sampling...
INFO:root:unbatching...
INFO:root:retrieving...
INFO:root:saving obs...
INFO:root:transforming...
INFO:root:saving tokenized inputs...
INFO:root:batching...
INFO:root:sampling...
INFO:root:unbatching...
INFO:root:retrieving...
INFO:root:saving obs...
INFO:root:transforming...
INFO:root:saving tokenized inputs...
INFO:root:batching...
INFO:root:sampling...
INFO:root:unbatching...
INFO:root:retrieving...
INFO:root:saving obs...
INFO:root:transforming...
INFO:root:saving tokenized inputs...
INFO:root:batching...
INFO:root:sampling...
INFO:root:unbatching...
INFO:root:retrieving...
INFO:root:saving obs...
INFO:root:transforming...
INFO:root:saving tokenized inputs...
INFO:root:batching...
INFO:root:sampling...
INFO:root:unbatching...
INFO:root:Success: False
INFO:root:# episodes completed so far: 5
INFO:root:# successes: 0 (0.0%)

 50%|█████     | 5/10 [23:29<23:15, 279.19s/it][AINFO:root:
Task: open the middle drawer of the cabinet
INFO:root:Starting episode 6...
INFO:root:retrieving...
INFO:root:saving obs...
INFO:root:transforming...
INFO:root:saving tokenized inputs...
INFO:root:batching...
INFO:root:sampling...
INFO:root:unbatching...
INFO:root:retrieving...
INFO:root:saving obs...
INFO:root:transforming...
INFO:root:saving tokenized inputs...
INFO:root:batching...
INFO:root:sampling...
INFO:root:unbatching...
INFO:root:retrieving...
INFO:root:saving obs...
INFO:root:transforming...
INFO:root:saving tokenized inputs...
INFO:root:batching...
INFO:root:sampling...
INFO:root:unbatching...
INFO:root:retrieving...
INFO:root:saving obs...
INFO:root:transforming...
INFO:root:saving tokenized inputs...
INFO:root:batching...
INFO:root:sampling...
INFO:root:unbatching...
INFO:root:retrieving...
INFO:root:saving obs...
INFO:root:transforming...
INFO:root:saving tokenized inputs...
INFO:root:batching...
INFO:root:sampling...
INFO:root:unbatching...
INFO:root:retrieving...
INFO:root:saving obs...
INFO:root:transforming...
INFO:root:saving tokenized inputs...
INFO:root:batching...
INFO:root:sampling...
INFO:root:unbatching...
INFO:root:retrieving...
INFO:root:saving obs...
INFO:root:transforming...
INFO:root:saving tokenized inputs...
INFO:root:batching...
INFO:root:sampling...
INFO:root:unbatching...
INFO:root:retrieving...
INFO:root:saving obs...
INFO:root:transforming...
INFO:root:saving tokenized inputs...
INFO:root:batching...
INFO:root:sampling...
INFO:root:unbatching...
INFO:root:retrieving...
INFO:root:saving obs...
INFO:root:transforming...
INFO:root:saving tokenized inputs...
INFO:root:batching...
INFO:root:sampling...
INFO:root:unbatching...
INFO:root:retrieving...
INFO:root:saving obs...
INFO:root:transforming...
INFO:root:saving tokenized inputs...
INFO:root:batching...
INFO:root:sampling...
INFO:root:unbatching...
INFO:root:retrieving...
INFO:root:saving obs...
INFO:root:transforming...
INFO:root:saving tokenized inputs...
INFO:root:batching...
INFO:root:sampling...
INFO:root:unbatching...
INFO:root:retrieving...
INFO:root:saving obs...
INFO:root:transforming...
INFO:root:saving tokenized inputs...
INFO:root:batching...
INFO:root:sampling...
INFO:root:unbatching...
INFO:root:retrieving...
INFO:root:saving obs...
INFO:root:transforming...
INFO:root:saving tokenized inputs...
INFO:root:batching...
INFO:root:sampling...
INFO:root:unbatching...
INFO:root:retrieving...
INFO:root:saving obs...
INFO:root:transforming...
INFO:root:saving tokenized inputs...
INFO:root:batching...
INFO:root:sampling...
INFO:root:unbatching...
INFO:root:retrieving...
INFO:root:saving obs...
INFO:root:transforming...
INFO:root:saving tokenized inputs...
INFO:root:batching...
INFO:root:sampling...
INFO:root:unbatching...
INFO:root:retrieving...
INFO:root:saving obs...
INFO:root:transforming...
INFO:root:saving tokenized inputs...
INFO:root:batching...
INFO:root:sampling...
INFO:root:unbatching...
INFO:root:retrieving...
INFO:root:saving obs...
INFO:root:transforming...
INFO:root:saving tokenized inputs...
INFO:root:batching...
INFO:root:sampling...
INFO:root:unbatching...
INFO:root:retrieving...
INFO:root:saving obs...
INFO:root:transforming...
INFO:root:saving tokenized inputs...
INFO:root:batching...
INFO:root:sampling...
INFO:root:unbatching...
INFO:root:retrieving...
INFO:root:saving obs...
INFO:root:transforming...
INFO:root:saving tokenized inputs...
INFO:root:batching...
INFO:root:sampling...
INFO:root:unbatching...
INFO:root:retrieving...
INFO:root:saving obs...
INFO:root:transforming...
INFO:root:saving tokenized inputs...
INFO:root:batching...
INFO:root:sampling...
INFO:root:unbatching...
INFO:root:retrieving...
INFO:root:saving obs...
INFO:root:transforming...
INFO:root:saving tokenized inputs...
INFO:root:batching...
INFO:root:sampling...
INFO:root:unbatching...
INFO:root:retrieving...
INFO:root:saving obs...
INFO:root:transforming...
INFO:root:saving tokenized inputs...
INFO:root:batching...
INFO:root:sampling...
INFO:root:unbatching...
INFO:root:retrieving...
INFO:root:saving obs...
INFO:root:transforming...
INFO:root:saving tokenized inputs...
INFO:root:batching...
INFO:root:sampling...
INFO:root:unbatching...
INFO:root:retrieving...
INFO:root:saving obs...
INFO:root:transforming...
INFO:root:saving tokenized inputs...
INFO:root:batching...
INFO:root:sampling...
INFO:root:unbatching...
INFO:root:retrieving...
INFO:root:saving obs...
INFO:root:transforming...
INFO:root:saving tokenized inputs...
INFO:root:batching...
INFO:root:sampling...
INFO:root:unbatching...
INFO:root:retrieving...
INFO:root:saving obs...
INFO:root:transforming...
INFO:root:saving tokenized inputs...
INFO:root:batching...
INFO:root:sampling...
INFO:root:unbatching...
INFO:root:retrieving...
INFO:root:saving obs...
INFO:root:transforming...
INFO:root:saving tokenized inputs...
INFO:root:batching...
INFO:root:sampling...
INFO:root:unbatching...
INFO:root:retrieving...
INFO:root:saving obs...
INFO:root:transforming...
INFO:root:saving tokenized inputs...
INFO:root:batching...
INFO:root:sampling...
INFO:root:unbatching...
INFO:root:retrieving...
INFO:root:saving obs...
INFO:root:transforming...
INFO:root:saving tokenized inputs...
INFO:root:batching...
INFO:root:sampling...
INFO:root:unbatching...
INFO:root:retrieving...
INFO:root:saving obs...
INFO:root:transforming...
INFO:root:saving tokenized inputs...
INFO:root:batching...
INFO:root:sampling...
INFO:root:unbatching...
INFO:root:retrieving...
INFO:root:saving obs...
INFO:root:transforming...
INFO:root:saving tokenized inputs...
INFO:root:batching...
INFO:root:sampling...
INFO:root:unbatching...
INFO:root:retrieving...
INFO:root:saving obs...
INFO:root:transforming...
INFO:root:saving tokenized inputs...
INFO:root:batching...
INFO:root:sampling...
INFO:root:unbatching...
INFO:root:retrieving...
INFO:root:saving obs...
INFO:root:transforming...
INFO:root:saving tokenized inputs...
INFO:root:batching...
INFO:root:sampling...
INFO:root:unbatching...
INFO:root:retrieving...
INFO:root:saving obs...
INFO:root:transforming...
INFO:root:saving tokenized inputs...
INFO:root:batching...
INFO:root:sampling...
INFO:root:unbatching...
INFO:root:retrieving...
INFO:root:saving obs...
INFO:root:transforming...
INFO:root:saving tokenized inputs...
INFO:root:batching...
INFO:root:sampling...
INFO:root:unbatching...
INFO:root:retrieving...
INFO:root:saving obs...
INFO:root:transforming...
INFO:root:saving tokenized inputs...
INFO:root:batching...
INFO:root:sampling...
INFO:root:unbatching...
INFO:root:retrieving...
INFO:root:saving obs...
INFO:root:transforming...
INFO:root:saving tokenized inputs...
INFO:root:batching...
INFO:root:sampling...
INFO:root:unbatching...
INFO:root:retrieving...
INFO:root:saving obs...
INFO:root:transforming...
INFO:root:saving tokenized inputs...
INFO:root:batching...
INFO:root:sampling...
INFO:root:unbatching...
INFO:root:retrieving...
INFO:root:saving obs...
INFO:root:transforming...
INFO:root:saving tokenized inputs...
INFO:root:batching...
INFO:root:sampling...
INFO:root:unbatching...
INFO:root:retrieving...
INFO:root:saving obs...
INFO:root:transforming...
INFO:root:saving tokenized inputs...
INFO:root:batching...
INFO:root:sampling...
INFO:root:unbatching...
INFO:root:retrieving...
INFO:root:saving obs...
INFO:root:transforming...
INFO:root:saving tokenized inputs...
INFO:root:batching...
INFO:root:sampling...
INFO:root:unbatching...
INFO:root:retrieving...
INFO:root:saving obs...
INFO:root:transforming...
INFO:root:saving tokenized inputs...
INFO:root:batching...
INFO:root:sampling...
INFO:root:unbatching...
INFO:root:retrieving...
INFO:root:saving obs...
INFO:root:transforming...
INFO:root:saving tokenized inputs...
INFO:root:batching...
INFO:root:sampling...
INFO:root:unbatching...
INFO:root:retrieving...
INFO:root:saving obs...
INFO:root:transforming...
INFO:root:saving tokenized inputs...
INFO:root:batching...
INFO:root:sampling...
INFO:root:unbatching...
INFO:root:retrieving...
INFO:root:saving obs...
INFO:root:transforming...
INFO:root:saving tokenized inputs...
INFO:root:batching...
INFO:root:sampling...
INFO:root:unbatching...
INFO:root:retrieving...
INFO:root:saving obs...
INFO:root:transforming...
INFO:root:saving tokenized inputs...
INFO:root:batching...
INFO:root:sampling...
INFO:root:unbatching...
INFO:root:retrieving...
INFO:root:saving obs...
INFO:root:transforming...
INFO:root:saving tokenized inputs...
INFO:root:batching...
INFO:root:sampling...
INFO:root:unbatching...
INFO:root:retrieving...
INFO:root:saving obs...
INFO:root:transforming...
INFO:root:saving tokenized inputs...
INFO:root:batching...
INFO:root:sampling...
INFO:root:unbatching...
INFO:root:retrieving...
INFO:root:saving obs...
INFO:root:transforming...
INFO:root:saving tokenized inputs...
INFO:root:batching...
INFO:root:sampling...
INFO:root:unbatching...
INFO:root:retrieving...
INFO:root:saving obs...
INFO:root:transforming...
INFO:root:saving tokenized inputs...
INFO:root:batching...
INFO:root:sampling...
INFO:root:unbatching...
INFO:root:retrieving...
INFO:root:saving obs...
INFO:root:transforming...
INFO:root:saving tokenized inputs...
INFO:root:batching...
INFO:root:sampling...
INFO:root:unbatching...
INFO:root:retrieving...
INFO:root:saving obs...
INFO:root:transforming...
INFO:root:saving tokenized inputs...
INFO:root:batching...
INFO:root:sampling...
INFO:root:unbatching...
INFO:root:retrieving...
INFO:root:saving obs...
INFO:root:transforming...
INFO:root:saving tokenized inputs...
INFO:root:batching...
INFO:root:sampling...
INFO:root:unbatching...
INFO:root:retrieving...
INFO:root:saving obs...
INFO:root:transforming...
INFO:root:saving tokenized inputs...
INFO:root:batching...
INFO:root:sampling...
INFO:root:unbatching...
INFO:root:retrieving...
INFO:root:saving obs...
INFO:root:transforming...
INFO:root:saving tokenized inputs...
INFO:root:batching...
INFO:root:sampling...
INFO:root:unbatching...
INFO:root:retrieving...
INFO:root:saving obs...
INFO:root:transforming...
INFO:root:saving tokenized inputs...
INFO:root:batching...
INFO:root:sampling...
INFO:root:unbatching...
INFO:root:retrieving...
INFO:root:saving obs...
INFO:root:transforming...
INFO:root:saving tokenized inputs...
INFO:root:batching...
INFO:root:sampling...
INFO:root:unbatching...
INFO:root:retrieving...
INFO:root:saving obs...
INFO:root:transforming...
INFO:root:saving tokenized inputs...
INFO:root:batching...
INFO:root:sampling...
INFO:root:unbatching...
INFO:root:retrieving...
INFO:root:saving obs...
INFO:root:transforming...
INFO:root:saving tokenized inputs...
INFO:root:batching...
INFO:root:sampling...
INFO:root:unbatching...
INFO:root:retrieving...
INFO:root:saving obs...
INFO:root:transforming...
INFO:root:saving tokenized inputs...
INFO:root:batching...
INFO:root:sampling...
INFO:root:unbatching...
INFO:root:Success: False
INFO:root:# episodes completed so far: 6
INFO:root:# successes: 0 (0.0%)

 60%|██████    | 6/10 [27:51<18:14, 273.53s/it][AINFO:root:
Task: open the middle drawer of the cabinet
INFO:root:Starting episode 7...
INFO:root:retrieving...
INFO:root:saving obs...
INFO:root:transforming...
INFO:root:saving tokenized inputs...
INFO:root:batching...
INFO:root:sampling...
INFO:root:unbatching...
INFO:root:retrieving...
INFO:root:saving obs...
INFO:root:transforming...
INFO:root:saving tokenized inputs...
INFO:root:batching...
INFO:root:sampling...
INFO:root:unbatching...
INFO:root:retrieving...
INFO:root:saving obs...
INFO:root:transforming...
INFO:root:saving tokenized inputs...
INFO:root:batching...
INFO:root:sampling...
INFO:root:unbatching...
INFO:root:retrieving...
INFO:root:saving obs...
INFO:root:transforming...
INFO:root:saving tokenized inputs...
INFO:root:batching...
INFO:root:sampling...
INFO:root:unbatching...
INFO:root:retrieving...
INFO:root:saving obs...
INFO:root:transforming...
INFO:root:saving tokenized inputs...
INFO:root:batching...
INFO:root:sampling...
INFO:root:unbatching...
INFO:root:retrieving...
INFO:root:saving obs...
INFO:root:transforming...
INFO:root:saving tokenized inputs...
INFO:root:batching...
INFO:root:sampling...
INFO:root:unbatching...
INFO:root:retrieving...
INFO:root:saving obs...
INFO:root:transforming...
INFO:root:saving tokenized inputs...
INFO:root:batching...
INFO:root:sampling...
INFO:root:unbatching...
INFO:root:retrieving...
INFO:root:saving obs...
INFO:root:transforming...
INFO:root:saving tokenized inputs...
INFO:root:batching...
INFO:root:sampling...
INFO:root:unbatching...
INFO:root:retrieving...
INFO:root:saving obs...
INFO:root:transforming...
INFO:root:saving tokenized inputs...
INFO:root:batching...
INFO:root:sampling...
INFO:root:unbatching...
INFO:root:retrieving...
INFO:root:saving obs...
INFO:root:transforming...
INFO:root:saving tokenized inputs...
INFO:root:batching...
INFO:root:sampling...
INFO:root:unbatching...
INFO:root:retrieving...
INFO:root:saving obs...
INFO:root:transforming...
INFO:root:saving tokenized inputs...
INFO:root:batching...
INFO:root:sampling...
INFO:root:unbatching...
INFO:root:retrieving...
INFO:root:saving obs...
INFO:root:transforming...
INFO:root:saving tokenized inputs...
INFO:root:batching...
INFO:root:sampling...
INFO:root:unbatching...
INFO:root:retrieving...
INFO:root:saving obs...
INFO:root:transforming...
INFO:root:saving tokenized inputs...
INFO:root:batching...
INFO:root:sampling...
INFO:root:unbatching...
INFO:root:retrieving...
INFO:root:saving obs...
INFO:root:transforming...
INFO:root:saving tokenized inputs...
INFO:root:batching...
INFO:root:sampling...
INFO:root:unbatching...
INFO:root:retrieving...
INFO:root:saving obs...
INFO:root:transforming...
INFO:root:saving tokenized inputs...
INFO:root:batching...
INFO:root:sampling...
INFO:root:unbatching...
INFO:root:retrieving...
INFO:root:saving obs...
INFO:root:transforming...
INFO:root:saving tokenized inputs...
INFO:root:batching...
INFO:root:sampling...
INFO:root:unbatching...
INFO:root:retrieving...
INFO:root:saving obs...
INFO:root:transforming...
INFO:root:saving tokenized inputs...
INFO:root:batching...
INFO:root:sampling...
INFO:root:unbatching...
INFO:root:retrieving...
INFO:root:saving obs...
INFO:root:transforming...
INFO:root:saving tokenized inputs...
INFO:root:batching...
INFO:root:sampling...
INFO:root:unbatching...
INFO:root:retrieving...
INFO:root:saving obs...
INFO:root:transforming...
INFO:root:saving tokenized inputs...
INFO:root:batching...
INFO:root:sampling...
INFO:root:unbatching...
INFO:root:retrieving...
INFO:root:saving obs...
INFO:root:transforming...
INFO:root:saving tokenized inputs...
INFO:root:batching...
INFO:root:sampling...
INFO:root:unbatching...
INFO:root:retrieving...
INFO:root:saving obs...
INFO:root:transforming...
INFO:root:saving tokenized inputs...
INFO:root:batching...
INFO:root:sampling...
INFO:root:unbatching...
INFO:root:retrieving...
INFO:root:saving obs...
INFO:root:transforming...
INFO:root:saving tokenized inputs...
INFO:root:batching...
INFO:root:sampling...
INFO:root:unbatching...
INFO:root:retrieving...
INFO:root:saving obs...
INFO:root:transforming...
INFO:root:saving tokenized inputs...
INFO:root:batching...
INFO:root:sampling...
INFO:root:unbatching...
INFO:root:retrieving...
INFO:root:saving obs...
INFO:root:transforming...
INFO:root:saving tokenized inputs...
INFO:root:batching...
INFO:root:sampling...
INFO:root:unbatching...
INFO:root:retrieving...
INFO:root:saving obs...
INFO:root:transforming...
INFO:root:saving tokenized inputs...
INFO:root:batching...
INFO:root:sampling...
INFO:root:unbatching...
INFO:root:retrieving...
INFO:root:saving obs...
INFO:root:transforming...
INFO:root:saving tokenized inputs...
INFO:root:batching...
INFO:root:sampling...
INFO:root:unbatching...
INFO:root:retrieving...
INFO:root:saving obs...
INFO:root:transforming...
INFO:root:saving tokenized inputs...
INFO:root:batching...
INFO:root:sampling...
INFO:root:unbatching...
INFO:root:retrieving...
INFO:root:saving obs...
INFO:root:transforming...
INFO:root:saving tokenized inputs...
INFO:root:batching...
INFO:root:sampling...
INFO:root:unbatching...
INFO:root:retrieving...
INFO:root:saving obs...
INFO:root:transforming...
INFO:root:saving tokenized inputs...
INFO:root:batching...
INFO:root:sampling...
INFO:root:unbatching...
INFO:root:retrieving...
INFO:root:saving obs...
INFO:root:transforming...
INFO:root:saving tokenized inputs...
INFO:root:batching...
INFO:root:sampling...
INFO:root:unbatching...
INFO:root:retrieving...
INFO:root:saving obs...
INFO:root:transforming...
INFO:root:saving tokenized inputs...
INFO:root:batching...
INFO:root:sampling...
INFO:root:unbatching...
INFO:root:retrieving...
INFO:root:saving obs...
INFO:root:transforming...
INFO:root:saving tokenized inputs...
INFO:root:batching...
INFO:root:sampling...
INFO:root:unbatching...
INFO:root:retrieving...
INFO:root:saving obs...
INFO:root:transforming...
INFO:root:saving tokenized inputs...
INFO:root:batching...
INFO:root:sampling...
INFO:root:unbatching...
INFO:root:retrieving...
INFO:root:saving obs...
INFO:root:transforming...
INFO:root:saving tokenized inputs...
INFO:root:batching...
INFO:root:sampling...
INFO:root:unbatching...
INFO:root:retrieving...
INFO:root:saving obs...
INFO:root:transforming...
INFO:root:saving tokenized inputs...
INFO:root:batching...
INFO:root:sampling...
INFO:root:unbatching...
INFO:root:retrieving...
INFO:root:saving obs...
INFO:root:transforming...
INFO:root:saving tokenized inputs...
INFO:root:batching...
INFO:root:sampling...
INFO:root:unbatching...
INFO:root:retrieving...
INFO:root:saving obs...
INFO:root:transforming...
INFO:root:saving tokenized inputs...
INFO:root:batching...
INFO:root:sampling...
INFO:root:unbatching...
INFO:root:retrieving...
INFO:root:saving obs...
INFO:root:transforming...
INFO:root:saving tokenized inputs...
INFO:root:batching...
INFO:root:sampling...
INFO:root:unbatching...
INFO:root:retrieving...
INFO:root:saving obs...
INFO:root:transforming...
INFO:root:saving tokenized inputs...
INFO:root:batching...
INFO:root:sampling...
INFO:root:unbatching...
INFO:root:retrieving...
INFO:root:saving obs...
INFO:root:transforming...
INFO:root:saving tokenized inputs...
INFO:root:batching...
INFO:root:sampling...
INFO:root:unbatching...
INFO:root:retrieving...
INFO:root:saving obs...
INFO:root:transforming...
INFO:root:saving tokenized inputs...
INFO:root:batching...
INFO:root:sampling...
INFO:root:unbatching...
INFO:root:retrieving...
INFO:root:saving obs...
INFO:root:transforming...
INFO:root:saving tokenized inputs...
INFO:root:batching...
INFO:root:sampling...
INFO:root:unbatching...
INFO:root:retrieving...
INFO:root:saving obs...
INFO:root:transforming...
INFO:root:saving tokenized inputs...
INFO:root:batching...
INFO:root:sampling...
INFO:root:unbatching...
INFO:root:retrieving...
INFO:root:saving obs...
INFO:root:transforming...
INFO:root:saving tokenized inputs...
INFO:root:batching...
INFO:root:sampling...
INFO:root:unbatching...
INFO:root:retrieving...
INFO:root:saving obs...
INFO:root:transforming...
INFO:root:saving tokenized inputs...
INFO:root:batching...
INFO:root:sampling...
INFO:root:unbatching...
INFO:root:retrieving...
INFO:root:saving obs...
INFO:root:transforming...
INFO:root:saving tokenized inputs...
INFO:root:batching...
INFO:root:sampling...
INFO:root:unbatching...
INFO:root:retrieving...
INFO:root:saving obs...
INFO:root:transforming...
INFO:root:saving tokenized inputs...
INFO:root:batching...
INFO:root:sampling...
INFO:root:unbatching...
INFO:root:retrieving...
INFO:root:saving obs...
INFO:root:transforming...
INFO:root:saving tokenized inputs...
INFO:root:batching...
INFO:root:sampling...
INFO:root:unbatching...
INFO:root:retrieving...
INFO:root:saving obs...
INFO:root:transforming...
INFO:root:saving tokenized inputs...
INFO:root:batching...
INFO:root:sampling...
INFO:root:unbatching...
INFO:root:retrieving...
INFO:root:saving obs...
INFO:root:transforming...
INFO:root:saving tokenized inputs...
INFO:root:batching...
INFO:root:sampling...
INFO:root:unbatching...
INFO:root:retrieving...
INFO:root:saving obs...
INFO:root:transforming...
INFO:root:saving tokenized inputs...
INFO:root:batching...
INFO:root:sampling...
INFO:root:unbatching...
INFO:root:retrieving...
INFO:root:saving obs...
INFO:root:transforming...
INFO:root:saving tokenized inputs...
INFO:root:batching...
INFO:root:sampling...
INFO:root:unbatching...
INFO:root:retrieving...
INFO:root:saving obs...
INFO:root:transforming...
INFO:root:saving tokenized inputs...
INFO:root:batching...
INFO:root:sampling...
INFO:root:unbatching...
INFO:root:retrieving...
INFO:root:saving obs...
INFO:root:transforming...
INFO:root:saving tokenized inputs...
INFO:root:batching...
INFO:root:sampling...
INFO:root:unbatching...
INFO:root:retrieving...
INFO:root:saving obs...
INFO:root:transforming...
INFO:root:saving tokenized inputs...
INFO:root:batching...
INFO:root:sampling...
INFO:root:unbatching...
INFO:root:retrieving...
INFO:root:saving obs...
INFO:root:transforming...
INFO:root:saving tokenized inputs...
INFO:root:batching...
INFO:root:sampling...
INFO:root:unbatching...
INFO:root:retrieving...
INFO:root:saving obs...
INFO:root:transforming...
INFO:root:saving tokenized inputs...
INFO:root:batching...
INFO:root:sampling...
INFO:root:unbatching...
INFO:root:retrieving...
INFO:root:saving obs...
INFO:root:transforming...
INFO:root:saving tokenized inputs...
INFO:root:batching...
INFO:root:sampling...
INFO:root:unbatching...
INFO:root:retrieving...
INFO:root:saving obs...
INFO:root:transforming...
INFO:root:saving tokenized inputs...
INFO:root:batching...
INFO:root:sampling...
INFO:root:unbatching...
INFO:root:retrieving...
INFO:root:saving obs...
INFO:root:transforming...
INFO:root:saving tokenized inputs...
INFO:root:batching...
INFO:root:sampling...
INFO:root:unbatching...
INFO:root:Success: False
INFO:root:# episodes completed so far: 7
INFO:root:# successes: 0 (0.0%)

 70%|███████   | 7/10 [32:36<13:51, 277.32s/it][AINFO:root:
Task: open the middle drawer of the cabinet
INFO:root:Starting episode 8...
INFO:root:retrieving...
INFO:root:saving obs...
INFO:root:transforming...
INFO:root:saving tokenized inputs...
INFO:root:batching...
INFO:root:sampling...
INFO:root:unbatching...
INFO:root:retrieving...
INFO:root:saving obs...
INFO:root:transforming...
INFO:root:saving tokenized inputs...
INFO:root:batching...
INFO:root:sampling...
INFO:root:unbatching...
INFO:root:retrieving...
INFO:root:saving obs...
INFO:root:transforming...
INFO:root:saving tokenized inputs...
INFO:root:batching...
INFO:root:sampling...
INFO:root:unbatching...
INFO:root:retrieving...
INFO:root:saving obs...
INFO:root:transforming...
INFO:root:saving tokenized inputs...
INFO:root:batching...
INFO:root:sampling...
INFO:root:unbatching...
INFO:root:retrieving...
INFO:root:saving obs...
INFO:root:transforming...
INFO:root:saving tokenized inputs...
INFO:root:batching...
INFO:root:sampling...
INFO:root:unbatching...
INFO:root:retrieving...
INFO:root:saving obs...
INFO:root:transforming...
INFO:root:saving tokenized inputs...
INFO:root:batching...
INFO:root:sampling...
INFO:root:unbatching...
INFO:root:retrieving...
INFO:root:saving obs...
INFO:root:transforming...
INFO:root:saving tokenized inputs...
INFO:root:batching...
INFO:root:sampling...
INFO:root:unbatching...
INFO:root:retrieving...
INFO:root:saving obs...
INFO:root:transforming...
INFO:root:saving tokenized inputs...
INFO:root:batching...
INFO:root:sampling...
INFO:root:unbatching...
INFO:root:retrieving...
INFO:root:saving obs...
INFO:root:transforming...
INFO:root:saving tokenized inputs...
INFO:root:batching...
INFO:root:sampling...
INFO:root:unbatching...
INFO:root:retrieving...
INFO:root:saving obs...
INFO:root:transforming...
INFO:root:saving tokenized inputs...
INFO:root:batching...
INFO:root:sampling...
INFO:root:unbatching...
INFO:root:retrieving...
INFO:root:saving obs...
INFO:root:transforming...
INFO:root:saving tokenized inputs...
INFO:root:batching...
INFO:root:sampling...
INFO:root:unbatching...
INFO:root:retrieving...
INFO:root:saving obs...
INFO:root:transforming...
INFO:root:saving tokenized inputs...
INFO:root:batching...
INFO:root:sampling...
INFO:root:unbatching...
INFO:root:retrieving...
INFO:root:saving obs...
INFO:root:transforming...
INFO:root:saving tokenized inputs...
INFO:root:batching...
INFO:root:sampling...
INFO:root:unbatching...
INFO:root:retrieving...
INFO:root:saving obs...
INFO:root:transforming...
INFO:root:saving tokenized inputs...
INFO:root:batching...
INFO:root:sampling...
INFO:root:unbatching...
INFO:root:retrieving...
INFO:root:saving obs...
INFO:root:transforming...
INFO:root:saving tokenized inputs...
INFO:root:batching...
INFO:root:sampling...
INFO:root:unbatching...
INFO:root:retrieving...
INFO:root:saving obs...
INFO:root:transforming...
INFO:root:saving tokenized inputs...
INFO:root:batching...
INFO:root:sampling...
INFO:root:unbatching...
INFO:root:retrieving...
INFO:root:saving obs...
INFO:root:transforming...
INFO:root:saving tokenized inputs...
INFO:root:batching...
INFO:root:sampling...
INFO:root:unbatching...
INFO:root:retrieving...
INFO:root:saving obs...
INFO:root:transforming...
INFO:root:saving tokenized inputs...
INFO:root:batching...
INFO:root:sampling...
INFO:root:unbatching...
INFO:root:retrieving...
INFO:root:saving obs...
INFO:root:transforming...
INFO:root:saving tokenized inputs...
INFO:root:batching...
INFO:root:sampling...
INFO:root:unbatching...
INFO:root:retrieving...
INFO:root:saving obs...
INFO:root:transforming...
INFO:root:saving tokenized inputs...
INFO:root:batching...
INFO:root:sampling...
INFO:root:unbatching...
INFO:root:retrieving...
INFO:root:saving obs...
INFO:root:transforming...
INFO:root:saving tokenized inputs...
INFO:root:batching...
INFO:root:sampling...
INFO:root:unbatching...
INFO:root:retrieving...
INFO:root:saving obs...
INFO:root:transforming...
INFO:root:saving tokenized inputs...
INFO:root:batching...
INFO:root:sampling...
INFO:root:unbatching...
INFO:root:retrieving...
INFO:root:saving obs...
INFO:root:transforming...
INFO:root:saving tokenized inputs...
INFO:root:batching...
INFO:root:sampling...
INFO:root:unbatching...
INFO:root:retrieving...
INFO:root:saving obs...
INFO:root:transforming...
INFO:root:saving tokenized inputs...
INFO:root:batching...
INFO:root:sampling...
INFO:root:unbatching...
INFO:root:retrieving...
INFO:root:saving obs...
INFO:root:transforming...
INFO:root:saving tokenized inputs...
INFO:root:batching...
INFO:root:sampling...
INFO:root:unbatching...
INFO:root:retrieving...
INFO:root:saving obs...
INFO:root:transforming...
INFO:root:saving tokenized inputs...
INFO:root:batching...
INFO:root:sampling...
INFO:root:unbatching...
INFO:root:retrieving...
INFO:root:saving obs...
INFO:root:transforming...
INFO:root:saving tokenized inputs...
INFO:root:batching...
INFO:root:sampling...
INFO:root:unbatching...
INFO:root:retrieving...
INFO:root:saving obs...
INFO:root:transforming...
INFO:root:saving tokenized inputs...
INFO:root:batching...
INFO:root:sampling...
INFO:root:unbatching...
INFO:root:retrieving...
INFO:root:saving obs...
INFO:root:transforming...
INFO:root:saving tokenized inputs...
INFO:root:batching...
INFO:root:sampling...
INFO:root:unbatching...
INFO:root:retrieving...
INFO:root:saving obs...
INFO:root:transforming...
INFO:root:saving tokenized inputs...
INFO:root:batching...
INFO:root:sampling...
INFO:root:unbatching...
INFO:root:retrieving...
INFO:root:saving obs...
INFO:root:transforming...
INFO:root:saving tokenized inputs...
INFO:root:batching...
INFO:root:sampling...
INFO:root:unbatching...
INFO:root:retrieving...
INFO:root:saving obs...
INFO:root:transforming...
INFO:root:saving tokenized inputs...
INFO:root:batching...
INFO:root:sampling...
INFO:root:unbatching...
INFO:root:retrieving...
INFO:root:saving obs...
INFO:root:transforming...
INFO:root:saving tokenized inputs...
INFO:root:batching...
INFO:root:sampling...
INFO:root:unbatching...
INFO:root:retrieving...
INFO:root:saving obs...
INFO:root:transforming...
INFO:root:saving tokenized inputs...
INFO:root:batching...
INFO:root:sampling...
INFO:root:unbatching...
INFO:root:retrieving...
INFO:root:saving obs...
INFO:root:transforming...
INFO:root:saving tokenized inputs...
INFO:root:batching...
INFO:root:sampling...
INFO:root:unbatching...
INFO:root:retrieving...
INFO:root:saving obs...
INFO:root:transforming...
INFO:root:saving tokenized inputs...
INFO:root:batching...
INFO:root:sampling...
INFO:root:unbatching...
INFO:root:retrieving...
INFO:root:saving obs...
INFO:root:transforming...
INFO:root:saving tokenized inputs...
INFO:root:batching...
INFO:root:sampling...
INFO:root:unbatching...
INFO:root:retrieving...
INFO:root:saving obs...
INFO:root:transforming...
INFO:root:saving tokenized inputs...
INFO:root:batching...
INFO:root:sampling...
INFO:root:unbatching...
INFO:root:retrieving...
INFO:root:saving obs...
INFO:root:transforming...
INFO:root:saving tokenized inputs...
INFO:root:batching...
INFO:root:sampling...
INFO:root:unbatching...
INFO:root:retrieving...
INFO:root:saving obs...
INFO:root:transforming...
INFO:root:saving tokenized inputs...
INFO:root:batching...
INFO:root:sampling...
INFO:root:unbatching...
INFO:root:retrieving...
INFO:root:saving obs...
INFO:root:transforming...
INFO:root:saving tokenized inputs...
INFO:root:batching...
INFO:root:sampling...
INFO:root:unbatching...
INFO:root:retrieving...
INFO:root:saving obs...
INFO:root:transforming...
INFO:root:saving tokenized inputs...
INFO:root:batching...
INFO:root:sampling...
INFO:root:unbatching...
INFO:root:retrieving...
INFO:root:saving obs...
INFO:root:transforming...
INFO:root:saving tokenized inputs...
INFO:root:batching...
INFO:root:sampling...
INFO:root:unbatching...
INFO:root:retrieving...
INFO:root:saving obs...
INFO:root:transforming...
INFO:root:saving tokenized inputs...
INFO:root:batching...
INFO:root:sampling...
INFO:root:unbatching...
INFO:root:retrieving...
INFO:root:saving obs...
INFO:root:transforming...
INFO:root:saving tokenized inputs...
INFO:root:batching...
INFO:root:sampling...
INFO:root:unbatching...
INFO:root:retrieving...
INFO:root:saving obs...
INFO:root:transforming...
INFO:root:saving tokenized inputs...
INFO:root:batching...
INFO:root:sampling...
INFO:root:unbatching...
INFO:root:retrieving...
INFO:root:saving obs...
INFO:root:transforming...
INFO:root:saving tokenized inputs...
INFO:root:batching...
INFO:root:sampling...
INFO:root:unbatching...
INFO:root:retrieving...
INFO:root:saving obs...
INFO:root:transforming...
INFO:root:saving tokenized inputs...
INFO:root:batching...
INFO:root:sampling...
INFO:root:unbatching...
INFO:root:retrieving...
INFO:root:saving obs...
INFO:root:transforming...
INFO:root:saving tokenized inputs...
INFO:root:batching...
INFO:root:sampling...
INFO:root:unbatching...
INFO:root:retrieving...
INFO:root:saving obs...
INFO:root:transforming...
INFO:root:saving tokenized inputs...
INFO:root:batching...
INFO:root:sampling...
INFO:root:unbatching...
INFO:root:retrieving...
INFO:root:saving obs...
INFO:root:transforming...
INFO:root:saving tokenized inputs...
INFO:root:batching...
INFO:root:sampling...
INFO:root:unbatching...
INFO:root:retrieving...
INFO:root:saving obs...
INFO:root:transforming...
INFO:root:saving tokenized inputs...
INFO:root:batching...
INFO:root:sampling...
INFO:root:unbatching...
INFO:root:retrieving...
INFO:root:saving obs...
INFO:root:transforming...
INFO:root:saving tokenized inputs...
INFO:root:batching...
INFO:root:sampling...
INFO:root:unbatching...
INFO:root:retrieving...
INFO:root:saving obs...
INFO:root:transforming...
INFO:root:saving tokenized inputs...
INFO:root:batching...
INFO:root:sampling...
INFO:root:unbatching...
INFO:root:retrieving...
INFO:root:saving obs...
INFO:root:transforming...
INFO:root:saving tokenized inputs...
INFO:root:batching...
INFO:root:sampling...
INFO:root:unbatching...
INFO:root:retrieving...
INFO:root:saving obs...
INFO:root:transforming...
INFO:root:saving tokenized inputs...
INFO:root:batching...
INFO:root:sampling...
INFO:root:unbatching...
INFO:root:retrieving...
INFO:root:saving obs...
INFO:root:transforming...
INFO:root:saving tokenized inputs...
INFO:root:batching...
INFO:root:sampling...
INFO:root:unbatching...
INFO:root:retrieving...
INFO:root:saving obs...
INFO:root:transforming...
INFO:root:saving tokenized inputs...
INFO:root:batching...
INFO:root:sampling...
INFO:root:unbatching...
INFO:root:retrieving...
INFO:root:saving obs...
INFO:root:transforming...
INFO:root:saving tokenized inputs...
INFO:root:batching...
INFO:root:sampling...
INFO:root:unbatching...
INFO:root:retrieving...
INFO:root:saving obs...
INFO:root:transforming...
INFO:root:saving tokenized inputs...
INFO:root:batching...
INFO:root:sampling...
INFO:root:unbatching...
INFO:root:Success: False
INFO:root:# episodes completed so far: 8
INFO:root:# successes: 0 (0.0%)

 80%|████████  | 8/10 [37:21<09:19, 279.69s/it][AINFO:root:
Task: open the middle drawer of the cabinet
INFO:root:Starting episode 9...
INFO:root:retrieving...
INFO:root:saving obs...
INFO:root:transforming...
INFO:root:saving tokenized inputs...
INFO:root:batching...
INFO:root:sampling...
INFO:root:unbatching...
INFO:root:retrieving...
INFO:root:saving obs...
INFO:root:transforming...
INFO:root:saving tokenized inputs...
INFO:root:batching...
INFO:root:sampling...
INFO:root:unbatching...
INFO:root:retrieving...
INFO:root:saving obs...
INFO:root:transforming...
INFO:root:saving tokenized inputs...
INFO:root:batching...
INFO:root:sampling...
INFO:root:unbatching...
INFO:root:retrieving...
INFO:root:saving obs...
INFO:root:transforming...
INFO:root:saving tokenized inputs...
INFO:root:batching...
INFO:root:sampling...
INFO:root:unbatching...
INFO:root:retrieving...
INFO:root:saving obs...
INFO:root:transforming...
INFO:root:saving tokenized inputs...
INFO:root:batching...
INFO:root:sampling...
INFO:root:unbatching...
INFO:root:retrieving...
INFO:root:saving obs...
INFO:root:transforming...
INFO:root:saving tokenized inputs...
INFO:root:batching...
INFO:root:sampling...
INFO:root:unbatching...
INFO:root:retrieving...
INFO:root:saving obs...
INFO:root:transforming...
INFO:root:saving tokenized inputs...
INFO:root:batching...
INFO:root:sampling...
INFO:root:unbatching...
INFO:root:retrieving...
INFO:root:saving obs...
INFO:root:transforming...
INFO:root:saving tokenized inputs...
INFO:root:batching...
INFO:root:sampling...
INFO:root:unbatching...
INFO:root:retrieving...
INFO:root:saving obs...
INFO:root:transforming...
INFO:root:saving tokenized inputs...
INFO:root:batching...
INFO:root:sampling...
INFO:root:unbatching...
INFO:root:retrieving...
INFO:root:saving obs...
INFO:root:transforming...
INFO:root:saving tokenized inputs...
INFO:root:batching...
INFO:root:sampling...
INFO:root:unbatching...
INFO:root:retrieving...
INFO:root:saving obs...
INFO:root:transforming...
INFO:root:saving tokenized inputs...
INFO:root:batching...
INFO:root:sampling...
INFO:root:unbatching...
INFO:root:retrieving...
INFO:root:saving obs...
INFO:root:transforming...
INFO:root:saving tokenized inputs...
INFO:root:batching...
INFO:root:sampling...
INFO:root:unbatching...
INFO:root:retrieving...
INFO:root:saving obs...
INFO:root:transforming...
INFO:root:saving tokenized inputs...
INFO:root:batching...
INFO:root:sampling...
INFO:root:unbatching...
INFO:root:retrieving...
INFO:root:saving obs...
INFO:root:transforming...
INFO:root:saving tokenized inputs...
INFO:root:batching...
INFO:root:sampling...
INFO:root:unbatching...
INFO:root:retrieving...
INFO:root:saving obs...
INFO:root:transforming...
INFO:root:saving tokenized inputs...
INFO:root:batching...
INFO:root:sampling...
INFO:root:unbatching...
INFO:root:retrieving...
INFO:root:saving obs...
INFO:root:transforming...
INFO:root:saving tokenized inputs...
INFO:root:batching...
INFO:root:sampling...
INFO:root:unbatching...
INFO:root:retrieving...
INFO:root:saving obs...
INFO:root:transforming...
INFO:root:saving tokenized inputs...
INFO:root:batching...
INFO:root:sampling...
INFO:root:unbatching...
INFO:root:retrieving...
INFO:root:saving obs...
INFO:root:transforming...
INFO:root:saving tokenized inputs...
INFO:root:batching...
INFO:root:sampling...
INFO:root:unbatching...
INFO:root:retrieving...
INFO:root:saving obs...
INFO:root:transforming...
INFO:root:saving tokenized inputs...
INFO:root:batching...
INFO:root:sampling...
INFO:root:unbatching...
INFO:root:retrieving...
INFO:root:saving obs...
INFO:root:transforming...
INFO:root:saving tokenized inputs...
INFO:root:batching...
INFO:root:sampling...
INFO:root:unbatching...
INFO:root:retrieving...
INFO:root:saving obs...
INFO:root:transforming...
INFO:root:saving tokenized inputs...
INFO:root:batching...
INFO:root:sampling...
INFO:root:unbatching...
INFO:root:retrieving...
INFO:root:saving obs...
INFO:root:transforming...
INFO:root:saving tokenized inputs...
INFO:root:batching...
INFO:root:sampling...
INFO:root:unbatching...
INFO:root:retrieving...
INFO:root:saving obs...
INFO:root:transforming...
INFO:root:saving tokenized inputs...
INFO:root:batching...
INFO:root:sampling...
INFO:root:unbatching...
INFO:root:retrieving...
INFO:root:saving obs...
INFO:root:transforming...
INFO:root:saving tokenized inputs...
INFO:root:batching...
INFO:root:sampling...
INFO:root:unbatching...
INFO:root:retrieving...
INFO:root:saving obs...
INFO:root:transforming...
INFO:root:saving tokenized inputs...
INFO:root:batching...
INFO:root:sampling...
INFO:root:unbatching...
INFO:root:retrieving...
INFO:root:saving obs...
INFO:root:transforming...
INFO:root:saving tokenized inputs...
INFO:root:batching...
INFO:root:sampling...
INFO:root:unbatching...
INFO:root:retrieving...
INFO:root:saving obs...
INFO:root:transforming...
INFO:root:saving tokenized inputs...
INFO:root:batching...
INFO:root:sampling...
INFO:root:unbatching...
INFO:root:retrieving...
INFO:root:saving obs...
INFO:root:transforming...
INFO:root:saving tokenized inputs...
INFO:root:batching...
INFO:root:sampling...
INFO:root:unbatching...
INFO:root:retrieving...
INFO:root:saving obs...
INFO:root:transforming...
INFO:root:saving tokenized inputs...
INFO:root:batching...
INFO:root:sampling...
INFO:root:unbatching...
INFO:root:retrieving...
INFO:root:saving obs...
INFO:root:transforming...
INFO:root:saving tokenized inputs...
INFO:root:batching...
INFO:root:sampling...
INFO:root:unbatching...
INFO:root:retrieving...
INFO:root:saving obs...
INFO:root:transforming...
INFO:root:saving tokenized inputs...
INFO:root:batching...
INFO:root:sampling...
INFO:root:unbatching...
INFO:root:retrieving...
INFO:root:saving obs...
INFO:root:transforming...
INFO:root:saving tokenized inputs...
INFO:root:batching...
INFO:root:sampling...
INFO:root:unbatching...
INFO:root:retrieving...
INFO:root:saving obs...
INFO:root:transforming...
INFO:root:saving tokenized inputs...
INFO:root:batching...
INFO:root:sampling...
INFO:root:unbatching...
INFO:root:retrieving...
INFO:root:saving obs...
INFO:root:transforming...
INFO:root:saving tokenized inputs...
INFO:root:batching...
INFO:root:sampling...
INFO:root:unbatching...
INFO:root:retrieving...
INFO:root:saving obs...
INFO:root:transforming...
INFO:root:saving tokenized inputs...
INFO:root:batching...
INFO:root:sampling...
INFO:root:unbatching...
INFO:root:retrieving...
INFO:root:saving obs...
INFO:root:transforming...
INFO:root:saving tokenized inputs...
INFO:root:batching...
INFO:root:sampling...
INFO:root:unbatching...
INFO:root:retrieving...
INFO:root:saving obs...
INFO:root:transforming...
INFO:root:saving tokenized inputs...
INFO:root:batching...
INFO:root:sampling...
INFO:root:unbatching...
INFO:root:retrieving...
INFO:root:saving obs...
INFO:root:transforming...
INFO:root:saving tokenized inputs...
INFO:root:batching...
INFO:root:sampling...
INFO:root:unbatching...
INFO:root:retrieving...
INFO:root:saving obs...
INFO:root:transforming...
INFO:root:saving tokenized inputs...
INFO:root:batching...
INFO:root:sampling...
INFO:root:unbatching...
