count_collected_demos: 216956
len_dataset: 216956
max distance value: 214.90545654296875
Total Parameters: 2923.0M
Trainable Parameters: 2508.0M
Trainable Parameters %: 85.81%
Total Parameters: 2923.0M
Trainable Parameters: 2508.0M
Trainable Parameters %: 85.81%
decode_indices shape: (895,)
first_targets shape: (16, 90, 257152)
input_token_embeddings shape: (16, 3460, 2048)
attn_mask shape: (16, 3460, 3460)
loss_mask shape: (16, 179)
targets shape: (16, 179, 257152)
pre_logits shape: (16, 3459, 2048)
logits shape: (16, 179, 257152)
new_logits shape: (16, 179, 257152)
logp shape: (16, 179, 257152)
token_pplx shape: (16, 179)
loss shape: (16,)
Step 0: grad_norm=82.30136108398438, loss=7.110974311828613, param_norm=1665.177490234375
Step 1: grad_norm=84.11129760742188, loss=7.099617958068848, param_norm=1665.177490234375
Step 2: grad_norm=83.69326782226562, loss=7.017064571380615, param_norm=1665.177490234375
Step 3: grad_norm=65.42461395263672, loss=6.93260383605957, param_norm=1665.177490234375
Step 4: grad_norm=55.20392608642578, loss=6.696132659912109, param_norm=1665.177490234375
Step 5: grad_norm=48.38284683227539, loss=6.21755313873291, param_norm=1665.177490234375
Step 6: grad_norm=41.533897399902344, loss=6.2280755043029785, param_norm=1665.1776123046875
Step 7: grad_norm=39.61259841918945, loss=5.9642252922058105, param_norm=1665.177490234375
Step 8: grad_norm=33.63703155517578, loss=5.814691543579102, param_norm=1665.177490234375
Step 9: grad_norm=27.93329620361328, loss=5.82061767578125, param_norm=1665.177490234375
Step 10: grad_norm=29.35854148864746, loss=5.5727219581604, param_norm=1665.177490234375
Step 11: grad_norm=17.826581954956055, loss=5.611550331115723, param_norm=1665.177490234375
Step 12: grad_norm=26.690662384033203, loss=5.325466156005859, param_norm=1665.177490234375
Step 13: grad_norm=20.628414154052734, loss=5.541131973266602, param_norm=1665.177490234375
Step 14: grad_norm=19.96207046508789, loss=5.143535137176514, param_norm=1665.177490234375
Step 15: grad_norm=16.44752311706543, loss=5.076348304748535, param_norm=1665.177490234375
Step 16: grad_norm=17.157894134521484, loss=5.081155776977539, param_norm=1665.177490234375
Step 17: grad_norm=15.523975372314453, loss=4.95848274230957, param_norm=1665.177490234375
Step 18: grad_norm=10.013306617736816, loss=5.139133453369141, param_norm=1665.177490234375
Step 19: grad_norm=11.430924415588379, loss=5.075599670410156, param_norm=1665.177490234375
Step 20: grad_norm=12.014756202697754, loss=4.940289497375488, param_norm=1665.177490234375
Step 21: grad_norm=12.310483932495117, loss=4.924459457397461, param_norm=1665.177490234375
Step 22: grad_norm=13.433860778808594, loss=4.897640228271484, param_norm=1665.177490234375
Step 23: grad_norm=11.702589988708496, loss=4.988645553588867, param_norm=1665.177490234375
Step 24: grad_norm=14.976921081542969, loss=4.909682273864746, param_norm=1665.177490234375
Step 25: grad_norm=9.342097282409668, loss=4.8932695388793945, param_norm=1665.177490234375
Step 26: grad_norm=10.748205184936523, loss=4.876458168029785, param_norm=1665.177490234375
Step 27: grad_norm=12.917498588562012, loss=4.81450080871582, param_norm=1665.177490234375
Step 28: grad_norm=11.24279499053955, loss=4.893811225891113, param_norm=1665.177490234375
Step 29: grad_norm=13.273880004882812, loss=4.699219703674316, param_norm=1665.177490234375
Step 30: grad_norm=10.566089630126953, loss=4.97554874420166, param_norm=1665.177490234375
Step 31: grad_norm=13.236085891723633, loss=4.929380893707275, param_norm=1665.177490234375
Step 32: grad_norm=9.050217628479004, loss=4.668232440948486, param_norm=1665.177490234375
Step 33: grad_norm=10.546749114990234, loss=4.780398368835449, param_norm=1665.177490234375
Step 34: grad_norm=9.675844192504883, loss=4.693889617919922, param_norm=1665.177490234375
Step 35: grad_norm=8.713689804077148, loss=4.603547096252441, param_norm=1665.177490234375
Step 36: grad_norm=9.060446739196777, loss=4.8285112380981445, param_norm=1665.177490234375
Step 37: grad_norm=11.378938674926758, loss=4.650778770446777, param_norm=1665.177490234375
Step 38: grad_norm=13.199042320251465, loss=4.687435626983643, param_norm=1665.177490234375
Step 39: grad_norm=9.854081153869629, loss=4.609498500823975, param_norm=1665.177490234375
Step 40: grad_norm=11.050079345703125, loss=4.584455490112305, param_norm=1665.177490234375
Step 41: grad_norm=12.358238220214844, loss=4.553818702697754, param_norm=1665.177490234375
Step 42: grad_norm=10.785334587097168, loss=4.667978286743164, param_norm=1665.177490234375
Step 43: grad_norm=11.711148262023926, loss=4.491820335388184, param_norm=1665.177490234375
Step 44: grad_norm=9.773920059204102, loss=4.620023250579834, param_norm=1665.177490234375
Step 45: grad_norm=13.193063735961914, loss=4.689085006713867, param_norm=1665.177490234375
Step 46: grad_norm=15.96733570098877, loss=4.434616565704346, param_norm=1665.177490234375
Step 47: grad_norm=10.41377067565918, loss=4.4395880699157715, param_norm=1665.177490234375
Step 48: grad_norm=14.114633560180664, loss=4.714970588684082, param_norm=1665.1776123046875
Step 49: grad_norm=8.556112289428711, loss=4.436769485473633, param_norm=1665.177490234375
Step 50: grad_norm=10.472060203552246, loss=4.558548450469971, param_norm=1665.177490234375
Step 51: grad_norm=10.06434440612793, loss=4.439668655395508, param_norm=1665.177490234375
Step 52: grad_norm=9.185861587524414, loss=4.421372413635254, param_norm=1665.177490234375
Step 53: grad_norm=13.743483543395996, loss=4.55989933013916, param_norm=1665.1776123046875
Step 54: grad_norm=9.80113697052002, loss=4.600327968597412, param_norm=1665.1776123046875
Step 55: grad_norm=12.598405838012695, loss=4.297367095947266, param_norm=1665.1776123046875
Step 56: grad_norm=10.920063972473145, loss=4.531829833984375, param_norm=1665.1776123046875
Step 57: grad_norm=13.51566219329834, loss=4.5198540687561035, param_norm=1665.1776123046875
Step 58: grad_norm=21.872350692749023, loss=4.416860580444336, param_norm=1665.1776123046875
Step 59: grad_norm=16.404550552368164, loss=4.364044666290283, param_norm=1665.1776123046875
Step 60: grad_norm=11.229585647583008, loss=4.352510452270508, param_norm=1665.1776123046875
Step 61: grad_norm=8.944358825683594, loss=4.1431379318237305, param_norm=1665.1776123046875
Step 62: grad_norm=8.682523727416992, loss=4.329927444458008, param_norm=1665.1776123046875
Step 63: grad_norm=8.762228965759277, loss=4.164036273956299, param_norm=1665.1776123046875
Step 64: grad_norm=9.97093391418457, loss=4.476622581481934, param_norm=1665.1776123046875
Step 65: grad_norm=9.508136749267578, loss=4.493707656860352, param_norm=1665.1776123046875
Step 66: grad_norm=11.569951057434082, loss=4.416524887084961, param_norm=1665.1776123046875
Step 67: grad_norm=11.153759956359863, loss=4.256608963012695, param_norm=1665.1776123046875
Step 68: grad_norm=10.41816234588623, loss=4.389494895935059, param_norm=1665.1776123046875
Step 69: grad_norm=11.480889320373535, loss=4.351548194885254, param_norm=1665.1776123046875
Step 70: grad_norm=11.562676429748535, loss=4.355384826660156, param_norm=1665.1776123046875
Step 71: grad_norm=10.331698417663574, loss=4.406805515289307, param_norm=1665.1776123046875
Step 72: grad_norm=10.41635799407959, loss=4.301119804382324, param_norm=1665.1776123046875
Step 73: grad_norm=10.771659851074219, loss=4.327003479003906, param_norm=1665.1776123046875
Step 74: grad_norm=13.690049171447754, loss=4.280189037322998, param_norm=1665.177734375
Step 75: grad_norm=10.028918266296387, loss=4.315971374511719, param_norm=1665.177734375
Step 76: grad_norm=8.019036293029785, loss=4.230011463165283, param_norm=1665.177734375
Step 77: grad_norm=8.605690002441406, loss=4.253355979919434, param_norm=1665.177734375
Step 78: grad_norm=10.496749877929688, loss=4.276540279388428, param_norm=1665.177734375
Step 79: grad_norm=8.365814208984375, loss=4.207452774047852, param_norm=1665.177734375
Step 80: grad_norm=9.117196083068848, loss=4.178370475769043, param_norm=1665.177734375
Step 81: grad_norm=7.99531364440918, loss=4.204877853393555, param_norm=1665.177734375
Step 82: grad_norm=8.523540496826172, loss=4.12560510635376, param_norm=1665.177734375
Step 83: grad_norm=13.942768096923828, loss=4.356311798095703, param_norm=1665.177734375
Step 84: grad_norm=8.099751472473145, loss=4.271812438964844, param_norm=1665.1778564453125
Step 85: grad_norm=13.890783309936523, loss=4.305161476135254, param_norm=1665.1778564453125
Step 86: grad_norm=10.897941589355469, loss=4.245149612426758, param_norm=1665.1778564453125
Step 87: grad_norm=15.366153717041016, loss=4.04554557800293, param_norm=1665.1778564453125
Step 88: grad_norm=7.547248363494873, loss=4.191850185394287, param_norm=1665.1778564453125
Step 89: grad_norm=8.034602165222168, loss=4.12588357925415, param_norm=1665.1778564453125
Step 90: grad_norm=12.038156509399414, loss=4.220784664154053, param_norm=1665.1778564453125
Step 91: grad_norm=15.81088924407959, loss=3.7867226600646973, param_norm=1665.177978515625
Step 92: grad_norm=12.306035041809082, loss=4.171999931335449, param_norm=1665.177978515625
Step 93: grad_norm=8.234354019165039, loss=4.1268630027771, param_norm=1665.1781005859375
Step 94: grad_norm=16.084781646728516, loss=4.207972526550293, param_norm=1665.1781005859375
Step 95: grad_norm=9.079278945922852, loss=4.185531139373779, param_norm=1665.1781005859375
Step 96: grad_norm=9.285318374633789, loss=4.061413764953613, param_norm=1665.1781005859375
Step 97: grad_norm=14.507704734802246, loss=4.103955268859863, param_norm=1665.1781005859375
Step 98: grad_norm=14.318843841552734, loss=4.1815996170043945, param_norm=1665.1781005859375
Step 99: grad_norm=10.964385986328125, loss=4.163838863372803, param_norm=1665.1781005859375
Step 100: grad_norm=10.819588661193848, loss=4.21769905090332, param_norm=1665.1781005859375
Step 101: grad_norm=11.57209300994873, loss=4.0587873458862305, param_norm=1665.17822265625
Step 102: grad_norm=14.03943157196045, loss=4.100964546203613, param_norm=1665.17822265625
Step 103: grad_norm=12.696849822998047, loss=3.9902546405792236, param_norm=1665.17822265625
Step 104: grad_norm=8.177392959594727, loss=4.037192344665527, param_norm=1665.17822265625
Step 105: grad_norm=13.657917976379395, loss=4.060288429260254, param_norm=1665.1783447265625
Step 106: grad_norm=9.284831047058105, loss=4.092291831970215, param_norm=1665.1783447265625
Step 107: grad_norm=11.96429443359375, loss=4.237782955169678, param_norm=1665.1783447265625
Step 108: grad_norm=8.35020637512207, loss=4.171788215637207, param_norm=1665.1783447265625
Step 109: grad_norm=10.059561729431152, loss=4.143278121948242, param_norm=1665.1783447265625
Step 110: grad_norm=12.554426193237305, loss=4.080804347991943, param_norm=1665.178466796875
Step 111: grad_norm=7.6164727210998535, loss=4.128790378570557, param_norm=1665.178466796875
Step 112: grad_norm=11.176376342773438, loss=3.9563980102539062, param_norm=1665.178466796875
Step 113: grad_norm=14.331308364868164, loss=3.9909708499908447, param_norm=1665.178466796875
Step 114: grad_norm=19.027584075927734, loss=4.013462066650391, param_norm=1665.178466796875
Step 115: grad_norm=15.082456588745117, loss=3.998645305633545, param_norm=1665.178466796875
Step 116: grad_norm=13.216582298278809, loss=4.136989593505859, param_norm=1665.1785888671875
Step 117: grad_norm=11.430948257446289, loss=3.9851632118225098, param_norm=1665.1785888671875
Step 118: grad_norm=8.857059478759766, loss=4.060788631439209, param_norm=1665.1785888671875
Step 119: grad_norm=8.085906028747559, loss=3.9847660064697266, param_norm=1665.1787109375
Step 120: grad_norm=8.030455589294434, loss=4.129368782043457, param_norm=1665.1788330078125
Step 121: grad_norm=15.378381729125977, loss=3.9796032905578613, param_norm=1665.1788330078125
Step 122: grad_norm=11.742487907409668, loss=3.997954845428467, param_norm=1665.1788330078125
Step 123: grad_norm=9.62200927734375, loss=4.122385501861572, param_norm=1665.1788330078125
Step 124: grad_norm=7.747994422912598, loss=4.081965446472168, param_norm=1665.178955078125
Step 125: grad_norm=8.684242248535156, loss=3.7347803115844727, param_norm=1665.178955078125
Step 126: grad_norm=7.060227394104004, loss=4.15416955947876, param_norm=1665.178955078125
Step 127: grad_norm=7.158819198608398, loss=4.050559997558594, param_norm=1665.1790771484375
Step 128: grad_norm=9.700396537780762, loss=3.8815736770629883, param_norm=1665.1790771484375
Step 129: grad_norm=16.750268936157227, loss=3.991513729095459, param_norm=1665.1790771484375
Step 130: grad_norm=14.487435340881348, loss=4.077213287353516, param_norm=1665.1790771484375
Step 131: grad_norm=10.23310375213623, loss=3.8022475242614746, param_norm=1665.17919921875
Step 132: grad_norm=11.695734024047852, loss=3.829824924468994, param_norm=1665.17919921875
Step 133: grad_norm=7.757734775543213, loss=4.147583961486816, param_norm=1665.17919921875
Step 134: grad_norm=9.524965286254883, loss=3.888401508331299, param_norm=1665.179443359375
Step 135: grad_norm=16.943553924560547, loss=3.96132230758667, param_norm=1665.179443359375
Step 136: grad_norm=15.506107330322266, loss=3.764941692352295, param_norm=1665.179443359375
Step 137: grad_norm=10.16810131072998, loss=3.8555691242218018, param_norm=1665.1795654296875
Step 138: grad_norm=13.917481422424316, loss=4.175932884216309, param_norm=1665.1795654296875
Step 139: grad_norm=6.945682525634766, loss=3.822234630584717, param_norm=1665.1795654296875
Step 140: grad_norm=8.578241348266602, loss=3.9356184005737305, param_norm=1665.1795654296875
Step 141: grad_norm=13.099798202514648, loss=3.959273338317871, param_norm=1665.1795654296875
Step 142: grad_norm=12.853185653686523, loss=3.92268443107605, param_norm=1665.1795654296875
Step 143: grad_norm=7.81045389175415, loss=3.8809123039245605, param_norm=1665.1796875
Step 144: grad_norm=10.898712158203125, loss=3.670435905456543, param_norm=1665.1796875
Step 145: grad_norm=9.05316162109375, loss=3.7529563903808594, param_norm=1665.1798095703125
Step 146: grad_norm=9.465788841247559, loss=4.07130765914917, param_norm=1665.1798095703125
Step 147: grad_norm=7.276480674743652, loss=3.8850290775299072, param_norm=1665.1798095703125
Step 148: grad_norm=10.354743957519531, loss=3.6937708854675293, param_norm=1665.1800537109375
Step 149: grad_norm=10.91769790649414, loss=3.8412466049194336, param_norm=1665.1800537109375
Step 150: grad_norm=11.259017944335938, loss=3.934016227722168, param_norm=1665.1800537109375
Step 151: grad_norm=12.368568420410156, loss=3.852273464202881, param_norm=1665.18017578125
Step 152: grad_norm=9.108543395996094, loss=3.8015713691711426, param_norm=1665.18017578125
Step 153: grad_norm=12.822360038757324, loss=3.778653860092163, param_norm=1665.18017578125
Step 154: grad_norm=7.137477397918701, loss=3.869518756866455, param_norm=1665.18017578125
Step 155: grad_norm=14.444958686828613, loss=3.6060891151428223, param_norm=1665.18017578125
Step 156: grad_norm=13.957049369812012, loss=3.61959171295166, param_norm=1665.1802978515625
Step 157: grad_norm=11.875419616699219, loss=3.7339015007019043, param_norm=1665.180419921875
Step 158: grad_norm=6.566831588745117, loss=3.845552444458008, param_norm=1665.180419921875
Step 159: grad_norm=6.408823490142822, loss=3.764692783355713, param_norm=1665.180419921875
Step 160: grad_norm=6.313940525054932, loss=3.616149425506592, param_norm=1665.1805419921875
Step 161: grad_norm=7.673580169677734, loss=3.5177953243255615, param_norm=1665.1805419921875
Step 162: grad_norm=14.029519081115723, loss=3.5567827224731445, param_norm=1665.1806640625
Step 163: grad_norm=9.624424934387207, loss=3.942578077316284, param_norm=1665.1807861328125
Step 164: grad_norm=9.590392112731934, loss=3.5504398345947266, param_norm=1665.1807861328125
Step 165: grad_norm=11.79458999633789, loss=3.563157081604004, param_norm=1665.180908203125
Step 166: grad_norm=14.637965202331543, loss=3.6137595176696777, param_norm=1665.1810302734375
Step 167: grad_norm=9.05009937286377, loss=3.701077699661255, param_norm=1665.1810302734375
Step 168: grad_norm=13.51108169555664, loss=3.652958631515503, param_norm=1665.1810302734375
Step 169: grad_norm=7.338022708892822, loss=3.6252241134643555, param_norm=1665.18115234375
Step 170: grad_norm=7.744429588317871, loss=3.5524842739105225, param_norm=1665.1812744140625
Step 171: grad_norm=12.122184753417969, loss=3.560908555984497, param_norm=1665.1812744140625
Step 172: grad_norm=8.563289642333984, loss=3.698606491088867, param_norm=1665.181396484375
Step 173: grad_norm=7.387485980987549, loss=3.569035053253174, param_norm=1665.1815185546875
Step 174: grad_norm=7.332544326782227, loss=3.72650408744812, param_norm=1665.1815185546875
Step 175: grad_norm=6.774569511413574, loss=3.6521286964416504, param_norm=1665.181640625
Step 176: grad_norm=10.677850723266602, loss=3.595097541809082, param_norm=1665.1817626953125
Step 177: grad_norm=7.03695011138916, loss=3.8169946670532227, param_norm=1665.181884765625
Step 178: grad_norm=11.132373809814453, loss=3.8536999225616455, param_norm=1665.1820068359375
Step 179: grad_norm=12.041399002075195, loss=3.5455756187438965, param_norm=1665.1820068359375
Step 180: grad_norm=11.438167572021484, loss=3.7422261238098145, param_norm=1665.18212890625
Step 181: grad_norm=7.211920738220215, loss=3.5432090759277344, param_norm=1665.1822509765625
Step 182: grad_norm=17.263713836669922, loss=3.8781089782714844, param_norm=1665.182373046875
Step 183: grad_norm=9.26053524017334, loss=3.7491884231567383, param_norm=1665.1824951171875
Step 184: grad_norm=11.177190780639648, loss=3.7964956760406494, param_norm=1665.1824951171875
Step 185: grad_norm=7.550751686096191, loss=3.5319743156433105, param_norm=1665.1827392578125
Step 186: grad_norm=6.473128795623779, loss=3.5567190647125244, param_norm=1665.1827392578125
Step 187: grad_norm=10.823481559753418, loss=3.8189356327056885, param_norm=1665.182861328125
Step 188: grad_norm=16.330520629882812, loss=3.658487319946289, param_norm=1665.1829833984375
Step 189: grad_norm=8.365907669067383, loss=3.5978119373321533, param_norm=1665.1829833984375
Step 190: grad_norm=6.473872184753418, loss=3.63207745552063, param_norm=1665.18310546875
Step 191: grad_norm=7.688595294952393, loss=3.6806960105895996, param_norm=1665.1832275390625
Step 192: grad_norm=7.445507526397705, loss=3.538360118865967, param_norm=1665.183349609375
Step 193: grad_norm=6.3534650802612305, loss=3.4798827171325684, param_norm=1665.1834716796875
Step 194: grad_norm=15.019535064697266, loss=3.66261887550354, param_norm=1665.1834716796875
Step 195: grad_norm=6.628945827484131, loss=3.453505754470825, param_norm=1665.18359375
Step 196: grad_norm=6.838821887969971, loss=3.5601611137390137, param_norm=1665.1837158203125
Step 197: grad_norm=9.37236213684082, loss=3.6107850074768066, param_norm=1665.1837158203125
Step 198: grad_norm=9.797263145446777, loss=3.6284825801849365, param_norm=1665.1839599609375
Step 199: grad_norm=13.8399076461792, loss=3.2957684993743896, param_norm=1665.1839599609375
Step 200: grad_norm=10.561616897583008, loss=3.7529795169830322, param_norm=1665.18408203125
Step 201: grad_norm=17.971878051757812, loss=3.5841126441955566, param_norm=1665.1842041015625
Step 202: grad_norm=12.316927909851074, loss=3.5712273120880127, param_norm=1665.184326171875
Step 203: grad_norm=7.969460964202881, loss=3.7051169872283936, param_norm=1665.1844482421875
Step 204: grad_norm=6.824568271636963, loss=3.490877866744995, param_norm=1665.1845703125
Step 205: grad_norm=8.437814712524414, loss=3.4548373222351074, param_norm=1665.1846923828125
Step 206: grad_norm=11.288459777832031, loss=3.6431069374084473, param_norm=1665.184814453125
Step 207: grad_norm=7.068356990814209, loss=3.6248879432678223, param_norm=1665.1849365234375
Step 208: grad_norm=7.489168643951416, loss=3.3924365043640137, param_norm=1665.18505859375
Step 209: grad_norm=9.059856414794922, loss=3.6191866397857666, param_norm=1665.1851806640625
Step 210: grad_norm=11.67055606842041, loss=3.5415968894958496, param_norm=1665.185302734375
Step 211: grad_norm=11.559900283813477, loss=3.4945199489593506, param_norm=1665.185302734375
Step 212: grad_norm=12.647573471069336, loss=3.539553165435791, param_norm=1665.1854248046875
Step 213: grad_norm=6.680989742279053, loss=3.5850493907928467, param_norm=1665.185546875
Step 214: grad_norm=13.765498161315918, loss=3.5067789554595947, param_norm=1665.1856689453125
Step 215: grad_norm=16.837419509887695, loss=3.6456780433654785, param_norm=1665.185791015625
Step 216: grad_norm=13.037376403808594, loss=3.454590082168579, param_norm=1665.18603515625
Step 217: grad_norm=13.709737777709961, loss=3.584738254547119, param_norm=1665.1861572265625
Step 218: grad_norm=8.53442096710205, loss=3.473818778991699, param_norm=1665.186279296875
Step 219: grad_norm=9.186836242675781, loss=3.481085777282715, param_norm=1665.1864013671875
Step 220: grad_norm=20.976802825927734, loss=3.632326126098633, param_norm=1665.1865234375
Step 221: grad_norm=16.320045471191406, loss=3.6737160682678223, param_norm=1665.186767578125
Step 222: grad_norm=15.019580841064453, loss=3.4339699745178223, param_norm=1665.1868896484375
Step 223: grad_norm=9.713312149047852, loss=3.5584471225738525, param_norm=1665.1868896484375
Step 224: grad_norm=6.416434288024902, loss=3.4760377407073975, param_norm=1665.18701171875
Step 225: grad_norm=6.788908958435059, loss=3.5533008575439453, param_norm=1665.1871337890625
Step 226: grad_norm=9.772390365600586, loss=3.4621424674987793, param_norm=1665.187255859375
Step 227: grad_norm=8.587173461914062, loss=3.3528003692626953, param_norm=1665.187255859375
Step 228: grad_norm=17.726186752319336, loss=3.734337329864502, param_norm=1665.1873779296875
Step 229: grad_norm=15.382633209228516, loss=3.557586908340454, param_norm=1665.1875
Step 230: grad_norm=17.344682693481445, loss=3.458186149597168, param_norm=1665.1876220703125
Step 231: grad_norm=9.230276107788086, loss=3.5098087787628174, param_norm=1665.187744140625
Step 232: grad_norm=5.913276672363281, loss=3.6092288494110107, param_norm=1665.18798828125
Step 233: grad_norm=8.676309585571289, loss=3.624246597290039, param_norm=1665.1881103515625
Step 234: grad_norm=15.418845176696777, loss=3.559300422668457, param_norm=1665.188232421875
Step 235: grad_norm=10.800246238708496, loss=3.519523859024048, param_norm=1665.1883544921875
Step 236: grad_norm=7.3135294914245605, loss=3.2814111709594727, param_norm=1665.1884765625
Step 237: grad_norm=12.277406692504883, loss=3.3839616775512695, param_norm=1665.188720703125
Step 238: grad_norm=13.407631874084473, loss=3.468564033508301, param_norm=1665.1888427734375
Step 239: grad_norm=9.975495338439941, loss=3.656973361968994, param_norm=1665.1890869140625
Step 240: grad_norm=18.82029151916504, loss=3.079146385192871, param_norm=1665.189208984375
Step 241: grad_norm=11.02052116394043, loss=3.5784659385681152, param_norm=1665.1893310546875
Step 242: grad_norm=9.393338203430176, loss=3.483856678009033, param_norm=1665.1895751953125
Step 243: grad_norm=11.338631629943848, loss=3.4280011653900146, param_norm=1665.189697265625
Step 244: grad_norm=12.08298397064209, loss=3.3538289070129395, param_norm=1665.18994140625
Step 245: grad_norm=5.972911834716797, loss=3.4941887855529785, param_norm=1665.1900634765625
Step 246: grad_norm=11.888236045837402, loss=3.643559455871582, param_norm=1665.190185546875
Step 247: grad_norm=11.896510124206543, loss=3.3549611568450928, param_norm=1665.1903076171875
Step 248: grad_norm=7.134720802307129, loss=3.3975300788879395, param_norm=1665.1904296875
Step 249: grad_norm=16.26641082763672, loss=3.433537006378174, param_norm=1665.190673828125
Step 250: grad_norm=16.5307559967041, loss=3.5909810066223145, param_norm=1665.190673828125
Step 251: grad_norm=9.376161575317383, loss=3.3340935707092285, param_norm=1665.19091796875
Step 252: grad_norm=5.709805965423584, loss=3.3574352264404297, param_norm=1665.191162109375
Step 253: grad_norm=12.23221492767334, loss=3.2800865173339844, param_norm=1665.1912841796875
Step 254: grad_norm=13.466619491577148, loss=3.419010639190674, param_norm=1665.19140625
Step 255: grad_norm=6.994330406188965, loss=3.4311227798461914, param_norm=1665.191650390625
Step 256: grad_norm=6.234591007232666, loss=3.4848790168762207, param_norm=1665.191650390625
Step 257: grad_norm=6.616528511047363, loss=3.4199275970458984, param_norm=1665.19189453125
Step 258: grad_norm=15.590738296508789, loss=3.4189209938049316, param_norm=1665.192138671875
Step 259: grad_norm=9.063899993896484, loss=3.5202131271362305, param_norm=1665.192138671875
Step 260: grad_norm=6.064833164215088, loss=3.4063501358032227, param_norm=1665.1923828125
Step 261: grad_norm=15.387476921081543, loss=3.3809094429016113, param_norm=1665.1925048828125
Step 262: grad_norm=6.769882678985596, loss=3.558969497680664, param_norm=1665.1927490234375
Step 263: grad_norm=12.365633010864258, loss=3.5286476612091064, param_norm=1665.19287109375
Step 264: grad_norm=9.04278564453125, loss=3.540475368499756, param_norm=1665.193115234375
Step 265: grad_norm=5.332533359527588, loss=3.5896120071411133, param_norm=1665.1932373046875
Step 266: grad_norm=9.998623847961426, loss=3.5477590560913086, param_norm=1665.1934814453125
Step 267: grad_norm=6.589430332183838, loss=3.2539753913879395, param_norm=1665.1937255859375
Step 268: grad_norm=17.106992721557617, loss=3.56964373588562, param_norm=1665.1939697265625
Step 269: grad_norm=6.3132853507995605, loss=3.4175853729248047, param_norm=1665.1942138671875
Step 270: grad_norm=18.490041732788086, loss=3.3495779037475586, param_norm=1665.1944580078125
Step 271: grad_norm=10.582680702209473, loss=3.377979278564453, param_norm=1665.1947021484375
Step 272: grad_norm=7.2832441329956055, loss=3.6068570613861084, param_norm=1665.19482421875
Step 273: grad_norm=9.326319694519043, loss=3.2818222045898438, param_norm=1665.1951904296875
Step 274: grad_norm=11.254532814025879, loss=3.2267541885375977, param_norm=1665.1953125
Step 275: grad_norm=7.234999179840088, loss=3.516812562942505, param_norm=1665.1954345703125
Step 276: grad_norm=6.2414326667785645, loss=3.490232467651367, param_norm=1665.195556640625
Step 277: grad_norm=6.156725883483887, loss=3.543147325515747, param_norm=1665.19580078125
Step 278: grad_norm=6.056405544281006, loss=3.247786521911621, param_norm=1665.1959228515625
Step 279: grad_norm=7.8639235496521, loss=3.1572117805480957, param_norm=1665.1961669921875
Step 280: grad_norm=7.918388843536377, loss=3.5232114791870117, param_norm=1665.1964111328125
Step 281: grad_norm=10.820345878601074, loss=3.3575961589813232, param_norm=1665.196533203125
Step 282: grad_norm=9.226645469665527, loss=3.3393912315368652, param_norm=1665.19677734375
Step 283: grad_norm=11.048389434814453, loss=3.3582825660705566, param_norm=1665.1971435546875
Step 284: grad_norm=6.087543487548828, loss=3.1089415550231934, param_norm=1665.1973876953125
Step 285: grad_norm=6.729580402374268, loss=3.3130199909210205, param_norm=1665.197509765625
Step 286: grad_norm=5.611654758453369, loss=3.304640054702759, param_norm=1665.19775390625
Step 287: grad_norm=10.223321914672852, loss=3.5770187377929688, param_norm=1665.197998046875
Step 288: grad_norm=9.259016036987305, loss=3.468170642852783, param_norm=1665.1982421875
Step 289: grad_norm=6.4562273025512695, loss=3.198258399963379, param_norm=1665.1986083984375
Step 290: grad_norm=10.9872407913208, loss=3.2451038360595703, param_norm=1665.19873046875
Step 291: grad_norm=7.112473964691162, loss=3.6270923614501953, param_norm=1665.198974609375
Step 292: grad_norm=5.901902198791504, loss=3.335038661956787, param_norm=1665.19921875
Step 293: grad_norm=7.0453290939331055, loss=3.428168535232544, param_norm=1665.1993408203125
Step 294: grad_norm=11.185516357421875, loss=3.412473678588867, param_norm=1665.199462890625
Step 295: grad_norm=11.893500328063965, loss=3.2221243381500244, param_norm=1665.1998291015625
Step 296: grad_norm=6.423423767089844, loss=3.3228955268859863, param_norm=1665.199951171875
Step 297: grad_norm=10.578330993652344, loss=3.285876750946045, param_norm=1665.2003173828125
Step 298: grad_norm=5.516289234161377, loss=3.395796298980713, param_norm=1665.200439453125
Step 299: grad_norm=7.484050750732422, loss=3.3472752571105957, param_norm=1665.2008056640625
Step 300: grad_norm=7.187234401702881, loss=3.248331308364868, param_norm=1665.2010498046875
Step 301: grad_norm=6.827624797821045, loss=3.5041656494140625, param_norm=1665.2012939453125
Step 302: grad_norm=5.968988418579102, loss=3.2580394744873047, param_norm=1665.2015380859375
Step 303: grad_norm=5.571096897125244, loss=3.3801040649414062, param_norm=1665.2017822265625
Step 304: grad_norm=7.4149298667907715, loss=3.3824031352996826, param_norm=1665.2020263671875
Step 305: grad_norm=6.5653462409973145, loss=3.4361162185668945, param_norm=1665.202392578125
Step 306: grad_norm=5.266197204589844, loss=3.3541998863220215, param_norm=1665.20263671875
Step 307: grad_norm=9.847688674926758, loss=3.219008684158325, param_norm=1665.2027587890625
Step 308: grad_norm=6.234577655792236, loss=3.329596519470215, param_norm=1665.203125
Step 309: grad_norm=5.057892799377441, loss=3.397719383239746, param_norm=1665.203369140625
Step 310: grad_norm=14.764704704284668, loss=3.4239726066589355, param_norm=1665.20361328125
Step 311: grad_norm=11.428544998168945, loss=3.5326526165008545, param_norm=1665.203857421875
Step 312: grad_norm=15.737195014953613, loss=3.258059024810791, param_norm=1665.2042236328125
Step 313: grad_norm=12.668570518493652, loss=3.3464932441711426, param_norm=1665.2044677734375
Step 314: grad_norm=10.141276359558105, loss=3.1541824340820312, param_norm=1665.2047119140625
Step 315: grad_norm=10.742284774780273, loss=3.3853025436401367, param_norm=1665.2049560546875
Step 316: grad_norm=10.162008285522461, loss=3.4596970081329346, param_norm=1665.2052001953125
Step 317: grad_norm=6.434032917022705, loss=3.324093818664551, param_norm=1665.20556640625
Step 318: grad_norm=9.542146682739258, loss=3.3702213764190674, param_norm=1665.2056884765625
Step 319: grad_norm=6.771872520446777, loss=3.136833667755127, param_norm=1665.2060546875
Step 320: grad_norm=6.077849388122559, loss=3.0984253883361816, param_norm=1665.206298828125
Step 321: grad_norm=6.982125759124756, loss=3.2772464752197266, param_norm=1665.20654296875
Step 322: grad_norm=5.9947967529296875, loss=3.4407033920288086, param_norm=1665.2066650390625
Step 323: grad_norm=4.983032703399658, loss=3.2169556617736816, param_norm=1665.2069091796875
Step 324: grad_norm=10.057001113891602, loss=3.373485565185547, param_norm=1665.207275390625
Step 325: grad_norm=10.428457260131836, loss=3.386861801147461, param_norm=1665.20751953125
Step 326: grad_norm=9.038308143615723, loss=3.594447612762451, param_norm=1665.2076416015625
Step 327: grad_norm=16.823963165283203, loss=3.5526013374328613, param_norm=1665.2078857421875
Step 328: grad_norm=10.184436798095703, loss=3.4182827472686768, param_norm=1665.2081298828125
Step 329: grad_norm=9.195302963256836, loss=3.3000431060791016, param_norm=1665.2083740234375
Step 330: grad_norm=5.796683311462402, loss=3.308389186859131, param_norm=1665.2086181640625
Step 331: grad_norm=10.533402442932129, loss=3.340322494506836, param_norm=1665.2088623046875
Step 332: grad_norm=6.158091068267822, loss=3.44868540763855, param_norm=1665.2091064453125
Step 333: grad_norm=5.59871768951416, loss=3.212465763092041, param_norm=1665.2093505859375
Step 334: grad_norm=4.20088529586792, loss=3.2488508224487305, param_norm=1665.2095947265625
Step 335: grad_norm=8.100188255310059, loss=3.435007095336914, param_norm=1665.209716796875
Step 336: grad_norm=6.840831756591797, loss=3.3618791103363037, param_norm=1665.2100830078125
Step 337: grad_norm=10.033612251281738, loss=3.2349843978881836, param_norm=1665.210205078125
Step 338: grad_norm=7.475719928741455, loss=3.3651723861694336, param_norm=1665.21044921875
Step 339: grad_norm=6.9475531578063965, loss=3.3434901237487793, param_norm=1665.2108154296875
Step 340: grad_norm=5.037189960479736, loss=3.3671374320983887, param_norm=1665.2110595703125
Step 341: grad_norm=8.35106372833252, loss=3.17718505859375, param_norm=1665.21142578125
Step 342: grad_norm=8.130614280700684, loss=3.4364655017852783, param_norm=1665.211669921875
Step 343: grad_norm=8.751152038574219, loss=3.396115303039551, param_norm=1665.2120361328125
Step 344: grad_norm=11.529818534851074, loss=3.292788505554199, param_norm=1665.212158203125
Step 345: grad_norm=13.524439811706543, loss=3.4095232486724854, param_norm=1665.21240234375
Step 346: grad_norm=10.03232479095459, loss=3.2644295692443848, param_norm=1665.2127685546875
Step 347: grad_norm=12.618041038513184, loss=3.011597156524658, param_norm=1665.2130126953125
Step 348: grad_norm=14.731304168701172, loss=2.888319253921509, param_norm=1665.21337890625
Step 349: grad_norm=10.085055351257324, loss=3.0421948432922363, param_norm=1665.2137451171875
Step 350: grad_norm=7.179681301116943, loss=3.136895179748535, param_norm=1665.2139892578125
Step 351: grad_norm=11.73469066619873, loss=3.325532913208008, param_norm=1665.21435546875
Step 352: grad_norm=5.36864709854126, loss=3.2450220584869385, param_norm=1665.2144775390625
Step 353: grad_norm=7.7412824630737305, loss=3.1257667541503906, param_norm=1665.21484375
Step 354: grad_norm=5.507396221160889, loss=3.15293550491333, param_norm=1665.215087890625
Step 355: grad_norm=5.547894477844238, loss=3.301025867462158, param_norm=1665.2152099609375
Step 356: grad_norm=12.372575759887695, loss=3.156327724456787, param_norm=1665.21533203125
Step 357: grad_norm=5.615845680236816, loss=3.3019909858703613, param_norm=1665.2154541015625
Step 358: grad_norm=6.718048572540283, loss=3.1551921367645264, param_norm=1665.2156982421875
Step 359: grad_norm=9.865422248840332, loss=2.9938220977783203, param_norm=1665.216064453125
Step 360: grad_norm=6.292117595672607, loss=3.2995071411132812, param_norm=1665.21630859375
Step 361: grad_norm=5.397154808044434, loss=2.9406347274780273, param_norm=1665.2166748046875
Step 362: grad_norm=18.341999053955078, loss=3.21541690826416, param_norm=1665.216796875
Step 363: grad_norm=15.735581398010254, loss=3.417404890060425, param_norm=1665.21728515625
Step 364: grad_norm=5.686299800872803, loss=3.234063148498535, param_norm=1665.2174072265625
Step 365: grad_norm=6.998223304748535, loss=3.302920341491699, param_norm=1665.2177734375
Step 366: grad_norm=12.803956031799316, loss=3.3271427154541016, param_norm=1665.218017578125
Step 367: grad_norm=9.314519882202148, loss=3.428459882736206, param_norm=1665.21826171875
Step 368: grad_norm=5.21134614944458, loss=3.3406567573547363, param_norm=1665.218505859375
Step 369: grad_norm=6.890179634094238, loss=3.267136573791504, param_norm=1665.2186279296875
Step 370: grad_norm=6.828423023223877, loss=3.0646586418151855, param_norm=1665.2188720703125
Step 371: grad_norm=19.055038452148438, loss=3.1743016242980957, param_norm=1665.2191162109375
Step 372: grad_norm=14.838763236999512, loss=3.408520460128784, param_norm=1665.2193603515625
Step 373: grad_norm=6.137308120727539, loss=3.1493544578552246, param_norm=1665.2196044921875
Step 374: grad_norm=7.459367752075195, loss=3.149984836578369, param_norm=1665.219970703125
Step 375: grad_norm=5.392608165740967, loss=3.4427192211151123, param_norm=1665.22021484375
Step 376: grad_norm=6.720698356628418, loss=3.2697248458862305, param_norm=1665.2203369140625
Step 377: grad_norm=14.947087287902832, loss=3.3194007873535156, param_norm=1665.220703125
Step 378: grad_norm=9.63168716430664, loss=3.00803542137146, param_norm=1665.22119140625
Step 379: grad_norm=4.806629180908203, loss=3.250641345977783, param_norm=1665.2213134765625
Step 380: grad_norm=5.429453372955322, loss=3.2163987159729004, param_norm=1665.2216796875
Step 381: grad_norm=10.94327163696289, loss=3.4899990558624268, param_norm=1665.2220458984375
Step 382: grad_norm=4.810600757598877, loss=3.346973419189453, param_norm=1665.2222900390625
Step 383: grad_norm=7.6109938621521, loss=3.5007734298706055, param_norm=1665.22265625
Step 384: grad_norm=7.619073867797852, loss=3.3011226654052734, param_norm=1665.2227783203125
Step 385: grad_norm=9.516054153442383, loss=3.020287036895752, param_norm=1665.22314453125
Step 386: grad_norm=6.831789493560791, loss=3.267455577850342, param_norm=1665.223388671875
Step 387: grad_norm=8.69643783569336, loss=3.293752431869507, param_norm=1665.2236328125
Step 388: grad_norm=10.267334938049316, loss=3.295658588409424, param_norm=1665.22412109375
Step 389: grad_norm=8.800202369689941, loss=3.119288444519043, param_norm=1665.2242431640625
Step 390: grad_norm=25.288362503051758, loss=3.3449645042419434, param_norm=1665.224609375
Step 391: grad_norm=15.868756294250488, loss=3.1803412437438965, param_norm=1665.224853515625
Step 392: grad_norm=14.324850082397461, loss=3.3473095893859863, param_norm=1665.22509765625
Step 393: grad_norm=14.888873100280762, loss=3.5757267475128174, param_norm=1665.225341796875
Step 394: grad_norm=15.114694595336914, loss=3.3007211685180664, param_norm=1665.2255859375
Step 395: grad_norm=8.026061058044434, loss=3.049727439880371, param_norm=1665.225830078125
Step 396: grad_norm=6.617217063903809, loss=3.2756214141845703, param_norm=1665.2259521484375
Step 397: grad_norm=11.013708114624023, loss=3.1519789695739746, param_norm=1665.2261962890625
Step 398: grad_norm=6.507713317871094, loss=3.1698389053344727, param_norm=1665.2264404296875
Step 399: grad_norm=8.296313285827637, loss=3.1594905853271484, param_norm=1665.2265625
Step 400: grad_norm=10.828031539916992, loss=3.087951421737671, param_norm=1665.2269287109375
Step 401: grad_norm=5.782059192657471, loss=3.2892236709594727, param_norm=1665.2271728515625
Step 402: grad_norm=10.400566101074219, loss=3.4244251251220703, param_norm=1665.2274169921875
Step 403: grad_norm=6.861955642700195, loss=3.137791633605957, param_norm=1665.227783203125
Step 404: grad_norm=6.038236618041992, loss=3.3929715156555176, param_norm=1665.2279052734375
Step 405: grad_norm=4.6277971267700195, loss=3.2131032943725586, param_norm=1665.2281494140625
Step 406: grad_norm=13.994993209838867, loss=3.3657283782958984, param_norm=1665.228515625
Step 407: grad_norm=9.150711059570312, loss=3.1159040927886963, param_norm=1665.228759765625
Step 408: grad_norm=6.369935512542725, loss=3.391345262527466, param_norm=1665.2291259765625
Step 409: grad_norm=6.895089626312256, loss=3.258294105529785, param_norm=1665.2293701171875
Step 410: grad_norm=7.09984016418457, loss=3.415919303894043, param_norm=1665.229736328125
Step 411: grad_norm=7.553752899169922, loss=3.2364978790283203, param_norm=1665.22998046875
Step 412: grad_norm=6.064026355743408, loss=3.354729652404785, param_norm=1665.230224609375
Step 413: grad_norm=13.06708812713623, loss=3.455292224884033, param_norm=1665.23046875
Step 414: grad_norm=4.902198314666748, loss=3.149614095687866, param_norm=1665.230712890625
Step 415: grad_norm=13.90890884399414, loss=3.0403947830200195, param_norm=1665.2310791015625
Step 416: grad_norm=5.699681282043457, loss=3.19478178024292, param_norm=1665.2313232421875
Step 417: grad_norm=4.692112445831299, loss=3.1824424266815186, param_norm=1665.231689453125
Step 418: grad_norm=10.268755912780762, loss=3.165712356567383, param_norm=1665.23193359375
Step 419: grad_norm=4.614724159240723, loss=3.1117420196533203, param_norm=1665.2322998046875
Step 420: grad_norm=7.588789939880371, loss=3.1570980548858643, param_norm=1665.232666015625
Step 421: grad_norm=7.3346943855285645, loss=3.2918941974639893, param_norm=1665.2327880859375
Step 422: grad_norm=15.111268997192383, loss=3.2990198135375977, param_norm=1665.233154296875
Step 423: grad_norm=8.800715446472168, loss=3.087219715118408, param_norm=1665.2333984375
Step 424: grad_norm=5.131259441375732, loss=3.1437530517578125, param_norm=1665.233642578125
Step 425: grad_norm=8.281848907470703, loss=3.2088141441345215, param_norm=1665.23388671875
Step 426: grad_norm=6.755526065826416, loss=3.4484004974365234, param_norm=1665.2342529296875
Step 427: grad_norm=5.806117534637451, loss=3.286114454269409, param_norm=1665.234375
Step 428: grad_norm=8.443222999572754, loss=3.296534538269043, param_norm=1665.234619140625
Step 429: grad_norm=8.839241027832031, loss=3.2390451431274414, param_norm=1665.2349853515625
Step 430: grad_norm=10.899968147277832, loss=3.079171657562256, param_norm=1665.235107421875
Step 431: grad_norm=16.057632446289062, loss=3.272934675216675, param_norm=1665.2353515625
Step 432: grad_norm=8.027732849121094, loss=3.237166166305542, param_norm=1665.235595703125
Step 433: grad_norm=18.660219192504883, loss=3.155734062194824, param_norm=1665.23583984375
Step 434: grad_norm=7.798013687133789, loss=3.196303367614746, param_norm=1665.236083984375
Step 435: grad_norm=12.055710792541504, loss=3.266967535018921, param_norm=1665.236328125
Step 436: grad_norm=8.112991333007812, loss=3.2400097846984863, param_norm=1665.236572265625
Step 437: grad_norm=8.644243240356445, loss=3.354315757751465, param_norm=1665.2369384765625
Step 438: grad_norm=16.050092697143555, loss=3.302196502685547, param_norm=1665.2371826171875
Step 439: grad_norm=18.553104400634766, loss=3.233842611312866, param_norm=1665.237548828125
Step 440: grad_norm=18.74223518371582, loss=3.1627590656280518, param_norm=1665.23779296875
Step 441: grad_norm=18.199026107788086, loss=3.2346038818359375, param_norm=1665.2381591796875
Step 442: grad_norm=12.136061668395996, loss=3.321544885635376, param_norm=1665.238525390625
Step 443: grad_norm=6.844364166259766, loss=3.2677369117736816, param_norm=1665.2388916015625
Step 444: grad_norm=8.82448673248291, loss=3.161044120788574, param_norm=1665.2391357421875
Step 445: grad_norm=4.680871963500977, loss=3.3058600425720215, param_norm=1665.239501953125
Step 446: grad_norm=5.953871250152588, loss=2.893604040145874, param_norm=1665.23974609375
Step 447: grad_norm=6.156509876251221, loss=3.0578927993774414, param_norm=1665.239990234375
Step 448: grad_norm=6.899247646331787, loss=3.2276370525360107, param_norm=1665.240234375
Step 449: grad_norm=5.559350490570068, loss=3.2281880378723145, param_norm=1665.240478515625
Step 450: grad_norm=11.811652183532715, loss=3.141963481903076, param_norm=1665.2408447265625
Step 451: grad_norm=7.86417293548584, loss=3.194941520690918, param_norm=1665.240966796875
Step 452: grad_norm=9.484493255615234, loss=3.278878688812256, param_norm=1665.241455078125
Step 453: grad_norm=4.867513656616211, loss=3.104125738143921, param_norm=1665.2415771484375
Step 454: grad_norm=7.959574222564697, loss=3.295592784881592, param_norm=1665.241943359375
Step 455: grad_norm=5.415656566619873, loss=3.3270978927612305, param_norm=1665.2423095703125
Step 456: grad_norm=6.358148097991943, loss=3.213564872741699, param_norm=1665.2425537109375
Step 457: grad_norm=7.847384452819824, loss=3.199751853942871, param_norm=1665.2427978515625
Step 458: grad_norm=4.906815052032471, loss=3.03250789642334, param_norm=1665.2431640625
Step 459: grad_norm=5.678101539611816, loss=3.5450024604797363, param_norm=1665.243408203125
Step 460: grad_norm=10.911484718322754, loss=3.0721254348754883, param_norm=1665.24365234375
Step 461: grad_norm=6.629070281982422, loss=3.311462879180908, param_norm=1665.2437744140625
Step 462: grad_norm=5.420062065124512, loss=2.9551169872283936, param_norm=1665.244140625
Step 463: grad_norm=6.781202793121338, loss=3.142390727996826, param_norm=1665.244384765625
Step 464: grad_norm=10.15739631652832, loss=3.02898907661438, param_norm=1665.24462890625
Step 465: grad_norm=5.410311222076416, loss=3.231271266937256, param_norm=1665.244873046875
Step 466: grad_norm=5.746261119842529, loss=3.318113327026367, param_norm=1665.2451171875
Step 467: grad_norm=5.176445007324219, loss=2.9522838592529297, param_norm=1665.2454833984375
Step 468: grad_norm=5.487244606018066, loss=3.275035858154297, param_norm=1665.245849609375
Step 469: grad_norm=5.610854148864746, loss=3.157611846923828, param_norm=1665.24609375
Step 470: grad_norm=8.424057006835938, loss=3.381556510925293, param_norm=1665.2464599609375
Step 471: grad_norm=5.013270854949951, loss=3.266510486602783, param_norm=1665.246826171875
Step 472: grad_norm=6.913334846496582, loss=2.9373114109039307, param_norm=1665.2471923828125
Step 473: grad_norm=10.114323616027832, loss=2.9721317291259766, param_norm=1665.24755859375
Step 474: grad_norm=5.154819965362549, loss=3.12858247756958, param_norm=1665.247802734375
Step 475: grad_norm=6.385299205780029, loss=3.051633358001709, param_norm=1665.2481689453125
Step 476: grad_norm=10.866917610168457, loss=2.981820821762085, param_norm=1665.2486572265625
Step 477: grad_norm=5.712846279144287, loss=3.1799473762512207, param_norm=1665.2489013671875
Step 478: grad_norm=6.091978073120117, loss=3.097914695739746, param_norm=1665.2493896484375
Step 479: grad_norm=14.118715286254883, loss=3.062490463256836, param_norm=1665.249755859375
Step 480: grad_norm=5.704381465911865, loss=3.282271385192871, param_norm=1665.2501220703125
Step 481: grad_norm=11.492170333862305, loss=3.234423875808716, param_norm=1665.2503662109375
Step 482: grad_norm=6.533635139465332, loss=3.1983532905578613, param_norm=1665.250732421875
Step 483: grad_norm=6.918478488922119, loss=3.3052079677581787, param_norm=1665.2509765625
Step 484: grad_norm=6.144112586975098, loss=3.2007803916931152, param_norm=1665.2513427734375
Step 485: grad_norm=7.759323596954346, loss=3.1091015338897705, param_norm=1665.2515869140625
Step 486: grad_norm=6.399567604064941, loss=3.2496654987335205, param_norm=1665.2518310546875
Step 487: grad_norm=4.80123233795166, loss=3.2065742015838623, param_norm=1665.2520751953125
Step 488: grad_norm=8.654921531677246, loss=3.124645709991455, param_norm=1665.2523193359375
Step 489: grad_norm=6.025570392608643, loss=3.245424747467041, param_norm=1665.2525634765625
Step 490: grad_norm=6.698878288269043, loss=2.9990530014038086, param_norm=1665.2529296875
Step 491: grad_norm=5.042194843292236, loss=3.0996222496032715, param_norm=1665.253173828125
Step 492: grad_norm=9.449373245239258, loss=3.296785831451416, param_norm=1665.2535400390625
Step 493: grad_norm=5.31870698928833, loss=3.1009933948516846, param_norm=1665.2537841796875
Step 494: grad_norm=8.725520133972168, loss=3.3018252849578857, param_norm=1665.2540283203125
Step 495: grad_norm=8.817302703857422, loss=3.0581367015838623, param_norm=1665.2542724609375
Step 496: grad_norm=5.760451793670654, loss=3.313289165496826, param_norm=1665.2545166015625
Step 497: grad_norm=5.324705600738525, loss=3.0779123306274414, param_norm=1665.2547607421875
Step 498: grad_norm=6.661120891571045, loss=3.100466251373291, param_norm=1665.2550048828125
Step 499: grad_norm=6.828298091888428, loss=2.933159351348877, param_norm=1665.2552490234375
Step 500: grad_norm=6.527652263641357, loss=3.3843142986297607, param_norm=1665.255615234375
Step 501: grad_norm=4.644303321838379, loss=3.1721439361572266, param_norm=1665.255859375
Step 502: grad_norm=7.564672470092773, loss=3.0024285316467285, param_norm=1665.256103515625
Step 503: grad_norm=5.907313346862793, loss=3.2544989585876465, param_norm=1665.2564697265625
Step 504: grad_norm=7.185266017913818, loss=3.3257956504821777, param_norm=1665.2567138671875
Step 505: grad_norm=4.954446315765381, loss=3.0970640182495117, param_norm=1665.257080078125
Step 506: grad_norm=14.213676452636719, loss=3.1619038581848145, param_norm=1665.2574462890625
Step 507: grad_norm=15.292104721069336, loss=3.2210536003112793, param_norm=1665.257568359375
Step 508: grad_norm=6.931648254394531, loss=2.9407973289489746, param_norm=1665.258056640625
Step 509: grad_norm=11.395818710327148, loss=3.3009135723114014, param_norm=1665.2584228515625
Step 510: grad_norm=5.9400482177734375, loss=3.3621039390563965, param_norm=1665.2586669921875
Step 511: grad_norm=17.713171005249023, loss=3.202878952026367, param_norm=1665.2589111328125
Step 512: grad_norm=6.3621721267700195, loss=3.183962106704712, param_norm=1665.2591552734375
Step 513: grad_norm=22.01413345336914, loss=3.294619083404541, param_norm=1665.259521484375
Step 514: grad_norm=14.174178123474121, loss=3.2800464630126953, param_norm=1665.2598876953125
Step 515: grad_norm=10.026555061340332, loss=2.9053235054016113, param_norm=1665.2601318359375
Step 516: grad_norm=11.845768928527832, loss=3.0306906700134277, param_norm=1665.260498046875
Step 517: grad_norm=7.541927814483643, loss=3.090938091278076, param_norm=1665.2608642578125
Step 518: grad_norm=11.463289260864258, loss=2.927286386489868, param_norm=1665.2611083984375
Step 519: grad_norm=19.301509857177734, loss=3.18731689453125, param_norm=1665.261474609375
Step 520: grad_norm=5.564427375793457, loss=3.1923539638519287, param_norm=1665.26171875
Step 521: grad_norm=6.370935440063477, loss=3.153569459915161, param_norm=1665.2618408203125
Step 522: grad_norm=8.736559867858887, loss=3.243814468383789, param_norm=1665.2620849609375
Step 523: grad_norm=8.57126522064209, loss=3.1793642044067383, param_norm=1665.2623291015625
Step 524: grad_norm=14.32532024383545, loss=2.875406265258789, param_norm=1665.262451171875
Step 525: grad_norm=13.820914268493652, loss=2.978419780731201, param_norm=1665.2626953125
Step 526: grad_norm=12.637898445129395, loss=3.3712034225463867, param_norm=1665.2630615234375
Step 527: grad_norm=5.971076011657715, loss=3.251967430114746, param_norm=1665.2633056640625
Step 528: grad_norm=8.163540840148926, loss=3.2112035751342773, param_norm=1665.263671875
Step 529: grad_norm=7.572240352630615, loss=3.124574661254883, param_norm=1665.263916015625
Step 530: grad_norm=8.45337200164795, loss=3.1268343925476074, param_norm=1665.264404296875
Step 531: grad_norm=15.022008895874023, loss=3.315457820892334, param_norm=1665.2646484375
Step 532: grad_norm=12.084295272827148, loss=3.1409754753112793, param_norm=1665.2650146484375
Step 533: grad_norm=5.941627025604248, loss=3.112622022628784, param_norm=1665.26513671875
Step 534: grad_norm=7.390268802642822, loss=3.2207512855529785, param_norm=1665.265625
Step 535: grad_norm=6.373526573181152, loss=2.861649990081787, param_norm=1665.2657470703125
Step 536: grad_norm=11.35545825958252, loss=3.1746997833251953, param_norm=1665.2659912109375
Step 537: grad_norm=14.45794677734375, loss=3.0727574825286865, param_norm=1665.266357421875
Step 538: grad_norm=11.129013061523438, loss=3.2164225578308105, param_norm=1665.2666015625
Step 539: grad_norm=15.980148315429688, loss=3.4110054969787598, param_norm=1665.266845703125
Step 540: grad_norm=8.335003852844238, loss=3.113245725631714, param_norm=1665.2672119140625
Step 541: grad_norm=7.93332576751709, loss=3.343270778656006, param_norm=1665.267333984375
Step 542: grad_norm=5.515130519866943, loss=3.13931941986084, param_norm=1665.2677001953125
Step 543: grad_norm=10.595890998840332, loss=2.842735767364502, param_norm=1665.267822265625
Step 544: grad_norm=9.113593101501465, loss=3.091403007507324, param_norm=1665.26806640625
Step 545: grad_norm=10.893835067749023, loss=2.9144351482391357, param_norm=1665.2684326171875
Step 546: grad_norm=8.8419771194458, loss=3.281912088394165, param_norm=1665.2686767578125
Step 547: grad_norm=13.639810562133789, loss=3.1042215824127197, param_norm=1665.2689208984375
Step 548: grad_norm=5.564632892608643, loss=3.213244676589966, param_norm=1665.269287109375
Step 549: grad_norm=12.946194648742676, loss=3.2461440563201904, param_norm=1665.26953125
Step 550: grad_norm=12.243247985839844, loss=3.2599658966064453, param_norm=1665.2698974609375
Step 551: grad_norm=9.255722045898438, loss=2.9512574672698975, param_norm=1665.27001953125
Step 552: grad_norm=4.786488056182861, loss=3.0873663425445557, param_norm=1665.270263671875
Step 553: grad_norm=6.29622220993042, loss=3.0455219745635986, param_norm=1665.2706298828125
Step 554: grad_norm=11.387752532958984, loss=2.9968454837799072, param_norm=1665.2708740234375
Step 555: grad_norm=18.1881046295166, loss=3.162982225418091, param_norm=1665.271240234375
Step 556: grad_norm=20.140518188476562, loss=3.094464063644409, param_norm=1665.271484375
Step 557: grad_norm=6.0209245681762695, loss=2.9818243980407715, param_norm=1665.2718505859375
Step 558: grad_norm=14.92328929901123, loss=3.014129161834717, param_norm=1665.272216796875
Step 559: grad_norm=5.817965507507324, loss=3.2064414024353027, param_norm=1665.2724609375
Step 560: grad_norm=6.008956432342529, loss=3.163548469543457, param_norm=1665.2725830078125
Step 561: grad_norm=6.334652900695801, loss=2.9862637519836426, param_norm=1665.27294921875
Step 562: grad_norm=7.6134867668151855, loss=3.117457389831543, param_norm=1665.273193359375
Step 563: grad_norm=5.4377264976501465, loss=3.1968541145324707, param_norm=1665.2734375
Step 564: grad_norm=10.158819198608398, loss=3.1051039695739746, param_norm=1665.273681640625
Step 565: grad_norm=6.227222919464111, loss=3.050823450088501, param_norm=1665.27392578125
Step 566: grad_norm=5.953390121459961, loss=2.9857046604156494, param_norm=1665.274169921875
Step 567: grad_norm=10.173357009887695, loss=3.20951247215271, param_norm=1665.2744140625
Step 568: grad_norm=5.299310207366943, loss=3.150334358215332, param_norm=1665.2745361328125
Step 569: grad_norm=5.319549560546875, loss=3.2779388427734375, param_norm=1665.27490234375
Step 570: grad_norm=10.186739921569824, loss=3.1228973865509033, param_norm=1665.275146484375
Step 571: grad_norm=6.427188396453857, loss=3.300708532333374, param_norm=1665.2752685546875
Step 572: grad_norm=9.32907485961914, loss=3.0928096771240234, param_norm=1665.275634765625
Step 573: grad_norm=4.800107479095459, loss=3.1888341903686523, param_norm=1665.27587890625
Step 574: grad_norm=6.03566312789917, loss=3.020792007446289, param_norm=1665.276123046875
Step 575: grad_norm=5.334314823150635, loss=3.042006015777588, param_norm=1665.2764892578125
Step 576: grad_norm=4.957552909851074, loss=3.0484838485717773, param_norm=1665.27685546875
Step 577: grad_norm=4.444691181182861, loss=3.086787462234497, param_norm=1665.2772216796875
Step 578: grad_norm=14.751928329467773, loss=3.1522700786590576, param_norm=1665.2777099609375
Step 579: grad_norm=7.235450267791748, loss=3.0434067249298096, param_norm=1665.278076171875
Step 580: grad_norm=6.802648067474365, loss=3.432438373565674, param_norm=1665.2784423828125
Step 581: grad_norm=5.809126377105713, loss=2.9935481548309326, param_norm=1665.27880859375
Step 582: grad_norm=7.830484390258789, loss=3.0362350940704346, param_norm=1665.2791748046875
Step 583: grad_norm=7.5503058433532715, loss=2.9867448806762695, param_norm=1665.2796630859375
Step 584: grad_norm=6.013981342315674, loss=3.1267483234405518, param_norm=1665.280029296875
Step 585: grad_norm=8.31519603729248, loss=3.3068642616271973, param_norm=1665.2802734375
Step 586: grad_norm=10.034930229187012, loss=3.122143030166626, param_norm=1665.280517578125
Step 587: grad_norm=8.202262878417969, loss=3.2467565536499023, param_norm=1665.28076171875
Step 588: grad_norm=9.802290916442871, loss=3.2526254653930664, param_norm=1665.281005859375
Step 589: grad_norm=6.944787979125977, loss=2.978292942047119, param_norm=1665.2813720703125
Step 590: grad_norm=11.039156913757324, loss=3.530552625656128, param_norm=1665.2816162109375
Step 591: grad_norm=11.871147155761719, loss=3.0574498176574707, param_norm=1665.281982421875
Step 592: grad_norm=7.657959938049316, loss=3.121516466140747, param_norm=1665.2822265625
Step 593: grad_norm=6.2280707359313965, loss=2.817577362060547, param_norm=1665.2825927734375
Step 594: grad_norm=8.251564979553223, loss=3.21433687210083, param_norm=1665.282958984375
Step 595: grad_norm=9.914928436279297, loss=3.1113338470458984, param_norm=1665.2833251953125
Step 596: grad_norm=8.802536010742188, loss=3.2207775115966797, param_norm=1665.28369140625
Step 597: grad_norm=7.6061201095581055, loss=3.036850929260254, param_norm=1665.283935546875
Step 598: grad_norm=6.44757604598999, loss=3.140570878982544, param_norm=1665.2840576171875
Step 599: grad_norm=11.206969261169434, loss=3.1861560344696045, param_norm=1665.2845458984375
Step 600: grad_norm=8.245675086975098, loss=3.1488704681396484, param_norm=1665.28466796875
Step 601: grad_norm=10.283805847167969, loss=3.0493459701538086, param_norm=1665.284912109375
Step 602: grad_norm=6.725901126861572, loss=3.147728681564331, param_norm=1665.2852783203125
Step 603: grad_norm=16.239839553833008, loss=3.347351551055908, param_norm=1665.2855224609375
Step 604: grad_norm=13.282756805419922, loss=3.087935447692871, param_norm=1665.2857666015625
Step 605: grad_norm=14.893643379211426, loss=2.994086742401123, param_norm=1665.2860107421875
Step 606: grad_norm=5.739656448364258, loss=3.0200648307800293, param_norm=1665.2862548828125
Step 607: grad_norm=8.662178039550781, loss=2.9318108558654785, param_norm=1665.2864990234375
Step 608: grad_norm=9.515325546264648, loss=3.2193522453308105, param_norm=1665.2867431640625
Step 609: grad_norm=10.410215377807617, loss=3.1835579872131348, param_norm=1665.2869873046875
Step 610: grad_norm=14.745261192321777, loss=3.049030065536499, param_norm=1665.287353515625
Step 611: grad_norm=5.23301887512207, loss=3.2526814937591553, param_norm=1665.28759765625
Step 612: grad_norm=8.969429016113281, loss=3.2058467864990234, param_norm=1665.287841796875
Step 613: grad_norm=5.424978256225586, loss=3.055001735687256, param_norm=1665.2880859375
Step 614: grad_norm=6.620514392852783, loss=3.010115623474121, param_norm=1665.288330078125
Step 615: grad_norm=7.040029048919678, loss=2.908370018005371, param_norm=1665.28857421875
Step 616: grad_norm=5.503321647644043, loss=3.2904300689697266, param_norm=1665.2889404296875
Step 617: grad_norm=8.708388328552246, loss=3.106952667236328, param_norm=1665.2891845703125
Step 618: grad_norm=6.153703689575195, loss=3.181126594543457, param_norm=1665.2894287109375
Step 619: grad_norm=10.435709953308105, loss=3.1289820671081543, param_norm=1665.289794921875
Step 620: grad_norm=4.56534481048584, loss=3.1678757667541504, param_norm=1665.2900390625
Step 621: grad_norm=8.457586288452148, loss=3.053246259689331, param_norm=1665.290283203125
Step 622: grad_norm=5.256397247314453, loss=3.1297550201416016, param_norm=1665.290771484375
Step 623: grad_norm=5.563988208770752, loss=3.2418293952941895, param_norm=1665.2908935546875
Step 624: grad_norm=5.565506935119629, loss=3.2759153842926025, param_norm=1665.2911376953125
Step 625: grad_norm=6.244405269622803, loss=3.1106314659118652, param_norm=1665.2913818359375
Step 626: grad_norm=7.618730068206787, loss=3.1852684020996094, param_norm=1665.2916259765625
Step 627: grad_norm=5.283069133758545, loss=3.147864818572998, param_norm=1665.2918701171875
Step 628: grad_norm=7.299474716186523, loss=3.163875102996826, param_norm=1665.2921142578125
Step 629: grad_norm=7.498623371124268, loss=2.9988789558410645, param_norm=1665.292236328125
Step 630: grad_norm=5.159604549407959, loss=3.000044822692871, param_norm=1665.292724609375
Step 631: grad_norm=15.470593452453613, loss=3.2805745601654053, param_norm=1665.2928466796875
Step 632: grad_norm=7.141443729400635, loss=2.987616539001465, param_norm=1665.293212890625
Step 633: grad_norm=8.734819412231445, loss=3.1896774768829346, param_norm=1665.29345703125
Step 634: grad_norm=9.773093223571777, loss=2.9244794845581055, param_norm=1665.2938232421875
Step 635: grad_norm=9.280312538146973, loss=2.9539599418640137, param_norm=1665.2940673828125
Step 636: grad_norm=13.769009590148926, loss=2.995121955871582, param_norm=1665.29443359375
Step 637: grad_norm=13.350203514099121, loss=3.1381430625915527, param_norm=1665.294677734375
Step 638: grad_norm=5.417751789093018, loss=2.900355815887451, param_norm=1665.2950439453125
Step 639: grad_norm=8.568822860717773, loss=3.223416805267334, param_norm=1665.2952880859375
Step 640: grad_norm=19.54820442199707, loss=3.0206892490386963, param_norm=1665.295654296875
Step 641: grad_norm=21.492477416992188, loss=2.7800962924957275, param_norm=1665.2957763671875
Step 642: grad_norm=13.921435356140137, loss=3.1687822341918945, param_norm=1665.296142578125
Step 643: grad_norm=5.662854194641113, loss=3.3742995262145996, param_norm=1665.2965087890625
Step 644: grad_norm=5.700749397277832, loss=2.9722752571105957, param_norm=1665.2967529296875
Step 645: grad_norm=5.569890022277832, loss=2.945219039916992, param_norm=1665.297119140625
Step 646: grad_norm=9.997320175170898, loss=3.0729947090148926, param_norm=1665.29736328125
Step 647: grad_norm=9.935433387756348, loss=3.2477753162384033, param_norm=1665.2977294921875
Step 648: grad_norm=5.710790157318115, loss=3.1069326400756836, param_norm=1665.2979736328125
Step 649: grad_norm=18.724531173706055, loss=3.2336106300354004, param_norm=1665.2982177734375
Step 650: grad_norm=4.675173282623291, loss=3.107229232788086, param_norm=1665.2984619140625
Step 651: grad_norm=4.877551078796387, loss=2.9413938522338867, param_norm=1665.2987060546875
Step 652: grad_norm=5.708224773406982, loss=2.97310209274292, param_norm=1665.2989501953125
Step 653: grad_norm=16.319503784179688, loss=3.1433539390563965, param_norm=1665.2991943359375
Step 654: grad_norm=7.583664417266846, loss=2.8922457695007324, param_norm=1665.29931640625
Step 655: grad_norm=9.184293746948242, loss=3.214054584503174, param_norm=1665.299560546875
Step 656: grad_norm=5.40963077545166, loss=2.9776971340179443, param_norm=1665.2998046875
Step 657: grad_norm=6.861751079559326, loss=3.0539889335632324, param_norm=1665.300048828125
Step 658: grad_norm=5.9948859214782715, loss=3.12852144241333, param_norm=1665.30029296875
Step 659: grad_norm=10.548681259155273, loss=3.2911860942840576, param_norm=1665.3004150390625
Step 660: grad_norm=12.00653076171875, loss=3.1687381267547607, param_norm=1665.3006591796875
Step 661: grad_norm=7.788522720336914, loss=3.259758472442627, param_norm=1665.3009033203125
Step 662: grad_norm=6.710824966430664, loss=3.046774387359619, param_norm=1665.3011474609375
Step 663: grad_norm=5.6491379737854, loss=3.029754161834717, param_norm=1665.3013916015625
Step 664: grad_norm=9.319852828979492, loss=3.0149922370910645, param_norm=1665.3016357421875
Step 665: grad_norm=6.385116100311279, loss=3.1489648818969727, param_norm=1665.3018798828125
Step 666: grad_norm=7.6212358474731445, loss=3.114593267440796, param_norm=1665.3021240234375
Step 667: grad_norm=8.933563232421875, loss=3.3263015747070312, param_norm=1665.3023681640625
Step 668: grad_norm=8.6084566116333, loss=2.8358774185180664, param_norm=1665.3026123046875
Step 669: grad_norm=9.512645721435547, loss=3.0820908546447754, param_norm=1665.3031005859375
Step 670: grad_norm=10.513803482055664, loss=3.173353672027588, param_norm=1665.30322265625
Step 671: grad_norm=6.339644432067871, loss=3.010247230529785, param_norm=1665.3035888671875
Step 672: grad_norm=6.961741924285889, loss=3.0496106147766113, param_norm=1665.3038330078125
Step 673: grad_norm=3.802373170852661, loss=3.046546459197998, param_norm=1665.30419921875
Step 674: grad_norm=6.349997043609619, loss=3.123758316040039, param_norm=1665.304443359375
Step 675: grad_norm=10.237349510192871, loss=3.144867420196533, param_norm=1665.3045654296875
Step 676: grad_norm=9.84716796875, loss=2.8630199432373047, param_norm=1665.304931640625
Step 677: grad_norm=8.198315620422363, loss=3.129660129547119, param_norm=1665.3050537109375
Step 678: grad_norm=13.310365676879883, loss=3.0895252227783203, param_norm=1665.3052978515625
Step 679: grad_norm=4.218132972717285, loss=2.924004077911377, param_norm=1665.3055419921875
Step 680: grad_norm=10.022010803222656, loss=3.1662089824676514, param_norm=1665.3057861328125
Step 681: grad_norm=5.4331865310668945, loss=3.2687947750091553, param_norm=1665.305908203125
Step 682: grad_norm=7.122426986694336, loss=2.7616262435913086, param_norm=1665.3062744140625
Step 683: grad_norm=7.846526145935059, loss=2.9808316230773926, param_norm=1665.3065185546875
Step 684: grad_norm=9.211151123046875, loss=3.168654441833496, param_norm=1665.3067626953125
Step 685: grad_norm=4.4608964920043945, loss=2.907430648803711, param_norm=1665.30712890625
Step 686: grad_norm=6.792196273803711, loss=3.198479175567627, param_norm=1665.307373046875
Step 687: grad_norm=6.226154327392578, loss=3.1567492485046387, param_norm=1665.3077392578125
Step 688: grad_norm=8.939528465270996, loss=3.208786964416504, param_norm=1665.3079833984375
Step 689: grad_norm=7.069249153137207, loss=3.1238467693328857, param_norm=1665.308349609375
Step 690: grad_norm=10.508686065673828, loss=2.9119224548339844, param_norm=1665.30859375
Step 691: grad_norm=5.74547004699707, loss=2.8987112045288086, param_norm=1665.3089599609375
Step 692: grad_norm=4.704417705535889, loss=3.077120780944824, param_norm=1665.3092041015625
Step 693: grad_norm=17.469839096069336, loss=3.3480472564697266, param_norm=1665.3094482421875
Step 694: grad_norm=5.807546615600586, loss=2.801701545715332, param_norm=1665.309814453125
Step 695: grad_norm=4.970911502838135, loss=3.211982011795044, param_norm=1665.31005859375
Step 696: grad_norm=5.013253688812256, loss=3.321013927459717, param_norm=1665.3104248046875
Step 697: grad_norm=4.729809761047363, loss=3.0034379959106445, param_norm=1665.3106689453125
Step 698: grad_norm=16.694107055664062, loss=3.01369047164917, param_norm=1665.31103515625
Step 699: grad_norm=15.12870979309082, loss=2.93640398979187, param_norm=1665.311279296875
Step 700: grad_norm=11.734116554260254, loss=2.975752115249634, param_norm=1665.3115234375
Step 701: grad_norm=5.9585394859313965, loss=2.9371261596679688, param_norm=1665.3118896484375
Step 702: grad_norm=5.979123592376709, loss=3.1549887657165527, param_norm=1665.3121337890625
Step 703: grad_norm=4.872896671295166, loss=3.022803783416748, param_norm=1665.3125
Step 704: grad_norm=10.13637924194336, loss=3.124537229537964, param_norm=1665.312744140625
Step 705: grad_norm=6.873006820678711, loss=3.187119960784912, param_norm=1665.31298828125
Step 706: grad_norm=5.9983296394348145, loss=3.039004325866699, param_norm=1665.3133544921875
Step 707: grad_norm=7.27523946762085, loss=3.173112392425537, param_norm=1665.3135986328125
Step 708: grad_norm=10.166234970092773, loss=3.1299571990966797, param_norm=1665.31396484375
Step 709: grad_norm=11.227143287658691, loss=2.951932907104492, param_norm=1665.3143310546875
Step 710: grad_norm=5.980265140533447, loss=3.0667667388916016, param_norm=1665.314453125
Step 711: grad_norm=4.163880348205566, loss=3.0287318229675293, param_norm=1665.3148193359375
Step 712: grad_norm=4.9605183601379395, loss=3.0457217693328857, param_norm=1665.3153076171875
Step 713: grad_norm=4.9917192459106445, loss=3.0408072471618652, param_norm=1665.3155517578125
Step 714: grad_norm=11.649927139282227, loss=3.0705559253692627, param_norm=1665.3160400390625
Step 715: grad_norm=10.32536506652832, loss=2.780600070953369, param_norm=1665.3162841796875
Step 716: grad_norm=4.4248857498168945, loss=3.234078884124756, param_norm=1665.3167724609375
Step 717: grad_norm=14.3671236038208, loss=3.1538920402526855, param_norm=1665.317138671875
Step 718: grad_norm=5.795023441314697, loss=2.9321799278259277, param_norm=1665.3173828125
Step 719: grad_norm=4.572585582733154, loss=2.9776346683502197, param_norm=1665.317626953125
Step 720: grad_norm=14.852154731750488, loss=3.3023569583892822, param_norm=1665.3179931640625
Step 721: grad_norm=13.115386009216309, loss=3.1946325302124023, param_norm=1665.3182373046875
Step 722: grad_norm=5.060432434082031, loss=3.0298705101013184, param_norm=1665.318359375
Step 723: grad_norm=11.217308044433594, loss=3.076632261276245, param_norm=1665.318603515625
Step 724: grad_norm=9.411661148071289, loss=3.0828795433044434, param_norm=1665.31884765625
Step 725: grad_norm=5.198146820068359, loss=2.9914205074310303, param_norm=1665.319091796875
Step 726: grad_norm=7.668624401092529, loss=3.1481270790100098, param_norm=1665.3193359375
Step 727: grad_norm=6.106452465057373, loss=2.916409492492676, param_norm=1665.319580078125
Step 728: grad_norm=12.00842571258545, loss=3.1588408946990967, param_norm=1665.31982421875
Step 729: grad_norm=5.491745948791504, loss=3.034763813018799, param_norm=1665.320068359375
Step 730: grad_norm=6.782785892486572, loss=2.9717912673950195, param_norm=1665.3203125
Step 731: grad_norm=4.608005523681641, loss=2.974752426147461, param_norm=1665.320556640625
Step 732: grad_norm=5.162267208099365, loss=3.0414719581604004, param_norm=1665.3209228515625
Step 733: grad_norm=7.64631462097168, loss=3.239776849746704, param_norm=1665.3211669921875
Step 734: grad_norm=6.831696510314941, loss=3.1501851081848145, param_norm=1665.3214111328125
Step 735: grad_norm=4.9432196617126465, loss=2.8942320346832275, param_norm=1665.32177734375
Step 736: grad_norm=7.303923606872559, loss=3.202453136444092, param_norm=1665.3218994140625
Step 737: grad_norm=7.257151126861572, loss=3.163560390472412, param_norm=1665.322265625
Step 738: grad_norm=4.578524112701416, loss=2.935648202896118, param_norm=1665.3226318359375
Step 739: grad_norm=5.458054065704346, loss=3.208482265472412, param_norm=1665.3228759765625
Step 740: grad_norm=7.617208957672119, loss=3.012239933013916, param_norm=1665.3232421875
Step 741: grad_norm=11.605548858642578, loss=2.973602533340454, param_norm=1665.3236083984375
Step 742: grad_norm=4.970919609069824, loss=3.1109044551849365, param_norm=1665.3238525390625
Step 743: grad_norm=13.17834758758545, loss=3.181547164916992, param_norm=1665.32421875
Step 744: grad_norm=6.016149044036865, loss=3.114504814147949, param_norm=1665.3245849609375
Step 745: grad_norm=8.28354263305664, loss=3.158710479736328, param_norm=1665.324951171875
Step 746: grad_norm=7.134815216064453, loss=3.087545394897461, param_norm=1665.3251953125
Step 747: grad_norm=5.250970363616943, loss=3.056703567504883, param_norm=1665.3255615234375
Step 748: grad_norm=7.173971176147461, loss=3.0926146507263184, param_norm=1665.3258056640625
Step 749: grad_norm=6.061206340789795, loss=3.0592434406280518, param_norm=1665.326171875
Step 750: grad_norm=5.359551906585693, loss=3.004499673843384, param_norm=1665.326416015625
Step 751: grad_norm=4.5624260902404785, loss=3.044584274291992, param_norm=1665.32666015625
Step 752: grad_norm=9.805231094360352, loss=3.0218799114227295, param_norm=1665.326904296875
Step 753: grad_norm=5.449275970458984, loss=2.931033134460449, param_norm=1665.3271484375
Step 754: grad_norm=11.387979507446289, loss=2.942267656326294, param_norm=1665.327392578125
Step 755: grad_norm=10.788372993469238, loss=3.110208511352539, param_norm=1665.3277587890625
Step 756: grad_norm=5.070550918579102, loss=3.213548183441162, param_norm=1665.3280029296875
Step 757: grad_norm=5.160478115081787, loss=3.2068185806274414, param_norm=1665.328125
Step 758: grad_norm=10.239913940429688, loss=3.156003475189209, param_norm=1665.3284912109375
Step 759: grad_norm=6.636441707611084, loss=3.0762600898742676, param_norm=1665.32861328125
Step 760: grad_norm=5.036544322967529, loss=3.083089828491211, param_norm=1665.3289794921875
Step 761: grad_norm=10.44459056854248, loss=2.8971962928771973, param_norm=1665.3292236328125
Step 762: grad_norm=6.875439643859863, loss=3.119281768798828, param_norm=1665.3294677734375
Step 763: grad_norm=4.479981899261475, loss=2.999485492706299, param_norm=1665.329833984375
Step 764: grad_norm=5.583808422088623, loss=3.117950916290283, param_norm=1665.330078125
Step 765: grad_norm=4.915134429931641, loss=3.097428560256958, param_norm=1665.3304443359375
Step 766: grad_norm=9.814936637878418, loss=2.941134452819824, param_norm=1665.330810546875
Step 767: grad_norm=6.200883865356445, loss=3.026124954223633, param_norm=1665.3310546875
Step 768: grad_norm=7.908621788024902, loss=2.983830451965332, param_norm=1665.331298828125
Step 769: grad_norm=5.380804061889648, loss=3.015803813934326, param_norm=1665.3316650390625
Step 770: grad_norm=5.090119361877441, loss=3.21895694732666, param_norm=1665.3319091796875
Step 771: grad_norm=4.660843372344971, loss=3.109440565109253, param_norm=1665.332275390625
Step 772: grad_norm=4.387908458709717, loss=3.274290084838867, param_norm=1665.3323974609375
Step 773: grad_norm=11.813583374023438, loss=3.024527072906494, param_norm=1665.3326416015625
Step 774: grad_norm=7.147946357727051, loss=3.0917305946350098, param_norm=1665.3328857421875
Step 775: grad_norm=16.54052734375, loss=2.879192352294922, param_norm=1665.333251953125
Step 776: grad_norm=8.811971664428711, loss=3.0346169471740723, param_norm=1665.33349609375
Step 777: grad_norm=5.7926506996154785, loss=3.271414279937744, param_norm=1665.333740234375
Step 778: grad_norm=8.94768238067627, loss=3.0066568851470947, param_norm=1665.333984375
Step 779: grad_norm=6.755649089813232, loss=3.0425221920013428, param_norm=1665.3343505859375
Step 780: grad_norm=7.167330265045166, loss=2.9324865341186523, param_norm=1665.3345947265625
Step 781: grad_norm=4.643717288970947, loss=2.7836508750915527, param_norm=1665.3348388671875
Step 782: grad_norm=13.897867202758789, loss=3.1362361907958984, param_norm=1665.335205078125
Step 783: grad_norm=17.239980697631836, loss=3.056032657623291, param_norm=1665.3355712890625
Step 784: grad_norm=15.076864242553711, loss=2.8596606254577637, param_norm=1665.3358154296875
Step 785: grad_norm=10.279921531677246, loss=3.0439510345458984, param_norm=1665.336181640625
Step 786: grad_norm=6.244789123535156, loss=3.137434959411621, param_norm=1665.33642578125
Step 787: grad_norm=7.1728339195251465, loss=2.9662959575653076, param_norm=1665.336669921875
Step 788: grad_norm=6.799001216888428, loss=2.9702463150024414, param_norm=1665.3369140625
Step 789: grad_norm=6.836391925811768, loss=2.8804023265838623, param_norm=1665.337158203125
Step 790: grad_norm=11.456748008728027, loss=3.0133190155029297, param_norm=1665.33740234375
Step 791: grad_norm=18.97488021850586, loss=3.124582052230835, param_norm=1665.337646484375
Step 792: grad_norm=9.419387817382812, loss=2.87980318069458, param_norm=1665.337890625
Step 793: grad_norm=5.694675445556641, loss=2.9697182178497314, param_norm=1665.3382568359375
Step 794: grad_norm=5.613443374633789, loss=3.0439467430114746, param_norm=1665.3385009765625
Step 795: grad_norm=6.762241840362549, loss=2.981409788131714, param_norm=1665.338623046875
Step 796: grad_norm=10.366857528686523, loss=3.205260753631592, param_norm=1665.339111328125
Step 797: grad_norm=6.837442874908447, loss=2.970245838165283, param_norm=1665.33935546875
Step 798: grad_norm=4.887752056121826, loss=3.118187427520752, param_norm=1665.339599609375
Step 799: grad_norm=8.093788146972656, loss=2.833826780319214, param_norm=1665.33984375
Step 800: grad_norm=17.9119930267334, loss=2.8430869579315186, param_norm=1665.3402099609375
Step 801: grad_norm=9.70263957977295, loss=3.277097702026367, param_norm=1665.3404541015625
Step 802: grad_norm=7.870792388916016, loss=3.0936410427093506, param_norm=1665.340576171875
Step 803: grad_norm=4.4251389503479, loss=2.9542460441589355, param_norm=1665.3409423828125
Step 804: grad_norm=5.425294876098633, loss=3.0731568336486816, param_norm=1665.3411865234375
Step 805: grad_norm=19.041128158569336, loss=3.093181610107422, param_norm=1665.3414306640625
Step 806: grad_norm=9.888422966003418, loss=3.364000082015991, param_norm=1665.341796875
Step 807: grad_norm=6.261447906494141, loss=2.705533742904663, param_norm=1665.3421630859375
Step 808: grad_norm=6.458684921264648, loss=3.286357879638672, param_norm=1665.3424072265625
Step 809: grad_norm=8.255942344665527, loss=3.1971023082733154, param_norm=1665.3426513671875
Step 810: grad_norm=13.650518417358398, loss=3.1555533409118652, param_norm=1665.343017578125
Step 811: grad_norm=7.849545478820801, loss=3.1287031173706055, param_norm=1665.3431396484375
Step 812: grad_norm=5.1852946281433105, loss=2.7908897399902344, param_norm=1665.343505859375
Step 813: grad_norm=5.796867370605469, loss=3.0472917556762695, param_norm=1665.343505859375
Step 814: grad_norm=5.373095512390137, loss=3.081660270690918, param_norm=1665.34375
Step 815: grad_norm=4.475455284118652, loss=3.1449713706970215, param_norm=1665.343994140625
Step 816: grad_norm=6.410881996154785, loss=2.945603847503662, param_norm=1665.3441162109375
Step 817: grad_norm=7.6447038650512695, loss=2.80267333984375, param_norm=1665.3443603515625
Step 818: grad_norm=7.9037909507751465, loss=2.9499754905700684, param_norm=1665.3446044921875
Step 819: grad_norm=6.320263862609863, loss=3.0816006660461426, param_norm=1665.3448486328125
Step 820: grad_norm=6.289554595947266, loss=3.0269973278045654, param_norm=1665.3450927734375
Step 821: grad_norm=4.758528709411621, loss=2.929741382598877, param_norm=1665.3453369140625
Step 822: grad_norm=7.342552661895752, loss=3.098787307739258, param_norm=1665.345458984375
Step 823: grad_norm=8.371078491210938, loss=3.102994918823242, param_norm=1665.3458251953125
Step 824: grad_norm=6.898418426513672, loss=2.995513439178467, param_norm=1665.3460693359375
Step 825: grad_norm=4.39752721786499, loss=3.125608444213867, param_norm=1665.3463134765625
Step 826: grad_norm=11.501799583435059, loss=2.956432580947876, param_norm=1665.3466796875
Step 827: grad_norm=5.868386268615723, loss=3.1522157192230225, param_norm=1665.3468017578125
Step 828: grad_norm=5.089104175567627, loss=2.9147462844848633, param_norm=1665.34716796875
Step 829: grad_norm=5.742403984069824, loss=3.105384588241577, param_norm=1665.3475341796875
Step 830: grad_norm=6.381483554840088, loss=2.9331541061401367, param_norm=1665.3477783203125
Step 831: grad_norm=6.705564022064209, loss=2.990504741668701, param_norm=1665.34814453125
Step 832: grad_norm=9.743128776550293, loss=3.120450735092163, param_norm=1665.3485107421875
Step 833: grad_norm=4.377849102020264, loss=2.827932357788086, param_norm=1665.3487548828125
Step 834: grad_norm=4.8337321281433105, loss=2.917949676513672, param_norm=1665.3492431640625
Step 835: grad_norm=8.987140655517578, loss=3.0372745990753174, param_norm=1665.3494873046875
Step 836: grad_norm=8.778234481811523, loss=3.2142739295959473, param_norm=1665.3497314453125
Step 837: grad_norm=4.368234157562256, loss=2.900176525115967, param_norm=1665.3502197265625
Step 838: grad_norm=10.03454875946045, loss=3.062831401824951, param_norm=1665.350341796875
Step 839: grad_norm=13.18520736694336, loss=2.9306063652038574, param_norm=1665.3507080078125
Step 840: grad_norm=7.3689494132995605, loss=2.975165367126465, param_norm=1665.3509521484375
Step 841: grad_norm=7.8296589851379395, loss=3.020296096801758, param_norm=1665.351318359375
Step 842: grad_norm=5.5557355880737305, loss=3.05851411819458, param_norm=1665.3515625
Step 843: grad_norm=4.125288009643555, loss=3.172480583190918, param_norm=1665.3519287109375
Step 844: grad_norm=6.225560188293457, loss=2.9267091751098633, param_norm=1665.3521728515625
Step 845: grad_norm=5.542859077453613, loss=2.9809863567352295, param_norm=1665.3524169921875
Step 846: grad_norm=6.636067867279053, loss=3.0802273750305176, param_norm=1665.3526611328125
Step 847: grad_norm=4.396438121795654, loss=2.8610033988952637, param_norm=1665.3529052734375
Step 848: grad_norm=7.056448459625244, loss=3.046314239501953, param_norm=1665.353271484375
Step 849: grad_norm=4.69103479385376, loss=3.0117509365081787, param_norm=1665.353515625
Step 850: grad_norm=4.155003547668457, loss=3.002044677734375, param_norm=1665.3538818359375
Step 851: grad_norm=4.325229167938232, loss=3.143152952194214, param_norm=1665.3541259765625
Step 852: grad_norm=4.223236083984375, loss=2.8643860816955566, param_norm=1665.3544921875
Step 853: grad_norm=6.6358137130737305, loss=3.128530740737915, param_norm=1665.354736328125
Step 854: grad_norm=7.299494743347168, loss=3.070158004760742, param_norm=1665.3551025390625
Step 855: grad_norm=4.538206577301025, loss=3.105654716491699, param_norm=1665.3553466796875
Step 856: grad_norm=4.9982194900512695, loss=3.23392391204834, param_norm=1665.3555908203125
Step 857: grad_norm=11.743133544921875, loss=3.156501293182373, param_norm=1665.3558349609375
Step 858: grad_norm=10.253812789916992, loss=3.110416889190674, param_norm=1665.3560791015625
Step 859: grad_norm=10.919041633605957, loss=3.1570751667022705, param_norm=1665.3564453125
Step 860: grad_norm=5.0391845703125, loss=3.0797133445739746, param_norm=1665.3565673828125
Step 861: grad_norm=17.574111938476562, loss=3.160409688949585, param_norm=1665.3568115234375
Step 862: grad_norm=5.641520977020264, loss=3.060002088546753, param_norm=1665.3570556640625
Step 863: grad_norm=8.536614418029785, loss=2.818310022354126, param_norm=1665.357177734375
Step 864: grad_norm=5.446963787078857, loss=2.808807611465454, param_norm=1665.357421875
Step 865: grad_norm=11.77411937713623, loss=2.9535393714904785, param_norm=1665.3577880859375
Step 866: grad_norm=5.751716136932373, loss=3.0328707695007324, param_norm=1665.3580322265625
Step 867: grad_norm=5.1246209144592285, loss=2.932163953781128, param_norm=1665.358154296875
Step 868: grad_norm=6.079030513763428, loss=3.1397175788879395, param_norm=1665.3585205078125
Step 869: grad_norm=21.36717414855957, loss=3.182459831237793, param_norm=1665.358642578125
Step 870: grad_norm=6.215100288391113, loss=3.120898723602295, param_norm=1665.3590087890625
Step 871: grad_norm=4.447895050048828, loss=2.947673797607422, param_norm=1665.359130859375
Step 872: grad_norm=15.353049278259277, loss=3.1537110805511475, param_norm=1665.3592529296875
Step 873: grad_norm=13.388449668884277, loss=2.9086525440216064, param_norm=1665.3594970703125
Step 874: grad_norm=5.701668739318848, loss=3.0743463039398193, param_norm=1665.3597412109375
Step 875: grad_norm=10.959240913391113, loss=3.0815439224243164, param_norm=1665.35986328125
Step 876: grad_norm=8.124857902526855, loss=3.0011463165283203, param_norm=1665.360107421875
Step 877: grad_norm=4.851041316986084, loss=3.1393380165100098, param_norm=1665.3603515625
Step 878: grad_norm=5.974705219268799, loss=2.9570441246032715, param_norm=1665.360595703125
Step 879: grad_norm=9.535184860229492, loss=2.9237046241760254, param_norm=1665.36083984375
Step 880: grad_norm=9.211990356445312, loss=2.836245059967041, param_norm=1665.3609619140625
Step 881: grad_norm=6.352870464324951, loss=2.8167965412139893, param_norm=1665.361328125
Step 882: grad_norm=7.628787517547607, loss=2.9674854278564453, param_norm=1665.3614501953125
Step 883: grad_norm=8.685869216918945, loss=3.067068099975586, param_norm=1665.36181640625
Step 884: grad_norm=15.985613822937012, loss=3.0804128646850586, param_norm=1665.362060546875
Step 885: grad_norm=20.676166534423828, loss=2.765094518661499, param_norm=1665.3623046875
Step 886: grad_norm=23.271175384521484, loss=2.662773609161377, param_norm=1665.362548828125
Step 887: grad_norm=7.225807189941406, loss=3.15106201171875, param_norm=1665.36279296875
Step 888: grad_norm=9.188352584838867, loss=2.890165328979492, param_norm=1665.363037109375
Step 889: grad_norm=6.21392297744751, loss=3.1504669189453125, param_norm=1665.36328125
Step 890: grad_norm=5.086872100830078, loss=3.041083812713623, param_norm=1665.3634033203125
Step 891: grad_norm=13.518792152404785, loss=2.8943982124328613, param_norm=1665.3636474609375
Step 892: grad_norm=5.946240425109863, loss=2.860996723175049, param_norm=1665.3638916015625
Step 893: grad_norm=7.108797550201416, loss=3.0525481700897217, param_norm=1665.364013671875
Step 894: grad_norm=5.932709693908691, loss=3.128878116607666, param_norm=1665.3643798828125
Step 895: grad_norm=6.065483570098877, loss=2.933053493499756, param_norm=1665.364501953125
Step 896: grad_norm=8.681836128234863, loss=2.933222532272339, param_norm=1665.3648681640625
Step 897: grad_norm=4.597226619720459, loss=2.998176336288452, param_norm=1665.3651123046875
Step 898: grad_norm=6.614258766174316, loss=2.8631153106689453, param_norm=1665.3653564453125
Step 899: grad_norm=8.986862182617188, loss=3.2019436359405518, param_norm=1665.36572265625
Step 900: grad_norm=6.078027248382568, loss=2.96122407913208, param_norm=1665.365966796875
Step 901: grad_norm=4.165390491485596, loss=3.048583507537842, param_norm=1665.3662109375
Step 902: grad_norm=13.931966781616211, loss=2.9350838661193848, param_norm=1665.3665771484375
Step 903: grad_norm=8.138237953186035, loss=3.2821407318115234, param_norm=1665.36669921875
Step 904: grad_norm=5.854773044586182, loss=2.84470272064209, param_norm=1665.3670654296875
Step 905: grad_norm=4.556150436401367, loss=2.900254726409912, param_norm=1665.3673095703125
Step 906: grad_norm=10.922220230102539, loss=3.0689401626586914, param_norm=1665.3675537109375
Step 907: grad_norm=15.611931800842285, loss=3.071173667907715, param_norm=1665.367919921875
Step 908: grad_norm=8.240331649780273, loss=3.092532157897949, param_norm=1665.3682861328125
Step 909: grad_norm=5.500556468963623, loss=2.8857147693634033, param_norm=1665.3685302734375
Step 910: grad_norm=5.391232013702393, loss=2.937844753265381, param_norm=1665.368896484375
Step 911: grad_norm=8.010685920715332, loss=2.949270248413086, param_norm=1665.369140625
Step 912: grad_norm=5.644756317138672, loss=3.0121026039123535, param_norm=1665.3695068359375
Step 913: grad_norm=4.152187824249268, loss=2.8951919078826904, param_norm=1665.3697509765625
Step 914: grad_norm=7.114401340484619, loss=3.062528610229492, param_norm=1665.3701171875
Step 915: grad_norm=4.513448715209961, loss=3.001218318939209, param_norm=1665.370361328125
Step 916: grad_norm=10.083928108215332, loss=3.0476584434509277, param_norm=1665.37060546875
Step 917: grad_norm=6.578135013580322, loss=2.9104623794555664, param_norm=1665.3709716796875
Step 918: grad_norm=4.86693000793457, loss=3.2171640396118164, param_norm=1665.3712158203125
Step 919: grad_norm=5.389471530914307, loss=2.968217134475708, param_norm=1665.37158203125
Step 920: grad_norm=8.256721496582031, loss=3.120321750640869, param_norm=1665.371826171875
Step 921: grad_norm=12.1755952835083, loss=3.134976387023926, param_norm=1665.372314453125
Step 922: grad_norm=6.923264503479004, loss=3.0636744499206543, param_norm=1665.3724365234375
Step 923: grad_norm=5.937897205352783, loss=3.2881860733032227, param_norm=1665.372802734375
Step 924: grad_norm=7.396622180938721, loss=2.9892592430114746, param_norm=1665.373046875
Step 925: grad_norm=9.15274429321289, loss=2.940805673599243, param_norm=1665.373291015625
Step 926: grad_norm=8.810489654541016, loss=3.123311758041382, param_norm=1665.37353515625
Step 927: grad_norm=9.024776458740234, loss=2.959685802459717, param_norm=1665.373779296875
Step 928: grad_norm=5.917171955108643, loss=3.0410282611846924, param_norm=1665.3739013671875
Step 929: grad_norm=14.911280632019043, loss=3.1269776821136475, param_norm=1665.3741455078125
Step 930: grad_norm=7.384477615356445, loss=2.9861366748809814, param_norm=1665.3743896484375
Step 931: grad_norm=11.060754776000977, loss=2.9505248069763184, param_norm=1665.37451171875
Step 932: grad_norm=5.58491325378418, loss=2.913825750350952, param_norm=1665.374755859375
Step 933: grad_norm=5.006420135498047, loss=2.7214338779449463, param_norm=1665.3748779296875
Step 934: grad_norm=12.88636302947998, loss=2.864341974258423, param_norm=1665.3751220703125
Step 935: grad_norm=7.681375026702881, loss=2.8008692264556885, param_norm=1665.37548828125
Step 936: grad_norm=8.745777130126953, loss=2.7031564712524414, param_norm=1665.375732421875
Step 937: grad_norm=6.243630409240723, loss=2.926785945892334, param_norm=1665.3760986328125
Step 938: grad_norm=5.134804725646973, loss=2.897611141204834, param_norm=1665.3763427734375
Step 939: grad_norm=13.453720092773438, loss=2.952791690826416, param_norm=1665.3765869140625
Step 940: grad_norm=10.535327911376953, loss=2.8830885887145996, param_norm=1665.3768310546875
Step 941: grad_norm=6.178154468536377, loss=3.101531982421875, param_norm=1665.3770751953125
Step 942: grad_norm=6.954371452331543, loss=2.8239800930023193, param_norm=1665.3773193359375
Step 943: grad_norm=7.062767505645752, loss=3.0966711044311523, param_norm=1665.37744140625
Step 944: grad_norm=9.997525215148926, loss=2.9786834716796875, param_norm=1665.377685546875
Step 945: grad_norm=15.996610641479492, loss=2.869164228439331, param_norm=1665.3778076171875
Step 946: grad_norm=16.957706451416016, loss=2.855656623840332, param_norm=1665.3780517578125
Step 947: grad_norm=15.69152545928955, loss=3.222224235534668, param_norm=1665.3782958984375
Step 948: grad_norm=7.496511459350586, loss=2.912043809890747, param_norm=1665.37841796875
Step 949: grad_norm=5.830931186676025, loss=2.7160696983337402, param_norm=1665.378662109375
Step 950: grad_norm=5.066621780395508, loss=3.049586534500122, param_norm=1665.37890625
Step 951: grad_norm=10.789129257202148, loss=3.191413402557373, param_norm=1665.379150390625
Step 952: grad_norm=14.826250076293945, loss=2.987520694732666, param_norm=1665.3792724609375
Step 953: grad_norm=7.837076663970947, loss=2.721498489379883, param_norm=1665.3795166015625
Step 954: grad_norm=15.168594360351562, loss=2.969346523284912, param_norm=1665.379638671875
Step 955: grad_norm=4.400428771972656, loss=2.7673583030700684, param_norm=1665.3798828125
Step 956: grad_norm=10.628156661987305, loss=2.959810256958008, param_norm=1665.380126953125
Step 957: grad_norm=16.321182250976562, loss=2.9645771980285645, param_norm=1665.3802490234375
Step 958: grad_norm=14.17016315460205, loss=2.8773605823516846, param_norm=1665.3804931640625
Step 959: grad_norm=15.896233558654785, loss=2.8597283363342285, param_norm=1665.3807373046875
Step 960: grad_norm=8.418190002441406, loss=2.9305801391601562, param_norm=1665.3809814453125
Step 961: grad_norm=6.9575276374816895, loss=2.9064910411834717, param_norm=1665.3812255859375
Step 962: grad_norm=8.177397727966309, loss=3.1534602642059326, param_norm=1665.3814697265625
Step 963: grad_norm=5.0203399658203125, loss=2.762303352355957, param_norm=1665.3817138671875
Step 964: grad_norm=9.970355987548828, loss=3.0793299674987793, param_norm=1665.382080078125
Step 965: grad_norm=16.760412216186523, loss=3.0494580268859863, param_norm=1665.38232421875
Step 966: grad_norm=9.823877334594727, loss=3.1450464725494385, param_norm=1665.382568359375
Step 967: grad_norm=8.474754333496094, loss=2.9859886169433594, param_norm=1665.3828125
Step 968: grad_norm=8.34114933013916, loss=2.9221105575561523, param_norm=1665.3831787109375
Step 969: grad_norm=9.081836700439453, loss=2.9932198524475098, param_norm=1665.38330078125
Step 970: grad_norm=13.021360397338867, loss=2.5660622119903564, param_norm=1665.383544921875
Step 971: grad_norm=9.871753692626953, loss=2.9537203311920166, param_norm=1665.3836669921875
Step 972: grad_norm=6.671019077301025, loss=2.802036762237549, param_norm=1665.3839111328125
Step 973: grad_norm=6.9141526222229, loss=3.0139243602752686, param_norm=1665.3841552734375
Step 974: grad_norm=7.479282855987549, loss=2.9093308448791504, param_norm=1665.38427734375
Step 975: grad_norm=6.758407115936279, loss=3.052321434020996, param_norm=1665.3846435546875
Step 976: grad_norm=4.871615886688232, loss=2.7640304565429688, param_norm=1665.3848876953125
Step 977: grad_norm=10.603548049926758, loss=2.8387367725372314, param_norm=1665.385009765625
Step 978: grad_norm=5.974026203155518, loss=2.7731611728668213, param_norm=1665.38525390625
Step 979: grad_norm=9.250774383544922, loss=3.2318758964538574, param_norm=1665.385498046875
Step 980: grad_norm=10.539616584777832, loss=3.087953567504883, param_norm=1665.3856201171875
Step 981: grad_norm=4.923969268798828, loss=3.0444469451904297, param_norm=1665.3858642578125
Step 982: grad_norm=9.643606185913086, loss=2.8910131454467773, param_norm=1665.3861083984375
Step 983: grad_norm=4.3631486892700195, loss=2.9149255752563477, param_norm=1665.38623046875
Step 984: grad_norm=7.135246276855469, loss=2.9898533821105957, param_norm=1665.386474609375
Step 985: grad_norm=7.796173095703125, loss=2.923245668411255, param_norm=1665.3865966796875
Step 986: grad_norm=4.994369983673096, loss=3.154332160949707, param_norm=1665.38671875
Step 987: grad_norm=5.526404857635498, loss=2.7492074966430664, param_norm=1665.386962890625
Step 988: grad_norm=6.039350509643555, loss=3.1387665271759033, param_norm=1665.38720703125
Step 989: grad_norm=6.856978893280029, loss=2.940385341644287, param_norm=1665.3873291015625
Step 990: grad_norm=9.001177787780762, loss=2.9849700927734375, param_norm=1665.3875732421875
Step 991: grad_norm=4.893193244934082, loss=2.855090618133545, param_norm=1665.3878173828125
Step 992: grad_norm=5.627293109893799, loss=3.1512515544891357, param_norm=1665.3880615234375
Step 993: grad_norm=5.0752081871032715, loss=3.023305892944336, param_norm=1665.388427734375
Step 994: grad_norm=5.1865034103393555, loss=2.9216625690460205, param_norm=1665.388671875
Step 995: grad_norm=5.6918230056762695, loss=2.994523048400879, param_norm=1665.388916015625
Step 996: grad_norm=5.944181442260742, loss=2.854541540145874, param_norm=1665.38916015625
Step 997: grad_norm=6.193751335144043, loss=2.7773056030273438, param_norm=1665.389404296875
Step 998: grad_norm=5.712647914886475, loss=3.0380043983459473, param_norm=1665.3896484375
Step 999: grad_norm=8.480286598205566, loss=2.8518383502960205, param_norm=1665.389892578125
Step 1000: grad_norm=5.759122848510742, loss=3.0531790256500244, param_norm=1665.39013671875
Step 1001: grad_norm=4.227013111114502, loss=3.0832929611206055, param_norm=1665.390625
Step 1002: grad_norm=6.642891883850098, loss=2.8555009365081787, param_norm=1665.390869140625
Step 1003: grad_norm=7.599996089935303, loss=3.152529239654541, param_norm=1665.39111328125
Step 1004: grad_norm=4.900783061981201, loss=2.883817672729492, param_norm=1665.3914794921875
Step 1005: grad_norm=6.560238838195801, loss=3.030355453491211, param_norm=1665.3917236328125
Step 1006: grad_norm=9.175825119018555, loss=3.1471762657165527, param_norm=1665.39208984375
Step 1007: grad_norm=11.14344596862793, loss=3.083197593688965, param_norm=1665.392333984375
Step 1008: grad_norm=5.399929523468018, loss=2.8377833366394043, param_norm=1665.3927001953125
Step 1009: grad_norm=5.589102745056152, loss=2.9892385005950928, param_norm=1665.392822265625
Step 1010: grad_norm=13.180785179138184, loss=2.775752067565918, param_norm=1665.3931884765625
Step 1011: grad_norm=6.053657054901123, loss=3.125640869140625, param_norm=1665.3934326171875
Step 1012: grad_norm=4.88767147064209, loss=2.679287910461426, param_norm=1665.3936767578125
Step 1013: grad_norm=7.082412242889404, loss=3.093876600265503, param_norm=1665.39404296875
Step 1014: grad_norm=4.784274101257324, loss=2.67842698097229, param_norm=1665.394287109375
Step 1015: grad_norm=6.602190017700195, loss=2.9911017417907715, param_norm=1665.3946533203125
Step 1016: grad_norm=4.56444787979126, loss=2.9518613815307617, param_norm=1665.39501953125
Step 1017: grad_norm=8.470023155212402, loss=2.952364683151245, param_norm=1665.3951416015625
Step 1018: grad_norm=7.67392635345459, loss=2.7951724529266357, param_norm=1665.3956298828125
Step 1019: grad_norm=8.073724746704102, loss=2.8178420066833496, param_norm=1665.395751953125
Step 1020: grad_norm=5.029017925262451, loss=3.0403292179107666, param_norm=1665.3961181640625
Step 1021: grad_norm=6.468456745147705, loss=2.8292152881622314, param_norm=1665.3963623046875
Step 1022: grad_norm=5.136690139770508, loss=3.088472843170166, param_norm=1665.3966064453125
Step 1023: grad_norm=8.45902156829834, loss=2.77774977684021, param_norm=1665.39697265625
Step 1024: grad_norm=5.5770368576049805, loss=3.0317397117614746, param_norm=1665.3970947265625
Step 1025: grad_norm=15.679878234863281, loss=2.863070011138916, param_norm=1665.3973388671875
Step 1026: grad_norm=10.456661224365234, loss=2.994278907775879, param_norm=1665.3975830078125
Step 1027: grad_norm=7.074063301086426, loss=2.9769511222839355, param_norm=1665.397705078125
Step 1028: grad_norm=6.086495876312256, loss=3.000096321105957, param_norm=1665.39794921875
Step 1029: grad_norm=16.662452697753906, loss=3.091510534286499, param_norm=1665.398193359375
Step 1030: grad_norm=12.39001750946045, loss=3.264195442199707, param_norm=1665.3984375
Step 1031: grad_norm=12.912349700927734, loss=2.8890395164489746, param_norm=1665.3985595703125
Step 1032: grad_norm=8.833684921264648, loss=3.0083720684051514, param_norm=1665.398681640625
Step 1033: grad_norm=16.85999870300293, loss=2.944502830505371, param_norm=1665.3990478515625
Step 1034: grad_norm=6.5750932693481445, loss=3.08691668510437, param_norm=1665.399169921875
Step 1035: grad_norm=14.583712577819824, loss=3.108999729156494, param_norm=1665.3992919921875
Step 1036: grad_norm=15.91554069519043, loss=2.9562644958496094, param_norm=1665.399658203125
Step 1037: grad_norm=18.54532814025879, loss=3.1322648525238037, param_norm=1665.3997802734375
Step 1038: grad_norm=19.798503875732422, loss=3.1841235160827637, param_norm=1665.4000244140625
Step 1039: grad_norm=9.764690399169922, loss=3.0315895080566406, param_norm=1665.400146484375
Step 1040: grad_norm=6.583769798278809, loss=2.97605299949646, param_norm=1665.400390625
Step 1041: grad_norm=8.845478057861328, loss=2.846994161605835, param_norm=1665.4005126953125
Step 1042: grad_norm=17.269527435302734, loss=2.971182107925415, param_norm=1665.4007568359375
Step 1043: grad_norm=16.957406997680664, loss=3.0175678730010986, param_norm=1665.40087890625
Step 1044: grad_norm=12.213356971740723, loss=2.977794885635376, param_norm=1665.401123046875
Step 1045: grad_norm=4.891695976257324, loss=3.038501501083374, param_norm=1665.4012451171875
Step 1046: grad_norm=11.226042747497559, loss=2.8863542079925537, param_norm=1665.401611328125
Step 1047: grad_norm=6.804301738739014, loss=3.08119535446167, param_norm=1665.4017333984375
Step 1048: grad_norm=5.308635711669922, loss=2.902965784072876, param_norm=1665.4019775390625
Step 1049: grad_norm=10.629544258117676, loss=2.9641079902648926, param_norm=1665.4022216796875
Step 1050: grad_norm=8.005745887756348, loss=2.9376413822174072, param_norm=1665.4024658203125
Step 1051: grad_norm=17.463102340698242, loss=2.8636271953582764, param_norm=1665.40283203125
Step 1052: grad_norm=16.668245315551758, loss=2.955174684524536, param_norm=1665.4029541015625
Step 1053: grad_norm=6.825146675109863, loss=2.9503262042999268, param_norm=1665.4031982421875
Step 1054: grad_norm=8.220402717590332, loss=2.95237398147583, param_norm=1665.403564453125
Step 1055: grad_norm=4.565420627593994, loss=2.8094520568847656, param_norm=1665.4036865234375
Step 1056: grad_norm=5.054002285003662, loss=2.8590378761291504, param_norm=1665.4039306640625
Step 1057: grad_norm=13.424844741821289, loss=3.2258174419403076, param_norm=1665.4041748046875
Step 1058: grad_norm=14.455461502075195, loss=3.0254640579223633, param_norm=1665.4044189453125
Step 1059: grad_norm=10.569403648376465, loss=2.8342766761779785, param_norm=1665.404541015625
Step 1060: grad_norm=7.903523921966553, loss=3.084383010864258, param_norm=1665.40478515625
Step 1061: grad_norm=4.57400369644165, loss=2.9269158840179443, param_norm=1665.4049072265625
Step 1062: grad_norm=7.629560947418213, loss=3.1801278591156006, param_norm=1665.4051513671875
Step 1063: grad_norm=16.90028953552246, loss=2.8546981811523438, param_norm=1665.4053955078125
Step 1064: grad_norm=14.253056526184082, loss=2.897575855255127, param_norm=1665.4056396484375
Step 1065: grad_norm=8.341294288635254, loss=3.0992507934570312, param_norm=1665.4058837890625
Step 1066: grad_norm=5.595435619354248, loss=2.958221673965454, param_norm=1665.4061279296875
Step 1067: grad_norm=5.644632816314697, loss=3.017472743988037, param_norm=1665.4063720703125
Step 1068: grad_norm=4.515753269195557, loss=3.136888265609741, param_norm=1665.406494140625
Step 1069: grad_norm=5.770789623260498, loss=3.2170867919921875, param_norm=1665.4068603515625
Step 1070: grad_norm=7.543771266937256, loss=2.8703572750091553, param_norm=1665.4071044921875
Step 1071: grad_norm=15.16236686706543, loss=3.0683579444885254, param_norm=1665.4073486328125
Step 1072: grad_norm=7.761823654174805, loss=2.9191713333129883, param_norm=1665.4075927734375
Step 1073: grad_norm=5.578962802886963, loss=3.0959677696228027, param_norm=1665.4078369140625
Step 1074: grad_norm=6.801908493041992, loss=2.9833836555480957, param_norm=1665.4080810546875
Step 1075: grad_norm=6.523583889007568, loss=2.8831236362457275, param_norm=1665.4083251953125
Step 1076: grad_norm=13.157032012939453, loss=2.8611135482788086, param_norm=1665.4085693359375
Step 1077: grad_norm=5.881015777587891, loss=2.9234559535980225, param_norm=1665.4088134765625
Step 1078: grad_norm=9.624324798583984, loss=2.8540430068969727, param_norm=1665.4091796875
Step 1079: grad_norm=5.508118629455566, loss=3.1625380516052246, param_norm=1665.409423828125
Step 1080: grad_norm=7.660772800445557, loss=3.0658223628997803, param_norm=1665.4097900390625
Step 1081: grad_norm=4.830717086791992, loss=2.8388190269470215, param_norm=1665.4100341796875
Step 1082: grad_norm=4.4000163078308105, loss=2.7228167057037354, param_norm=1665.4102783203125
Step 1083: grad_norm=5.900414943695068, loss=3.098849296569824, param_norm=1665.41064453125
Step 1084: grad_norm=5.599249839782715, loss=2.903010129928589, param_norm=1665.410888671875
Step 1085: grad_norm=5.0843939781188965, loss=2.88336181640625, param_norm=1665.4111328125
Step 1086: grad_norm=7.437759876251221, loss=3.1214470863342285, param_norm=1665.411376953125
Step 1087: grad_norm=4.287394046783447, loss=2.908865451812744, param_norm=1665.41162109375
Step 1088: grad_norm=6.271548271179199, loss=2.834044933319092, param_norm=1665.4119873046875
Step 1089: grad_norm=4.9009318351745605, loss=2.921415328979492, param_norm=1665.4122314453125
Step 1090: grad_norm=10.099703788757324, loss=3.019625186920166, param_norm=1665.412353515625
Step 1091: grad_norm=17.436697006225586, loss=3.084153652191162, param_norm=1665.4127197265625
Step 1092: grad_norm=5.125445365905762, loss=2.860942840576172, param_norm=1665.4129638671875
Step 1093: grad_norm=5.056893825531006, loss=2.809835910797119, param_norm=1665.413330078125
Step 1094: grad_norm=7.547361373901367, loss=2.990891933441162, param_norm=1665.41357421875
Step 1095: grad_norm=7.506949424743652, loss=2.8559391498565674, param_norm=1665.4139404296875
Step 1096: grad_norm=7.3733696937561035, loss=2.8086776733398438, param_norm=1665.4141845703125
Step 1097: grad_norm=17.265825271606445, loss=2.9080734252929688, param_norm=1665.41455078125
Step 1098: grad_norm=11.481660842895508, loss=2.868351459503174, param_norm=1665.4146728515625
Step 1099: grad_norm=8.753819465637207, loss=2.8003804683685303, param_norm=1665.4149169921875
Step 1100: grad_norm=4.989962100982666, loss=2.954948663711548, param_norm=1665.4149169921875
Step 1101: grad_norm=8.555074691772461, loss=2.813537359237671, param_norm=1665.4151611328125
Step 1102: grad_norm=4.675812244415283, loss=2.8981995582580566, param_norm=1665.4154052734375
Step 1103: grad_norm=4.2743330001831055, loss=2.8894875049591064, param_norm=1665.41552734375
Step 1104: grad_norm=12.516522407531738, loss=2.811204433441162, param_norm=1665.4156494140625
Step 1105: grad_norm=14.716151237487793, loss=2.946864366531372, param_norm=1665.4158935546875
Step 1106: grad_norm=22.309938430786133, loss=2.7643842697143555, param_norm=1665.4161376953125
Step 1107: grad_norm=17.3593807220459, loss=2.7278923988342285, param_norm=1665.4163818359375
Step 1108: grad_norm=9.01391315460205, loss=2.7220711708068848, param_norm=1665.4166259765625
Step 1109: grad_norm=4.549567699432373, loss=2.730861186981201, param_norm=1665.4168701171875
Step 1110: grad_norm=12.065916061401367, loss=2.9426350593566895, param_norm=1665.4169921875
Step 1111: grad_norm=10.574172973632812, loss=2.7998290061950684, param_norm=1665.417236328125
Step 1112: grad_norm=8.939249038696289, loss=2.8811841011047363, param_norm=1665.4173583984375
Step 1113: grad_norm=10.882429122924805, loss=2.833946704864502, param_norm=1665.4176025390625
Step 1114: grad_norm=7.2384748458862305, loss=2.993417739868164, param_norm=1665.4178466796875
Step 1115: grad_norm=8.55359172821045, loss=2.8388569355010986, param_norm=1665.41796875
Step 1116: grad_norm=9.399612426757812, loss=2.962092161178589, param_norm=1665.4180908203125
Step 1117: grad_norm=5.625269889831543, loss=3.0922861099243164, param_norm=1665.4183349609375
Step 1118: grad_norm=12.03819465637207, loss=2.98599910736084, param_norm=1665.4185791015625
Step 1119: grad_norm=15.365220069885254, loss=2.7523326873779297, param_norm=1665.418701171875
Step 1120: grad_norm=11.212321281433105, loss=3.089470863342285, param_norm=1665.4189453125
Step 1121: grad_norm=4.668916702270508, loss=2.9351820945739746, param_norm=1665.419189453125
Step 1122: grad_norm=9.43345832824707, loss=2.737363338470459, param_norm=1665.4193115234375
Step 1123: grad_norm=4.796109676361084, loss=2.860689401626587, param_norm=1665.4195556640625
Step 1124: grad_norm=5.915013313293457, loss=2.7859690189361572, param_norm=1665.4197998046875
Step 1125: grad_norm=6.074777603149414, loss=2.8713321685791016, param_norm=1665.4200439453125
Step 1126: grad_norm=13.340940475463867, loss=3.1956915855407715, param_norm=1665.4202880859375
Step 1127: grad_norm=6.543768405914307, loss=2.8564815521240234, param_norm=1665.4205322265625
Step 1128: grad_norm=4.930028915405273, loss=2.88131046295166, param_norm=1665.4207763671875
Step 1129: grad_norm=12.42871379852295, loss=3.1437554359436035, param_norm=1665.4208984375
Step 1130: grad_norm=7.084375858306885, loss=2.9019875526428223, param_norm=1665.421142578125
Step 1131: grad_norm=15.578390121459961, loss=2.677921772003174, param_norm=1665.42138671875
Step 1132: grad_norm=8.757826805114746, loss=3.069544792175293, param_norm=1665.421630859375
Step 1133: grad_norm=5.13545560836792, loss=2.9115920066833496, param_norm=1665.4217529296875
Step 1134: grad_norm=4.04481840133667, loss=3.0831429958343506, param_norm=1665.4219970703125
Step 1135: grad_norm=5.328619480133057, loss=2.8928112983703613, param_norm=1665.422119140625
Step 1136: grad_norm=5.617159843444824, loss=2.9848363399505615, param_norm=1665.4222412109375
Step 1137: grad_norm=7.236538410186768, loss=2.668665885925293, param_norm=1665.4224853515625
Step 1138: grad_norm=7.3378801345825195, loss=2.7656755447387695, param_norm=1665.422607421875
Step 1139: grad_norm=6.096273899078369, loss=3.2006731033325195, param_norm=1665.4228515625
Step 1140: grad_norm=8.313424110412598, loss=2.8418314456939697, param_norm=1665.4229736328125
Step 1141: grad_norm=6.986772537231445, loss=2.927766799926758, param_norm=1665.4232177734375
Step 1142: grad_norm=5.105235576629639, loss=3.008213996887207, param_norm=1665.4234619140625
Step 1143: grad_norm=4.221297264099121, loss=2.929421901702881, param_norm=1665.4237060546875
Step 1144: grad_norm=5.657688140869141, loss=2.90399432182312, param_norm=1665.423828125
Step 1145: grad_norm=4.41088342666626, loss=2.792570114135742, param_norm=1665.4239501953125
Step 1146: grad_norm=4.888394832611084, loss=2.8891854286193848, param_norm=1665.424072265625
Step 1147: grad_norm=7.056205749511719, loss=2.6890029907226562, param_norm=1665.42431640625
Step 1148: grad_norm=6.812533378601074, loss=3.0299267768859863, param_norm=1665.424560546875
Step 1149: grad_norm=7.2039971351623535, loss=2.8955647945404053, param_norm=1665.4246826171875
Step 1150: grad_norm=9.637750625610352, loss=2.948354721069336, param_norm=1665.4249267578125
Step 1151: grad_norm=5.8201141357421875, loss=2.9636335372924805, param_norm=1665.425048828125
Step 1152: grad_norm=9.894607543945312, loss=2.9197371006011963, param_norm=1665.4254150390625
Step 1153: grad_norm=9.437442779541016, loss=2.952984571456909, param_norm=1665.4256591796875
Step 1154: grad_norm=9.331171989440918, loss=3.0752992630004883, param_norm=1665.42578125
Step 1155: grad_norm=7.426367282867432, loss=2.9720542430877686, param_norm=1665.426025390625
Step 1156: grad_norm=8.078978538513184, loss=2.9977822303771973, param_norm=1665.42626953125
Step 1157: grad_norm=4.34641695022583, loss=2.7511420249938965, param_norm=1665.4263916015625
Step 1158: grad_norm=4.332515239715576, loss=3.0569262504577637, param_norm=1665.4266357421875
Step 1159: grad_norm=8.782110214233398, loss=2.925924301147461, param_norm=1665.4267578125
Step 1160: grad_norm=10.348861694335938, loss=2.928439140319824, param_norm=1665.4271240234375
Step 1161: grad_norm=6.9490509033203125, loss=2.9081482887268066, param_norm=1665.42724609375
Step 1162: grad_norm=9.11695384979248, loss=3.0480122566223145, param_norm=1665.427490234375
Step 1163: grad_norm=6.792532920837402, loss=3.059384346008301, param_norm=1665.427734375
Step 1164: grad_norm=7.418582916259766, loss=2.9620025157928467, param_norm=1665.427978515625
Step 1165: grad_norm=5.450891017913818, loss=2.910130500793457, param_norm=1665.4281005859375
Step 1166: grad_norm=8.096428871154785, loss=3.0003020763397217, param_norm=1665.4283447265625
Step 1167: grad_norm=4.504739761352539, loss=3.0030856132507324, param_norm=1665.4285888671875
Step 1168: grad_norm=6.968601703643799, loss=2.922549247741699, param_norm=1665.428955078125
Step 1169: grad_norm=13.89146614074707, loss=3.1154677867889404, param_norm=1665.4290771484375
Step 1170: grad_norm=7.7197113037109375, loss=3.035447359085083, param_norm=1665.4293212890625
Step 1171: grad_norm=6.432043075561523, loss=2.902996063232422, param_norm=1665.429443359375
Step 1172: grad_norm=9.420961380004883, loss=2.9177865982055664, param_norm=1665.4296875
Step 1173: grad_norm=7.684622764587402, loss=2.812612533569336, param_norm=1665.429931640625
Step 1174: grad_norm=6.357278347015381, loss=3.035379409790039, param_norm=1665.4300537109375
Step 1175: grad_norm=5.90944242477417, loss=3.2269303798675537, param_norm=1665.4302978515625
Step 1176: grad_norm=11.608990669250488, loss=3.044208526611328, param_norm=1665.430419921875
Step 1177: grad_norm=7.91100549697876, loss=2.8085176944732666, param_norm=1665.430419921875
Step 1178: grad_norm=14.95017147064209, loss=2.782076835632324, param_norm=1665.4306640625
Step 1179: grad_norm=9.339343070983887, loss=3.0153465270996094, param_norm=1665.4307861328125
Step 1180: grad_norm=5.065647602081299, loss=2.8457717895507812, param_norm=1665.4310302734375
Step 1181: grad_norm=11.376219749450684, loss=2.799801826477051, param_norm=1665.4312744140625
Step 1182: grad_norm=6.692494869232178, loss=2.9639992713928223, param_norm=1665.4312744140625
Step 1183: grad_norm=4.047142505645752, loss=2.8174009323120117, param_norm=1665.4315185546875
Step 1184: grad_norm=11.619522094726562, loss=2.9856362342834473, param_norm=1665.4317626953125
Step 1185: grad_norm=11.082368850708008, loss=2.802541732788086, param_norm=1665.431884765625
Step 1186: grad_norm=6.7354044914245605, loss=2.9587388038635254, param_norm=1665.43212890625
Step 1187: grad_norm=6.7826104164123535, loss=2.8028547763824463, param_norm=1665.432373046875
Step 1188: grad_norm=7.949806213378906, loss=2.61902117729187, param_norm=1665.4326171875
Step 1189: grad_norm=4.492888927459717, loss=2.811707019805908, param_norm=1665.432861328125
Step 1190: grad_norm=14.311534881591797, loss=3.0488691329956055, param_norm=1665.43310546875
Step 1191: grad_norm=9.227816581726074, loss=2.8901219367980957, param_norm=1665.433349609375
Step 1192: grad_norm=12.885679244995117, loss=2.8030853271484375, param_norm=1665.43359375
Step 1193: grad_norm=7.621205806732178, loss=2.791992425918579, param_norm=1665.433837890625
Step 1194: grad_norm=7.19088888168335, loss=2.9482359886169434, param_norm=1665.4339599609375
Step 1195: grad_norm=6.312417984008789, loss=3.017014980316162, param_norm=1665.4342041015625
Step 1196: grad_norm=6.1715497970581055, loss=2.87245512008667, param_norm=1665.434326171875
Step 1197: grad_norm=5.1692214012146, loss=3.095839023590088, param_norm=1665.4344482421875
Step 1198: grad_norm=13.75632095336914, loss=2.846205711364746, param_norm=1665.4345703125
Step 1199: grad_norm=5.864515781402588, loss=3.105497360229492, param_norm=1665.434814453125
Step 1200: grad_norm=11.645686149597168, loss=2.813498020172119, param_norm=1665.43505859375
Step 1201: grad_norm=5.068756580352783, loss=2.7786755561828613, param_norm=1665.4351806640625
Step 1202: grad_norm=6.255143165588379, loss=3.010852813720703, param_norm=1665.435302734375
Step 1203: grad_norm=7.285388469696045, loss=2.811246871948242, param_norm=1665.435546875
Step 1204: grad_norm=7.093557357788086, loss=2.9172608852386475, param_norm=1665.4356689453125
Step 1205: grad_norm=7.186527729034424, loss=3.064939498901367, param_norm=1665.435791015625
Step 1206: grad_norm=13.943221092224121, loss=3.041883707046509, param_norm=1665.4359130859375
Step 1207: grad_norm=7.539183139801025, loss=3.0001864433288574, param_norm=1665.4361572265625
Step 1208: grad_norm=5.786534786224365, loss=2.969805955886841, param_norm=1665.436279296875
Step 1209: grad_norm=8.882725715637207, loss=3.258634090423584, param_norm=1665.4364013671875
Step 1210: grad_norm=19.25088119506836, loss=2.8992514610290527, param_norm=1665.4366455078125
Step 1211: grad_norm=32.787044525146484, loss=2.931400775909424, param_norm=1665.4368896484375
Step 1212: grad_norm=28.863039016723633, loss=3.013989210128784, param_norm=1665.43701171875
Step 1213: grad_norm=10.297518730163574, loss=3.0081982612609863, param_norm=1665.4371337890625
Step 1214: grad_norm=13.096734046936035, loss=3.0174238681793213, param_norm=1665.4373779296875
Step 1215: grad_norm=7.138529300689697, loss=3.033374071121216, param_norm=1665.4375
Step 1216: grad_norm=8.830771446228027, loss=3.038114547729492, param_norm=1665.437744140625
Step 1217: grad_norm=9.519021034240723, loss=3.1387128829956055, param_norm=1665.4378662109375
Step 1218: grad_norm=4.307796001434326, loss=2.9590353965759277, param_norm=1665.43798828125
Step 1219: grad_norm=8.605727195739746, loss=2.749472141265869, param_norm=1665.4381103515625
Step 1220: grad_norm=5.948138236999512, loss=2.8073601722717285, param_norm=1665.4383544921875
Step 1221: grad_norm=5.607003211975098, loss=2.737273693084717, param_norm=1665.4385986328125
Step 1222: grad_norm=6.993234157562256, loss=2.8741068840026855, param_norm=1665.4388427734375
Step 1223: grad_norm=5.000842094421387, loss=2.8739335536956787, param_norm=1665.4390869140625
Step 1224: grad_norm=5.616054534912109, loss=2.805480718612671, param_norm=1665.439208984375
Step 1225: grad_norm=5.898100852966309, loss=2.9096672534942627, param_norm=1665.4395751953125
Step 1226: grad_norm=5.781904697418213, loss=2.9433202743530273, param_norm=1665.439697265625
Step 1227: grad_norm=12.007909774780273, loss=2.876248836517334, param_norm=1665.4400634765625
Step 1228: grad_norm=4.44212532043457, loss=2.963726282119751, param_norm=1665.440185546875
Step 1229: grad_norm=9.747830390930176, loss=3.0993356704711914, param_norm=1665.4404296875
Step 1230: grad_norm=5.35670280456543, loss=2.8115158081054688, param_norm=1665.4405517578125
Step 1231: grad_norm=6.923804759979248, loss=2.970872640609741, param_norm=1665.4407958984375
Step 1232: grad_norm=6.107662200927734, loss=2.8796582221984863, param_norm=1665.4410400390625
Step 1233: grad_norm=8.489456176757812, loss=2.9200243949890137, param_norm=1665.441162109375
Step 1234: grad_norm=6.294802665710449, loss=3.0799756050109863, param_norm=1665.44140625
Step 1235: grad_norm=5.305513858795166, loss=3.0198311805725098, param_norm=1665.4415283203125
Step 1236: grad_norm=4.7364654541015625, loss=2.9704840183258057, param_norm=1665.441650390625
Step 1237: grad_norm=5.585987567901611, loss=2.83790922164917, param_norm=1665.44189453125
Step 1238: grad_norm=5.232754230499268, loss=2.8630857467651367, param_norm=1665.4420166015625
Step 1239: grad_norm=9.693975448608398, loss=2.8916072845458984, param_norm=1665.4422607421875
Step 1240: grad_norm=5.020005226135254, loss=2.742447853088379, param_norm=1665.4423828125
Step 1241: grad_norm=8.526386260986328, loss=2.6080033779144287, param_norm=1665.442626953125
Step 1242: grad_norm=10.43224811553955, loss=3.028029441833496, param_norm=1665.44287109375
Step 1243: grad_norm=8.701824188232422, loss=2.9937212467193604, param_norm=1665.4429931640625
Step 1244: grad_norm=8.97947883605957, loss=2.921013355255127, param_norm=1665.4432373046875
Step 1245: grad_norm=5.269989967346191, loss=2.7971720695495605, param_norm=1665.4434814453125
Step 1246: grad_norm=4.035168170928955, loss=2.8487677574157715, param_norm=1665.443603515625
Step 1247: grad_norm=6.421708106994629, loss=2.749751567840576, param_norm=1665.44384765625
Step 1248: grad_norm=11.848603248596191, loss=2.8940749168395996, param_norm=1665.444091796875
Step 1249: grad_norm=4.441854953765869, loss=2.9419236183166504, param_norm=1665.4443359375
Step 1250: grad_norm=4.1258392333984375, loss=2.875397205352783, param_norm=1665.4444580078125
Step 1251: grad_norm=7.980859756469727, loss=3.0189123153686523, param_norm=1665.44482421875
Step 1252: grad_norm=4.7755842208862305, loss=2.961270332336426, param_norm=1665.445068359375
Step 1253: grad_norm=10.3486909866333, loss=2.9728212356567383, param_norm=1665.4453125
Step 1254: grad_norm=6.696715831756592, loss=2.703791379928589, param_norm=1665.445556640625
Step 1255: grad_norm=5.826900959014893, loss=2.9122209548950195, param_norm=1665.4456787109375
Step 1256: grad_norm=8.833321571350098, loss=2.7922375202178955, param_norm=1665.4459228515625
Step 1257: grad_norm=8.873210906982422, loss=3.076117992401123, param_norm=1665.4461669921875
Step 1258: grad_norm=7.2512383460998535, loss=2.880338668823242, param_norm=1665.4464111328125
Step 1259: grad_norm=4.3654680252075195, loss=2.5302605628967285, param_norm=1665.4466552734375
Step 1260: grad_norm=9.054815292358398, loss=2.8139052391052246, param_norm=1665.4468994140625
Step 1261: grad_norm=16.310773849487305, loss=3.029395580291748, param_norm=1665.447021484375
Step 1262: grad_norm=13.20906925201416, loss=2.9806160926818848, param_norm=1665.447265625
Step 1263: grad_norm=4.462790489196777, loss=2.8042008876800537, param_norm=1665.4473876953125
Step 1264: grad_norm=6.929227828979492, loss=2.9002041816711426, param_norm=1665.4476318359375
Step 1265: grad_norm=6.7642388343811035, loss=3.0203537940979004, param_norm=1665.4478759765625
Step 1266: grad_norm=11.410970687866211, loss=2.982058525085449, param_norm=1665.447998046875
Step 1267: grad_norm=9.247981071472168, loss=2.850543975830078, param_norm=1665.4482421875
Step 1268: grad_norm=4.935454845428467, loss=2.5680477619171143, param_norm=1665.4483642578125
Step 1269: grad_norm=6.455026149749756, loss=3.0486092567443848, param_norm=1665.4486083984375
Step 1270: grad_norm=4.867158889770508, loss=2.969290018081665, param_norm=1665.4488525390625
Step 1271: grad_norm=6.165996074676514, loss=2.8282721042633057, param_norm=1665.448974609375
Step 1272: grad_norm=5.793612003326416, loss=2.912121295928955, param_norm=1665.44921875
Step 1273: grad_norm=7.544508457183838, loss=2.8038511276245117, param_norm=1665.449462890625
Step 1274: grad_norm=4.224627494812012, loss=3.1794276237487793, param_norm=1665.4495849609375
Step 1275: grad_norm=6.923930644989014, loss=2.8639886379241943, param_norm=1665.44970703125
Step 1276: grad_norm=5.92472505569458, loss=2.8740968704223633, param_norm=1665.449951171875
Step 1277: grad_norm=4.96860408782959, loss=2.9708704948425293, param_norm=1665.4500732421875
Step 1278: grad_norm=7.708835124969482, loss=2.999998092651367, param_norm=1665.4503173828125
Step 1279: grad_norm=9.761560440063477, loss=2.9281504154205322, param_norm=1665.4505615234375
Step 1280: grad_norm=4.753726005554199, loss=2.8918864727020264, param_norm=1665.45068359375
Step 1281: grad_norm=11.842233657836914, loss=3.088078022003174, param_norm=1665.450927734375
Step 1282: grad_norm=4.646481990814209, loss=2.873223066329956, param_norm=1665.451171875
Step 1283: grad_norm=6.116596221923828, loss=2.908079147338867, param_norm=1665.4512939453125
Step 1284: grad_norm=4.281754493713379, loss=3.041191816329956, param_norm=1665.4515380859375
Step 1285: grad_norm=11.727800369262695, loss=2.8304433822631836, param_norm=1665.4517822265625
Step 1286: grad_norm=7.334700584411621, loss=3.079202651977539, param_norm=1665.4520263671875
Step 1287: grad_norm=5.393814563751221, loss=2.881290912628174, param_norm=1665.4522705078125
Step 1288: grad_norm=6.210360527038574, loss=2.923051118850708, param_norm=1665.452392578125
Step 1289: grad_norm=4.9735798835754395, loss=2.9543418884277344, param_norm=1665.45263671875
Step 1290: grad_norm=6.528597354888916, loss=2.870424747467041, param_norm=1665.452880859375
Step 1291: grad_norm=5.064330577850342, loss=3.193629741668701, param_norm=1665.453125
Step 1292: grad_norm=4.980702877044678, loss=3.102323532104492, param_norm=1665.4532470703125
Step 1293: grad_norm=5.63230037689209, loss=2.8263747692108154, param_norm=1665.4534912109375
Step 1294: grad_norm=7.043477535247803, loss=2.9395241737365723, param_norm=1665.45361328125
Step 1295: grad_norm=4.685956001281738, loss=2.796189069747925, param_norm=1665.453857421875
Step 1296: grad_norm=10.649621963500977, loss=3.030010938644409, param_norm=1665.4541015625
Step 1297: grad_norm=17.55868911743164, loss=2.7139384746551514, param_norm=1665.4542236328125
Step 1298: grad_norm=16.438335418701172, loss=2.9525058269500732, param_norm=1665.4544677734375
Step 1299: grad_norm=4.910705089569092, loss=2.735051155090332, param_norm=1665.45458984375
Step 1300: grad_norm=7.173427581787109, loss=3.0932843685150146, param_norm=1665.4547119140625
Step 1301: grad_norm=5.709830284118652, loss=2.9822750091552734, param_norm=1665.455078125
Step 1302: grad_norm=6.124705791473389, loss=2.881126880645752, param_norm=1665.4552001953125
Step 1303: grad_norm=7.496757984161377, loss=3.0002660751342773, param_norm=1665.4554443359375
Step 1304: grad_norm=9.586153984069824, loss=2.901287794113159, param_norm=1665.45556640625
Step 1305: grad_norm=7.851258754730225, loss=2.82486629486084, param_norm=1665.455810546875
Step 1306: grad_norm=8.43411922454834, loss=2.9433364868164062, param_norm=1665.4560546875
Step 1307: grad_norm=5.703138828277588, loss=2.866182804107666, param_norm=1665.4561767578125
Step 1308: grad_norm=9.160185813903809, loss=2.5817999839782715, param_norm=1665.4564208984375
Step 1309: grad_norm=5.106175899505615, loss=2.9948973655700684, param_norm=1665.45654296875
Step 1310: grad_norm=8.262852668762207, loss=2.8681180477142334, param_norm=1665.4566650390625
Step 1311: grad_norm=4.0749921798706055, loss=2.743755340576172, param_norm=1665.456787109375
Step 1312: grad_norm=5.62206506729126, loss=2.930152654647827, param_norm=1665.45703125
Step 1313: grad_norm=15.218194007873535, loss=2.8790760040283203, param_norm=1665.4571533203125
Step 1314: grad_norm=18.12215232849121, loss=2.902374744415283, param_norm=1665.4573974609375
Step 1315: grad_norm=6.053985118865967, loss=3.008028030395508, param_norm=1665.45751953125
Step 1316: grad_norm=4.60838508605957, loss=2.91766357421875, param_norm=1665.457763671875
Step 1317: grad_norm=7.692817687988281, loss=2.9539151191711426, param_norm=1665.4578857421875
Step 1318: grad_norm=7.050364017486572, loss=2.746387004852295, param_norm=1665.4581298828125
Step 1319: grad_norm=6.525084018707275, loss=2.8346333503723145, param_norm=1665.4581298828125
Step 1320: grad_norm=4.840104579925537, loss=2.8288121223449707, param_norm=1665.4583740234375
Step 1321: grad_norm=5.859244346618652, loss=3.012529134750366, param_norm=1665.45849609375
Step 1322: grad_norm=10.354680061340332, loss=2.9402360916137695, param_norm=1665.4586181640625
Step 1323: grad_norm=4.931644439697266, loss=2.660433769226074, param_norm=1665.4588623046875
Step 1324: grad_norm=5.195630073547363, loss=2.9370498657226562, param_norm=1665.458984375
Step 1325: grad_norm=19.721952438354492, loss=2.9482405185699463, param_norm=1665.4591064453125
Step 1326: grad_norm=11.57436466217041, loss=3.0330395698547363, param_norm=1665.4593505859375
Step 1327: grad_norm=10.997098922729492, loss=2.870535373687744, param_norm=1665.45947265625
Step 1328: grad_norm=9.153339385986328, loss=2.95241641998291, param_norm=1665.4595947265625
Step 1329: grad_norm=12.067814826965332, loss=2.724921226501465, param_norm=1665.4598388671875
Step 1330: grad_norm=5.429203510284424, loss=2.781403064727783, param_norm=1665.4599609375
Step 1331: grad_norm=5.195908546447754, loss=2.9971840381622314, param_norm=1665.4600830078125
Step 1332: grad_norm=17.6876163482666, loss=2.9808995723724365, param_norm=1665.4603271484375
Step 1333: grad_norm=13.820165634155273, loss=2.9987547397613525, param_norm=1665.46044921875
Step 1334: grad_norm=19.20814323425293, loss=3.0569400787353516, param_norm=1665.4605712890625
Step 1335: grad_norm=20.65309715270996, loss=3.1421051025390625, param_norm=1665.460693359375
Step 1336: grad_norm=9.848013877868652, loss=2.7366268634796143, param_norm=1665.4609375
Step 1337: grad_norm=5.694931983947754, loss=2.7053537368774414, param_norm=1665.4610595703125
Step 1338: grad_norm=6.1588897705078125, loss=2.8810482025146484, param_norm=1665.4613037109375
Step 1339: grad_norm=5.425402641296387, loss=2.755547046661377, param_norm=1665.46142578125
Step 1340: grad_norm=4.545595169067383, loss=2.8264007568359375, param_norm=1665.461669921875
Step 1341: grad_norm=14.850211143493652, loss=2.9095845222473145, param_norm=1665.4617919921875
Step 1342: grad_norm=10.52497673034668, loss=2.9967336654663086, param_norm=1665.4619140625
Step 1343: grad_norm=15.027897834777832, loss=2.8803868293762207, param_norm=1665.4620361328125
Step 1344: grad_norm=6.151591777801514, loss=2.7233200073242188, param_norm=1665.4622802734375
Step 1345: grad_norm=11.854704856872559, loss=2.9477415084838867, param_norm=1665.46240234375
Step 1346: grad_norm=5.292129039764404, loss=2.875361442565918, param_norm=1665.4625244140625
Step 1347: grad_norm=6.955317497253418, loss=2.59590220451355, param_norm=1665.462646484375
Step 1348: grad_norm=7.249556541442871, loss=2.9779982566833496, param_norm=1665.462890625
Step 1349: grad_norm=10.645334243774414, loss=2.6300554275512695, param_norm=1665.4630126953125
Step 1350: grad_norm=11.329861640930176, loss=3.198460102081299, param_norm=1665.4632568359375
Step 1351: grad_norm=6.7454094886779785, loss=2.9677577018737793, param_norm=1665.46337890625
Step 1352: grad_norm=12.446407318115234, loss=2.7846574783325195, param_norm=1665.463623046875
Step 1353: grad_norm=7.672645568847656, loss=3.0145058631896973, param_norm=1665.4638671875
Step 1354: grad_norm=6.3488383293151855, loss=3.0289087295532227, param_norm=1665.464111328125
Step 1355: grad_norm=4.795466899871826, loss=2.9506566524505615, param_norm=1665.4642333984375
Step 1356: grad_norm=5.62783670425415, loss=2.9331765174865723, param_norm=1665.4644775390625
Step 1357: grad_norm=5.746744632720947, loss=2.634087324142456, param_norm=1665.464599609375
Step 1358: grad_norm=5.50423002243042, loss=2.830477476119995, param_norm=1665.4649658203125
Step 1359: grad_norm=7.967792510986328, loss=3.1893458366394043, param_norm=1665.465087890625
Step 1360: grad_norm=3.958549737930298, loss=2.73128604888916, param_norm=1665.4652099609375
Step 1361: grad_norm=5.052536964416504, loss=2.9880146980285645, param_norm=1665.46533203125
Step 1362: grad_norm=4.289914608001709, loss=2.878720283508301, param_norm=1665.465576171875
Step 1363: grad_norm=8.066292762756348, loss=2.8521430492401123, param_norm=1665.4656982421875
Step 1364: grad_norm=7.060188293457031, loss=2.8159379959106445, param_norm=1665.4659423828125
Step 1365: grad_norm=10.312926292419434, loss=2.9750893115997314, param_norm=1665.466064453125
Step 1366: grad_norm=4.621498107910156, loss=2.883619546890259, param_norm=1665.46630859375
Step 1367: grad_norm=3.94240140914917, loss=3.024975538253784, param_norm=1665.46630859375
Step 1368: grad_norm=5.9236321449279785, loss=2.8752713203430176, param_norm=1665.466552734375
Step 1369: grad_norm=4.33781623840332, loss=2.893537998199463, param_norm=1665.4666748046875
Step 1370: grad_norm=8.105578422546387, loss=3.129293918609619, param_norm=1665.4669189453125
Step 1371: grad_norm=8.053409576416016, loss=2.997474193572998, param_norm=1665.4671630859375
Step 1372: grad_norm=5.677547931671143, loss=3.0422213077545166, param_norm=1665.46728515625
Step 1373: grad_norm=6.547654628753662, loss=3.083131790161133, param_norm=1665.4676513671875
Step 1374: grad_norm=5.007335186004639, loss=3.010066032409668, param_norm=1665.4677734375
Step 1375: grad_norm=7.429703235626221, loss=2.9725465774536133, param_norm=1665.4681396484375
Step 1376: grad_norm=6.919159412384033, loss=2.953934907913208, param_norm=1665.46826171875
Step 1377: grad_norm=16.05289649963379, loss=3.066831350326538, param_norm=1665.468505859375
Step 1378: grad_norm=10.54965877532959, loss=2.9540586471557617, param_norm=1665.4686279296875
Step 1379: grad_norm=20.164426803588867, loss=3.1215193271636963, param_norm=1665.4688720703125
Step 1380: grad_norm=6.248291969299316, loss=3.0175728797912598, param_norm=1665.468994140625
Step 1381: grad_norm=8.901841163635254, loss=2.5116796493530273, param_norm=1665.46923828125
Step 1382: grad_norm=11.311590194702148, loss=2.88358211517334, param_norm=1665.469482421875
Step 1383: grad_norm=14.927641868591309, loss=2.939768075942993, param_norm=1665.4696044921875
Step 1384: grad_norm=11.036287307739258, loss=2.741539716720581, param_norm=1665.4697265625
Step 1385: grad_norm=12.063847541809082, loss=2.95719051361084, param_norm=1665.4698486328125
Step 1386: grad_norm=11.565567970275879, loss=2.9753923416137695, param_norm=1665.4700927734375
Step 1387: grad_norm=6.839715480804443, loss=3.102119207382202, param_norm=1665.4703369140625
Step 1388: grad_norm=6.321630001068115, loss=2.813037633895874, param_norm=1665.470458984375
Step 1389: grad_norm=13.651849746704102, loss=2.825930118560791, param_norm=1665.4705810546875
Step 1390: grad_norm=4.941451072692871, loss=2.838043451309204, param_norm=1665.4708251953125
Step 1391: grad_norm=5.150318145751953, loss=2.777979850769043, param_norm=1665.470947265625
Step 1392: grad_norm=4.542984962463379, loss=2.932591676712036, param_norm=1665.4710693359375
Step 1393: grad_norm=7.029427528381348, loss=2.754793167114258, param_norm=1665.47119140625
Step 1394: grad_norm=6.557109832763672, loss=2.9672446250915527, param_norm=1665.471435546875
Step 1395: grad_norm=6.095267295837402, loss=2.8134374618530273, param_norm=1665.4715576171875
Step 1396: grad_norm=9.420509338378906, loss=3.044156312942505, param_norm=1665.4716796875
Step 1397: grad_norm=7.667687892913818, loss=2.960078477859497, param_norm=1665.4718017578125
Step 1398: grad_norm=7.458492279052734, loss=3.0903453826904297, param_norm=1665.471923828125
Step 1399: grad_norm=10.509897232055664, loss=2.9338366985321045, param_norm=1665.47216796875
Step 1400: grad_norm=6.31564474105835, loss=3.0795350074768066, param_norm=1665.4722900390625
Step 1401: grad_norm=5.2487053871154785, loss=2.9741249084472656, param_norm=1665.472412109375
Step 1402: grad_norm=6.64727783203125, loss=2.621629476547241, param_norm=1665.47265625
Step 1403: grad_norm=5.174476146697998, loss=2.888580799102783, param_norm=1665.4727783203125
Step 1404: grad_norm=4.1979594230651855, loss=2.770800828933716, param_norm=1665.472900390625
Step 1405: grad_norm=8.797181129455566, loss=2.9553370475769043, param_norm=1665.4730224609375
Step 1406: grad_norm=4.831824779510498, loss=2.8169517517089844, param_norm=1665.4732666015625
Step 1407: grad_norm=5.218619346618652, loss=3.0623273849487305, param_norm=1665.473388671875
Step 1408: grad_norm=8.369671821594238, loss=2.827422618865967, param_norm=1665.4735107421875
Step 1409: grad_norm=5.247190952301025, loss=2.947495222091675, param_norm=1665.4736328125
Step 1410: grad_norm=4.452729225158691, loss=2.9672675132751465, param_norm=1665.4737548828125
Step 1411: grad_norm=8.255616188049316, loss=2.887242078781128, param_norm=1665.473876953125
Step 1412: grad_norm=4.017533302307129, loss=2.9172844886779785, param_norm=1665.47412109375
Step 1413: grad_norm=12.626752853393555, loss=3.008981227874756, param_norm=1665.47412109375
Step 1414: grad_norm=5.186182975769043, loss=2.9893829822540283, param_norm=1665.474365234375
Step 1415: grad_norm=5.611904621124268, loss=2.848844051361084, param_norm=1665.4744873046875
Step 1416: grad_norm=10.009754180908203, loss=2.990436315536499, param_norm=1665.474609375
Step 1417: grad_norm=8.764537811279297, loss=2.881955862045288, param_norm=1665.474853515625
Step 1418: grad_norm=5.318535327911377, loss=2.950883388519287, param_norm=1665.474853515625
Step 1419: grad_norm=5.912189960479736, loss=3.054990291595459, param_norm=1665.47509765625
Step 1420: grad_norm=6.117895603179932, loss=2.785240888595581, param_norm=1665.4752197265625
Step 1421: grad_norm=6.547768592834473, loss=2.8385391235351562, param_norm=1665.475341796875
Step 1422: grad_norm=7.7187819480896, loss=2.801239490509033, param_norm=1665.4754638671875
Step 1423: grad_norm=7.416199684143066, loss=3.1374731063842773, param_norm=1665.4755859375
Step 1424: grad_norm=6.505153179168701, loss=2.7283289432525635, param_norm=1665.475830078125
Step 1425: grad_norm=13.585922241210938, loss=2.651545763015747, param_norm=1665.475830078125
Step 1426: grad_norm=4.42579984664917, loss=2.9649863243103027, param_norm=1665.47607421875
Step 1427: grad_norm=5.082154273986816, loss=2.968812942504883, param_norm=1665.4761962890625
Step 1428: grad_norm=6.023754596710205, loss=2.7915050983428955, param_norm=1665.4764404296875
Step 1429: grad_norm=5.126336097717285, loss=2.8741366863250732, param_norm=1665.4766845703125
Step 1430: grad_norm=6.840643882751465, loss=3.104083776473999, param_norm=1665.476806640625
Step 1431: grad_norm=10.883672714233398, loss=2.8598432540893555, param_norm=1665.47705078125
Step 1432: grad_norm=3.7301173210144043, loss=2.7930548191070557, param_norm=1665.477294921875
Step 1433: grad_norm=5.061003684997559, loss=2.785788059234619, param_norm=1665.4774169921875
Step 1434: grad_norm=11.098078727722168, loss=3.0237019062042236, param_norm=1665.4776611328125
Step 1435: grad_norm=5.313736915588379, loss=2.920053243637085, param_norm=1665.477783203125
Step 1436: grad_norm=10.476719856262207, loss=2.7001023292541504, param_norm=1665.47802734375
Step 1437: grad_norm=6.988858699798584, loss=2.8720388412475586, param_norm=1665.4781494140625
Step 1438: grad_norm=6.55065393447876, loss=2.864725351333618, param_norm=1665.4783935546875
Step 1439: grad_norm=5.3560614585876465, loss=2.8269104957580566, param_norm=1665.478515625
Step 1440: grad_norm=7.863707542419434, loss=2.9746203422546387, param_norm=1665.4786376953125
Step 1441: grad_norm=5.773674011230469, loss=2.9971389770507812, param_norm=1665.478759765625
Step 1442: grad_norm=7.1757426261901855, loss=2.758716583251953, param_norm=1665.4788818359375
Step 1443: grad_norm=4.2356061935424805, loss=2.615309953689575, param_norm=1665.47900390625
Step 1444: grad_norm=5.476541042327881, loss=2.869582176208496, param_norm=1665.479248046875
Step 1445: grad_norm=6.098677158355713, loss=2.8870174884796143, param_norm=1665.4793701171875
Step 1446: grad_norm=4.379678726196289, loss=2.8999691009521484, param_norm=1665.4794921875
Step 1447: grad_norm=7.257089138031006, loss=2.888329267501831, param_norm=1665.4796142578125
Step 1448: grad_norm=4.426970481872559, loss=2.5599405765533447, param_norm=1665.4796142578125
Step 1449: grad_norm=6.119145393371582, loss=2.804114580154419, param_norm=1665.479736328125
Step 1450: grad_norm=4.799631595611572, loss=2.92002534866333, param_norm=1665.47998046875
Step 1451: grad_norm=7.441146373748779, loss=2.8188540935516357, param_norm=1665.47998046875
Step 1452: grad_norm=9.882009506225586, loss=2.8176918029785156, param_norm=1665.480224609375
Step 1453: grad_norm=4.850749492645264, loss=2.7955527305603027, param_norm=1665.4803466796875
Step 1454: grad_norm=12.531492233276367, loss=2.846302032470703, param_norm=1665.4803466796875
Step 1455: grad_norm=4.373417854309082, loss=2.910580635070801, param_norm=1665.4805908203125
Step 1456: grad_norm=4.094690799713135, loss=2.652989387512207, param_norm=1665.4805908203125
Step 1457: grad_norm=5.740417003631592, loss=3.1178481578826904, param_norm=1665.480712890625
Step 1458: grad_norm=5.09712553024292, loss=2.9023361206054688, param_norm=1665.4808349609375
Step 1459: grad_norm=4.090668201446533, loss=2.9080498218536377, param_norm=1665.48095703125
Step 1460: grad_norm=7.802270412445068, loss=2.88280987739563, param_norm=1665.4810791015625
Step 1461: grad_norm=13.724000930786133, loss=2.8761115074157715, param_norm=1665.4813232421875
Step 1462: grad_norm=10.690398216247559, loss=2.944307565689087, param_norm=1665.4813232421875
Step 1463: grad_norm=8.520983695983887, loss=2.807130813598633, param_norm=1665.4815673828125
Step 1464: grad_norm=4.088997840881348, loss=2.9823803901672363, param_norm=1665.481689453125
Step 1465: grad_norm=5.399932384490967, loss=2.8633813858032227, param_norm=1665.48193359375
Step 1466: grad_norm=5.3172383308410645, loss=2.8333966732025146, param_norm=1665.4820556640625
Step 1467: grad_norm=12.150869369506836, loss=2.9507198333740234, param_norm=1665.4822998046875
Step 1468: grad_norm=9.362630844116211, loss=2.923347234725952, param_norm=1665.4825439453125
Step 1469: grad_norm=4.294644832611084, loss=2.7404134273529053, param_norm=1665.482666015625
Step 1470: grad_norm=5.915563583374023, loss=2.995532512664795, param_norm=1665.4827880859375
Step 1471: grad_norm=6.044535160064697, loss=2.533064842224121, param_norm=1665.48291015625
Step 1472: grad_norm=4.728699684143066, loss=2.8341574668884277, param_norm=1665.4832763671875
Step 1473: grad_norm=6.895930290222168, loss=2.868157148361206, param_norm=1665.4833984375
Step 1474: grad_norm=7.09913444519043, loss=3.0757341384887695, param_norm=1665.4835205078125
Step 1475: grad_norm=5.814178943634033, loss=2.820464849472046, param_norm=1665.483642578125
Step 1476: grad_norm=7.478536128997803, loss=3.0219955444335938, param_norm=1665.4837646484375
Step 1477: grad_norm=5.820146560668945, loss=2.8555850982666016, param_norm=1665.4840087890625
Step 1478: grad_norm=6.612006187438965, loss=2.8633744716644287, param_norm=1665.484130859375
Step 1479: grad_norm=8.075115203857422, loss=2.860971689224243, param_norm=1665.4842529296875
Step 1480: grad_norm=8.339414596557617, loss=2.9767227172851562, param_norm=1665.484375
Step 1481: grad_norm=10.429105758666992, loss=2.9117507934570312, param_norm=1665.4844970703125
Step 1482: grad_norm=5.3059000968933105, loss=2.864579200744629, param_norm=1665.484619140625
Step 1483: grad_norm=10.964311599731445, loss=2.64011812210083, param_norm=1665.4847412109375
Step 1484: grad_norm=5.489747524261475, loss=2.930142402648926, param_norm=1665.48486328125
Step 1485: grad_norm=5.296841621398926, loss=2.702650547027588, param_norm=1665.4849853515625
Step 1486: grad_norm=7.640971660614014, loss=2.8593204021453857, param_norm=1665.4852294921875
Step 1487: grad_norm=4.9032111167907715, loss=2.9468700885772705, param_norm=1665.4853515625
Step 1488: grad_norm=6.551686763763428, loss=2.6127572059631348, param_norm=1665.4854736328125
Step 1489: grad_norm=4.425304889678955, loss=2.652461290359497, param_norm=1665.4857177734375
Step 1490: grad_norm=11.456143379211426, loss=2.8293979167938232, param_norm=1665.48583984375
Step 1491: grad_norm=5.057244300842285, loss=2.6397275924682617, param_norm=1665.4859619140625
Step 1492: grad_norm=4.804406642913818, loss=2.7714202404022217, param_norm=1665.4862060546875
Step 1493: grad_norm=8.0936279296875, loss=2.8272321224212646, param_norm=1665.486328125
Step 1494: grad_norm=4.398358345031738, loss=2.7803683280944824, param_norm=1665.4864501953125
Step 1495: grad_norm=7.891183376312256, loss=2.978637456893921, param_norm=1665.486572265625
Step 1496: grad_norm=9.830567359924316, loss=3.2322440147399902, param_norm=1665.4866943359375
Step 1497: grad_norm=12.223057746887207, loss=2.8070595264434814, param_norm=1665.48681640625
Step 1498: grad_norm=5.384962558746338, loss=2.861783027648926, param_norm=1665.4869384765625
Step 1499: grad_norm=5.351848125457764, loss=2.8836236000061035, param_norm=1665.4871826171875
Step 1500: grad_norm=4.264743328094482, loss=2.656120777130127, param_norm=1665.4871826171875
Step 1501: grad_norm=7.044044017791748, loss=2.7813007831573486, param_norm=1665.4874267578125
Step 1502: grad_norm=4.765029430389404, loss=2.893117904663086, param_norm=1665.4874267578125
Step 1503: grad_norm=12.127285957336426, loss=2.9132423400878906, param_norm=1665.487548828125
Step 1504: grad_norm=9.757874488830566, loss=2.9814891815185547, param_norm=1665.48779296875
Step 1505: grad_norm=7.269517421722412, loss=2.982076644897461, param_norm=1665.4879150390625
Step 1506: grad_norm=14.182238578796387, loss=3.0301904678344727, param_norm=1665.4879150390625
Step 1507: grad_norm=7.11495304107666, loss=2.9848029613494873, param_norm=1665.4881591796875
Step 1508: grad_norm=7.012404441833496, loss=2.970600128173828, param_norm=1665.4881591796875
Step 1509: grad_norm=12.702986717224121, loss=2.9256560802459717, param_norm=1665.4884033203125
Step 1510: grad_norm=6.879467010498047, loss=2.9741010665893555, param_norm=1665.488525390625
Step 1511: grad_norm=4.626342296600342, loss=2.827106475830078, param_norm=1665.488525390625
Step 1512: grad_norm=4.249423980712891, loss=2.758697986602783, param_norm=1665.4886474609375
Step 1513: grad_norm=7.462801456451416, loss=2.876544713973999, param_norm=1665.48876953125
Step 1514: grad_norm=6.656534671783447, loss=2.9400434494018555, param_norm=1665.4888916015625
Step 1515: grad_norm=4.6708598136901855, loss=2.7449121475219727, param_norm=1665.4888916015625
Step 1516: grad_norm=3.936436176300049, loss=2.871206521987915, param_norm=1665.4891357421875
Step 1517: grad_norm=8.532661437988281, loss=2.6683921813964844, param_norm=1665.4892578125
Step 1518: grad_norm=4.518012523651123, loss=2.6826095581054688, param_norm=1665.4893798828125
Step 1519: grad_norm=6.938896656036377, loss=2.6996519565582275, param_norm=1665.489501953125
Step 1520: grad_norm=5.488525390625, loss=2.7377443313598633, param_norm=1665.4896240234375
Step 1521: grad_norm=4.026706218719482, loss=2.9121785163879395, param_norm=1665.4898681640625
Step 1522: grad_norm=10.985719680786133, loss=2.73787784576416, param_norm=1665.489990234375
Step 1523: grad_norm=4.304512977600098, loss=2.9396486282348633, param_norm=1665.4901123046875
Step 1524: grad_norm=5.040410041809082, loss=2.7780611515045166, param_norm=1665.4903564453125
Step 1525: grad_norm=4.553366661071777, loss=2.8323144912719727, param_norm=1665.490478515625
Step 1526: grad_norm=6.252378940582275, loss=2.654953956604004, param_norm=1665.4906005859375
Step 1527: grad_norm=6.93137788772583, loss=2.996826648712158, param_norm=1665.49072265625
Step 1528: grad_norm=6.7141194343566895, loss=2.861428737640381, param_norm=1665.4910888671875
Step 1529: grad_norm=6.381306171417236, loss=2.884809732437134, param_norm=1665.4912109375
Step 1530: grad_norm=5.079801559448242, loss=2.7773826122283936, param_norm=1665.4913330078125
Step 1531: grad_norm=14.293909072875977, loss=2.928802013397217, param_norm=1665.491455078125
Step 1532: grad_norm=5.283146858215332, loss=2.771953821182251, param_norm=1665.4915771484375
Step 1533: grad_norm=4.402385234832764, loss=2.703821897506714, param_norm=1665.49169921875
Step 1534: grad_norm=8.135377883911133, loss=2.90876841545105, param_norm=1665.4918212890625
Step 1535: grad_norm=4.689812183380127, loss=2.7449092864990234, param_norm=1665.4920654296875
Step 1536: grad_norm=5.976987838745117, loss=2.68731427192688, param_norm=1665.4921875
Step 1537: grad_norm=6.34303092956543, loss=2.8590142726898193, param_norm=1665.4921875
Step 1538: grad_norm=4.096179962158203, loss=2.780160427093506, param_norm=1665.492431640625
Step 1539: grad_norm=5.379016876220703, loss=3.108978748321533, param_norm=1665.4925537109375
Step 1540: grad_norm=6.679654598236084, loss=3.1279146671295166, param_norm=1665.49267578125
Step 1541: grad_norm=5.063956260681152, loss=2.7296459674835205, param_norm=1665.49267578125
Step 1542: grad_norm=5.925803184509277, loss=2.7542953491210938, param_norm=1665.4927978515625
Step 1543: grad_norm=5.973830223083496, loss=2.6163620948791504, param_norm=1665.4930419921875
Step 1544: grad_norm=5.749228477478027, loss=2.97497296333313, param_norm=1665.4931640625
Step 1545: grad_norm=5.896401882171631, loss=2.926387071609497, param_norm=1665.4931640625
Step 1546: grad_norm=5.52168607711792, loss=2.738316535949707, param_norm=1665.493408203125
Step 1547: grad_norm=4.895139217376709, loss=2.886566638946533, param_norm=1665.49365234375
Step 1548: grad_norm=4.22182559967041, loss=2.6549055576324463, param_norm=1665.49365234375
Step 1549: grad_norm=6.8858561515808105, loss=2.765852928161621, param_norm=1665.4937744140625
Step 1550: grad_norm=5.6269211769104, loss=2.8064463138580322, param_norm=1665.4940185546875
Step 1551: grad_norm=5.120189189910889, loss=2.869515895843506, param_norm=1665.494140625
Step 1552: grad_norm=11.075297355651855, loss=2.6492319107055664, param_norm=1665.494384765625
Step 1553: grad_norm=12.905535697937012, loss=2.89003324508667, param_norm=1665.4945068359375
Step 1554: grad_norm=13.863180160522461, loss=2.7441048622131348, param_norm=1665.49462890625
Step 1555: grad_norm=7.160696506500244, loss=2.837125539779663, param_norm=1665.4947509765625
Step 1556: grad_norm=7.2590460777282715, loss=2.79788875579834, param_norm=1665.494873046875
Step 1557: grad_norm=11.91662883758545, loss=2.9758734703063965, param_norm=1665.4951171875
Step 1558: grad_norm=13.94105339050293, loss=2.980147361755371, param_norm=1665.4951171875
Step 1559: grad_norm=14.993480682373047, loss=2.853480339050293, param_norm=1665.495361328125
Step 1560: grad_norm=5.817978382110596, loss=2.860813617706299, param_norm=1665.495361328125
Step 1561: grad_norm=5.474175453186035, loss=2.7974729537963867, param_norm=1665.49560546875
Step 1562: grad_norm=8.99527645111084, loss=2.7889132499694824, param_norm=1665.4957275390625
Step 1563: grad_norm=8.57781982421875, loss=2.876453161239624, param_norm=1665.495849609375
Step 1564: grad_norm=9.39405632019043, loss=3.1183011531829834, param_norm=1665.495849609375
Step 1565: grad_norm=7.5988664627075195, loss=2.9723458290100098, param_norm=1665.4959716796875
Step 1566: grad_norm=7.474133491516113, loss=2.923579454421997, param_norm=1665.49609375
Step 1567: grad_norm=5.522830009460449, loss=2.8486671447753906, param_norm=1665.49609375
Step 1568: grad_norm=12.772265434265137, loss=2.8089938163757324, param_norm=1665.4962158203125
Step 1569: grad_norm=5.91348934173584, loss=2.6919665336608887, param_norm=1665.496337890625
Step 1570: grad_norm=7.61245584487915, loss=2.7384135723114014, param_norm=1665.4964599609375
Step 1571: grad_norm=12.061924934387207, loss=2.960460662841797, param_norm=1665.49658203125
Step 1572: grad_norm=5.15382719039917, loss=3.0078320503234863, param_norm=1665.49658203125
Step 1573: grad_norm=6.088470458984375, loss=2.7162117958068848, param_norm=1665.4967041015625
Step 1574: grad_norm=5.81884241104126, loss=2.82851505279541, param_norm=1665.496826171875
Step 1575: grad_norm=4.321129322052002, loss=2.693355083465576, param_norm=1665.4969482421875
Step 1576: grad_norm=3.9870593547821045, loss=2.9423911571502686, param_norm=1665.4970703125
Step 1577: grad_norm=10.986715316772461, loss=2.963024139404297, param_norm=1665.4970703125
Step 1578: grad_norm=10.111835479736328, loss=2.7694361209869385, param_norm=1665.4971923828125
Step 1579: grad_norm=11.32253360748291, loss=2.9939231872558594, param_norm=1665.497314453125
Step 1580: grad_norm=10.072148323059082, loss=2.6813173294067383, param_norm=1665.497314453125
Step 1581: grad_norm=4.2798919677734375, loss=2.8983712196350098, param_norm=1665.49755859375
Step 1582: grad_norm=10.307452201843262, loss=2.797363758087158, param_norm=1665.49755859375
Step 1583: grad_norm=6.445810794830322, loss=2.8069863319396973, param_norm=1665.4976806640625
Step 1584: grad_norm=6.863649845123291, loss=2.692253589630127, param_norm=1665.4976806640625
Step 1585: grad_norm=7.801987171173096, loss=2.812246322631836, param_norm=1665.497802734375
Step 1586: grad_norm=4.948270797729492, loss=3.0192651748657227, param_norm=1665.4979248046875
Step 1587: grad_norm=5.631997585296631, loss=2.5679078102111816, param_norm=1665.498046875
Step 1588: grad_norm=4.178826332092285, loss=2.6465978622436523, param_norm=1665.498046875
Step 1589: grad_norm=6.67678689956665, loss=2.836519718170166, param_norm=1665.498291015625
Step 1590: grad_norm=15.684886932373047, loss=2.740943670272827, param_norm=1665.4984130859375
Step 1591: grad_norm=4.9818830490112305, loss=2.738701343536377, param_norm=1665.49853515625
Step 1592: grad_norm=12.495774269104004, loss=2.9102730751037598, param_norm=1665.4986572265625
Step 1593: grad_norm=4.588876247406006, loss=2.7651634216308594, param_norm=1665.4989013671875
Step 1594: grad_norm=11.799235343933105, loss=2.879542827606201, param_norm=1665.4990234375
Step 1595: grad_norm=12.501107215881348, loss=2.858152389526367, param_norm=1665.4991455078125
Step 1596: grad_norm=6.403952598571777, loss=2.8682823181152344, param_norm=1665.499267578125
Step 1597: grad_norm=11.281030654907227, loss=2.8429718017578125, param_norm=1665.49951171875
Step 1598: grad_norm=5.254876613616943, loss=2.785935163497925, param_norm=1665.4996337890625
Step 1599: grad_norm=6.950674533843994, loss=3.0731353759765625, param_norm=1665.4998779296875
Step 1600: grad_norm=4.192480564117432, loss=2.719010829925537, param_norm=1665.5
Step 1601: grad_norm=14.212695121765137, loss=2.8295013904571533, param_norm=1665.5001220703125
Step 1602: grad_norm=6.037846088409424, loss=3.050635814666748, param_norm=1665.500244140625
Step 1603: grad_norm=4.774241924285889, loss=2.7975516319274902, param_norm=1665.5003662109375
Step 1604: grad_norm=6.749908924102783, loss=3.136005401611328, param_norm=1665.50048828125
Step 1605: grad_norm=6.313243389129639, loss=2.8539719581604004, param_norm=1665.50048828125
Step 1606: grad_norm=14.926770210266113, loss=2.9449052810668945, param_norm=1665.5006103515625
Step 1607: grad_norm=6.488208293914795, loss=2.7304375171661377, param_norm=1665.500732421875
Step 1608: grad_norm=5.838452339172363, loss=2.697296380996704, param_norm=1665.5008544921875
Step 1609: grad_norm=4.882251739501953, loss=2.7135634422302246, param_norm=1665.5009765625
Step 1610: grad_norm=8.420393943786621, loss=2.8097076416015625, param_norm=1665.5010986328125
Step 1611: grad_norm=7.168138027191162, loss=2.8503332138061523, param_norm=1665.5010986328125
Step 1612: grad_norm=6.26220178604126, loss=2.9208168983459473, param_norm=1665.501220703125
Step 1613: grad_norm=7.991974353790283, loss=2.9693222045898438, param_norm=1665.50146484375
Step 1614: grad_norm=6.74919319152832, loss=2.677328586578369, param_norm=1665.5015869140625
Step 1615: grad_norm=6.731855869293213, loss=2.761078357696533, param_norm=1665.5015869140625
Step 1616: grad_norm=6.046010971069336, loss=2.8232123851776123, param_norm=1665.5018310546875
Step 1617: grad_norm=4.107578754425049, loss=2.8364453315734863, param_norm=1665.5018310546875
Step 1618: grad_norm=4.859058856964111, loss=2.8829972743988037, param_norm=1665.501953125
Step 1619: grad_norm=7.330557823181152, loss=2.86065673828125, param_norm=1665.5020751953125
Step 1620: grad_norm=4.467886924743652, loss=3.0705156326293945, param_norm=1665.502197265625
Step 1621: grad_norm=4.365217685699463, loss=2.7914271354675293, param_norm=1665.5023193359375
Step 1622: grad_norm=5.105373859405518, loss=2.876227855682373, param_norm=1665.50244140625
Step 1623: grad_norm=5.8423614501953125, loss=2.9682862758636475, param_norm=1665.5025634765625
Step 1624: grad_norm=5.064957618713379, loss=2.7993946075439453, param_norm=1665.5028076171875
Step 1625: grad_norm=4.435606002807617, loss=2.5716190338134766, param_norm=1665.5029296875
Step 1626: grad_norm=6.700784206390381, loss=2.7438037395477295, param_norm=1665.503173828125
Step 1627: grad_norm=9.058727264404297, loss=2.8954696655273438, param_norm=1665.5032958984375
Step 1628: grad_norm=4.357208251953125, loss=2.9703543186187744, param_norm=1665.5035400390625
Step 1629: grad_norm=6.6287312507629395, loss=2.6282424926757812, param_norm=1665.503662109375
Step 1630: grad_norm=10.216320037841797, loss=2.9342169761657715, param_norm=1665.50390625
Step 1631: grad_norm=7.40785026550293, loss=2.6901721954345703, param_norm=1665.504150390625
Step 1632: grad_norm=8.259485244750977, loss=2.764793872833252, param_norm=1665.504150390625
Step 1633: grad_norm=12.383257865905762, loss=2.997363567352295, param_norm=1665.5042724609375
Step 1634: grad_norm=7.208597183227539, loss=2.920424461364746, param_norm=1665.5045166015625
Step 1635: grad_norm=7.329159259796143, loss=2.9119820594787598, param_norm=1665.504638671875
Step 1636: grad_norm=5.607664108276367, loss=2.930488109588623, param_norm=1665.5047607421875
Step 1637: grad_norm=4.253035545349121, loss=2.716447353363037, param_norm=1665.5048828125
Step 1638: grad_norm=5.377203941345215, loss=2.8916168212890625, param_norm=1665.505126953125
Step 1639: grad_norm=5.830658435821533, loss=3.0315399169921875, param_norm=1665.5052490234375
Step 1640: grad_norm=4.8372979164123535, loss=2.9083757400512695, param_norm=1665.5052490234375
Step 1641: grad_norm=11.381685256958008, loss=2.8035888671875, param_norm=1665.5054931640625
Step 1642: grad_norm=8.309693336486816, loss=2.792309284210205, param_norm=1665.505615234375
Step 1643: grad_norm=7.799043655395508, loss=2.7399814128875732, param_norm=1665.5057373046875
Step 1644: grad_norm=4.286411762237549, loss=2.510956287384033, param_norm=1665.5057373046875
Step 1645: grad_norm=4.871427536010742, loss=2.805382013320923, param_norm=1665.505859375
Step 1646: grad_norm=7.410285472869873, loss=3.055670738220215, param_norm=1665.505859375
Step 1647: grad_norm=4.943854331970215, loss=2.73895263671875, param_norm=1665.506103515625
Step 1648: grad_norm=15.341785430908203, loss=2.9038920402526855, param_norm=1665.506103515625
Step 1649: grad_norm=10.720714569091797, loss=2.7404868602752686, param_norm=1665.5062255859375
Step 1650: grad_norm=11.101177215576172, loss=2.8317737579345703, param_norm=1665.5062255859375
Step 1651: grad_norm=9.82652473449707, loss=2.6665048599243164, param_norm=1665.5064697265625
Step 1652: grad_norm=4.954297065734863, loss=2.8202972412109375, param_norm=1665.506591796875
Step 1653: grad_norm=6.196120262145996, loss=2.8011021614074707, param_norm=1665.506591796875
Step 1654: grad_norm=7.573095321655273, loss=2.7247507572174072, param_norm=1665.5067138671875
Step 1655: grad_norm=4.292847156524658, loss=2.761857032775879, param_norm=1665.5068359375
Step 1656: grad_norm=5.995260238647461, loss=3.029540538787842, param_norm=1665.5068359375
Step 1657: grad_norm=6.527884006500244, loss=2.563232421875, param_norm=1665.5068359375
Step 1658: grad_norm=10.512920379638672, loss=2.872175455093384, param_norm=1665.5069580078125
Step 1659: grad_norm=6.734057903289795, loss=2.6410305500030518, param_norm=1665.507080078125
Step 1660: grad_norm=4.248828887939453, loss=2.6412248611450195, param_norm=1665.507080078125
Step 1661: grad_norm=6.094553470611572, loss=2.7342615127563477, param_norm=1665.5072021484375
Step 1662: grad_norm=4.6841044425964355, loss=2.7889461517333984, param_norm=1665.5072021484375
Step 1663: grad_norm=5.006896495819092, loss=2.736921787261963, param_norm=1665.5074462890625
Step 1664: grad_norm=10.239179611206055, loss=2.7261199951171875, param_norm=1665.5074462890625
Step 1665: grad_norm=6.987700462341309, loss=2.885867118835449, param_norm=1665.507568359375
Step 1666: grad_norm=7.561985015869141, loss=3.0631167888641357, param_norm=1665.5076904296875
Step 1667: grad_norm=5.189799785614014, loss=2.7120065689086914, param_norm=1665.5078125
Step 1668: grad_norm=5.66558837890625, loss=2.756873607635498, param_norm=1665.5078125
Step 1669: grad_norm=5.708318710327148, loss=2.515340805053711, param_norm=1665.5078125
Step 1670: grad_norm=6.659626483917236, loss=2.906928300857544, param_norm=1665.508056640625
Step 1671: grad_norm=6.179711818695068, loss=2.8779876232147217, param_norm=1665.508056640625
Step 1672: grad_norm=7.3314080238342285, loss=2.8192577362060547, param_norm=1665.5081787109375
Step 1673: grad_norm=5.053020000457764, loss=2.9664793014526367, param_norm=1665.50830078125
Step 1674: grad_norm=4.434322357177734, loss=2.660531520843506, param_norm=1665.5084228515625
Step 1675: grad_norm=5.873841285705566, loss=2.651665687561035, param_norm=1665.508544921875
Step 1676: grad_norm=4.174209117889404, loss=3.137676239013672, param_norm=1665.5086669921875
Step 1677: grad_norm=10.086448669433594, loss=2.8080332279205322, param_norm=1665.5087890625
Step 1678: grad_norm=4.73064661026001, loss=2.7465624809265137, param_norm=1665.5089111328125
Step 1679: grad_norm=5.007244110107422, loss=2.964827299118042, param_norm=1665.509033203125
Step 1680: grad_norm=6.671960353851318, loss=2.7696220874786377, param_norm=1665.5091552734375
Step 1681: grad_norm=4.705578804016113, loss=2.9587178230285645, param_norm=1665.5091552734375
Step 1682: grad_norm=9.690862655639648, loss=2.94134521484375, param_norm=1665.5091552734375
Step 1683: grad_norm=6.176819324493408, loss=2.9556119441986084, param_norm=1665.5093994140625
Step 1684: grad_norm=5.385348320007324, loss=2.907210350036621, param_norm=1665.509521484375
Step 1685: grad_norm=7.320592880249023, loss=2.576552152633667, param_norm=1665.5096435546875
Step 1686: grad_norm=6.456833362579346, loss=2.9290008544921875, param_norm=1665.509765625
Step 1687: grad_norm=4.840350151062012, loss=2.7311625480651855, param_norm=1665.509765625
Step 1688: grad_norm=5.332671642303467, loss=2.7346301078796387, param_norm=1665.510009765625
Step 1689: grad_norm=4.208412170410156, loss=2.880496025085449, param_norm=1665.510009765625
Step 1690: grad_norm=3.875885248184204, loss=2.722494125366211, param_norm=1665.5101318359375
Step 1691: grad_norm=4.276214599609375, loss=2.6514225006103516, param_norm=1665.51025390625
Step 1692: grad_norm=8.014056205749512, loss=2.695934772491455, param_norm=1665.5103759765625
Step 1693: grad_norm=8.377337455749512, loss=3.1413731575012207, param_norm=1665.510498046875
Step 1694: grad_norm=6.480817794799805, loss=2.6974010467529297, param_norm=1665.5106201171875
Step 1695: grad_norm=4.5477447509765625, loss=2.800166606903076, param_norm=1665.5107421875
Step 1696: grad_norm=4.461208343505859, loss=2.7054967880249023, param_norm=1665.5107421875
Step 1697: grad_norm=9.900301933288574, loss=2.9358558654785156, param_norm=1665.5108642578125
Step 1698: grad_norm=4.369487285614014, loss=2.5983104705810547, param_norm=1665.5111083984375
Step 1699: grad_norm=11.926373481750488, loss=2.907939910888672, param_norm=1665.5111083984375
Step 1700: grad_norm=4.346987724304199, loss=2.9390110969543457, param_norm=1665.5113525390625
Step 1701: grad_norm=5.154548645019531, loss=2.748328685760498, param_norm=1665.5113525390625
Step 1702: grad_norm=8.452775955200195, loss=2.7199270725250244, param_norm=1665.5115966796875
Step 1703: grad_norm=12.566459655761719, loss=2.858041286468506, param_norm=1665.51171875
Step 1704: grad_norm=11.906267166137695, loss=2.970346450805664, param_norm=1665.5118408203125
Step 1705: grad_norm=4.7154645919799805, loss=2.7571682929992676, param_norm=1665.511962890625
Step 1706: grad_norm=6.737103462219238, loss=2.5922231674194336, param_norm=1665.5120849609375
Step 1707: grad_norm=8.704712867736816, loss=2.807920455932617, param_norm=1665.51220703125
Step 1708: grad_norm=4.494308948516846, loss=2.848099708557129, param_norm=1665.51220703125
Step 1709: grad_norm=7.883801460266113, loss=2.6377573013305664, param_norm=1665.5123291015625
Step 1710: grad_norm=4.446525573730469, loss=2.7892465591430664, param_norm=1665.512451171875
Step 1711: grad_norm=10.432574272155762, loss=2.8715643882751465, param_norm=1665.5125732421875
Step 1712: grad_norm=9.205828666687012, loss=2.7656846046447754, param_norm=1665.5126953125
Step 1713: grad_norm=5.86584997177124, loss=3.0788016319274902, param_norm=1665.5126953125
Step 1714: grad_norm=10.000733375549316, loss=2.473771572113037, param_norm=1665.5128173828125
Step 1715: grad_norm=4.637279033660889, loss=2.777106285095215, param_norm=1665.512939453125
Step 1716: grad_norm=12.164464950561523, loss=2.665515184402466, param_norm=1665.5130615234375
Step 1717: grad_norm=14.393628120422363, loss=3.063929557800293, param_norm=1665.5130615234375
Step 1718: grad_norm=14.18095874786377, loss=2.7660980224609375, param_norm=1665.5133056640625
Step 1719: grad_norm=17.738658905029297, loss=2.6516027450561523, param_norm=1665.5133056640625
Step 1720: grad_norm=13.353971481323242, loss=2.76393723487854, param_norm=1665.513427734375
Step 1721: grad_norm=6.114990711212158, loss=2.6834030151367188, param_norm=1665.5135498046875
Step 1722: grad_norm=7.098589897155762, loss=2.783219337463379, param_norm=1665.5135498046875
Step 1723: grad_norm=4.632384777069092, loss=2.5627286434173584, param_norm=1665.513671875
Step 1724: grad_norm=11.90695858001709, loss=2.8920347690582275, param_norm=1665.5137939453125
Step 1725: grad_norm=10.370027542114258, loss=2.5293493270874023, param_norm=1665.513916015625
Step 1726: grad_norm=18.610454559326172, loss=2.863783121109009, param_norm=1665.513916015625
Step 1727: grad_norm=12.077031135559082, loss=3.129815101623535, param_norm=1665.5140380859375
Step 1728: grad_norm=14.445109367370605, loss=2.828134298324585, param_norm=1665.51416015625
Step 1729: grad_norm=5.016656875610352, loss=2.852224111557007, param_norm=1665.5142822265625
Step 1730: grad_norm=7.389636039733887, loss=3.0202174186706543, param_norm=1665.5142822265625
Step 1731: grad_norm=4.390900135040283, loss=2.7483348846435547, param_norm=1665.514404296875
Step 1732: grad_norm=5.61463737487793, loss=2.8703479766845703, param_norm=1665.514404296875
Step 1733: grad_norm=6.905516147613525, loss=2.688870429992676, param_norm=1665.5145263671875
Step 1734: grad_norm=12.047969818115234, loss=3.0310206413269043, param_norm=1665.5146484375
Step 1735: grad_norm=9.170106887817383, loss=2.728184700012207, param_norm=1665.5146484375
Step 1736: grad_norm=11.87175178527832, loss=2.763620376586914, param_norm=1665.5147705078125
Step 1737: grad_norm=5.32976770401001, loss=2.8332648277282715, param_norm=1665.514892578125
Step 1738: grad_norm=9.970742225646973, loss=2.659055233001709, param_norm=1665.514892578125
Step 1739: grad_norm=9.69271183013916, loss=2.794158458709717, param_norm=1665.514892578125
Step 1740: grad_norm=6.253717422485352, loss=2.745349884033203, param_norm=1665.5150146484375
Step 1741: grad_norm=11.22442626953125, loss=2.6760356426239014, param_norm=1665.5150146484375
Step 1742: grad_norm=10.311280250549316, loss=2.593134880065918, param_norm=1665.5152587890625
Step 1743: grad_norm=4.482700824737549, loss=2.62115478515625, param_norm=1665.5152587890625
Step 1744: grad_norm=10.287581443786621, loss=2.73028564453125, param_norm=1665.515380859375
Step 1745: grad_norm=7.013023376464844, loss=2.94295334815979, param_norm=1665.515380859375
Step 1746: grad_norm=4.819808483123779, loss=2.6186633110046387, param_norm=1665.5155029296875
Step 1747: grad_norm=6.945852756500244, loss=2.7237753868103027, param_norm=1665.515625
Step 1748: grad_norm=5.059139251708984, loss=2.9507551193237305, param_norm=1665.515625
Step 1749: grad_norm=7.966407775878906, loss=2.742499828338623, param_norm=1665.5157470703125
Step 1750: grad_norm=8.723783493041992, loss=2.7984750270843506, param_norm=1665.515869140625
Step 1751: grad_norm=8.59422492980957, loss=2.688328742980957, param_norm=1665.5159912109375
Step 1752: grad_norm=9.611124992370605, loss=2.8291282653808594, param_norm=1665.5159912109375
Step 1753: grad_norm=4.29139518737793, loss=2.7252790927886963, param_norm=1665.51611328125
Step 1754: grad_norm=7.28626012802124, loss=2.613422155380249, param_norm=1665.5162353515625
Step 1755: grad_norm=7.328230381011963, loss=2.871368885040283, param_norm=1665.5162353515625
Step 1756: grad_norm=7.633838176727295, loss=2.6802611351013184, param_norm=1665.516357421875
Step 1757: grad_norm=5.529647350311279, loss=2.9622802734375, param_norm=1665.5164794921875
Step 1758: grad_norm=6.154252052307129, loss=2.802603244781494, param_norm=1665.5166015625
Step 1759: grad_norm=7.058139324188232, loss=2.5948519706726074, param_norm=1665.5167236328125
Step 1760: grad_norm=5.5609130859375, loss=2.9802370071411133, param_norm=1665.516845703125
Step 1761: grad_norm=9.150752067565918, loss=2.848658561706543, param_norm=1665.5169677734375
Step 1762: grad_norm=14.086005210876465, loss=2.75296950340271, param_norm=1665.5169677734375
Step 1763: grad_norm=5.504182815551758, loss=2.8026323318481445, param_norm=1665.5172119140625
Step 1764: grad_norm=7.4157609939575195, loss=2.628404378890991, param_norm=1665.517333984375
Step 1765: grad_norm=9.286296844482422, loss=2.5663208961486816, param_norm=1665.517333984375
Step 1766: grad_norm=8.656494140625, loss=2.789555549621582, param_norm=1665.517578125
Step 1767: grad_norm=5.999556064605713, loss=2.903350591659546, param_norm=1665.517578125
Step 1768: grad_norm=8.518096923828125, loss=2.819462299346924, param_norm=1665.517822265625
Step 1769: grad_norm=7.516749382019043, loss=2.777493476867676, param_norm=1665.5179443359375
Step 1770: grad_norm=5.4118428230285645, loss=2.61783504486084, param_norm=1665.5179443359375
Step 1771: grad_norm=8.908745765686035, loss=2.8041300773620605, param_norm=1665.5181884765625
Step 1772: grad_norm=4.213766574859619, loss=2.903787136077881, param_norm=1665.5181884765625
Step 1773: grad_norm=4.399552345275879, loss=2.560088634490967, param_norm=1665.518310546875
Step 1774: grad_norm=5.46165657043457, loss=2.583031415939331, param_norm=1665.5185546875
Step 1775: grad_norm=12.527664184570312, loss=2.5654728412628174, param_norm=1665.5185546875
Step 1776: grad_norm=7.829719066619873, loss=2.75302791595459, param_norm=1665.5186767578125
Step 1777: grad_norm=3.8300693035125732, loss=2.8006625175476074, param_norm=1665.518798828125
Step 1778: grad_norm=5.468149662017822, loss=2.716355800628662, param_norm=1665.518798828125
Step 1779: grad_norm=4.859269142150879, loss=2.581800699234009, param_norm=1665.5189208984375
Step 1780: grad_norm=4.3488359451293945, loss=2.9206273555755615, param_norm=1665.51904296875
Step 1781: grad_norm=6.027831077575684, loss=2.970245838165283, param_norm=1665.5191650390625
Step 1782: grad_norm=4.969555854797363, loss=2.918473720550537, param_norm=1665.519287109375
Step 1783: grad_norm=5.417425632476807, loss=2.813455104827881, param_norm=1665.519287109375
Step 1784: grad_norm=9.834451675415039, loss=2.9499049186706543, param_norm=1665.51953125
Step 1785: grad_norm=8.53125, loss=2.922208309173584, param_norm=1665.51953125
Step 1786: grad_norm=5.404181003570557, loss=2.651989459991455, param_norm=1665.5196533203125
Step 1787: grad_norm=8.530781745910645, loss=2.789461612701416, param_norm=1665.519775390625
Step 1788: grad_norm=12.52895736694336, loss=2.8076605796813965, param_norm=1665.5198974609375
Step 1789: grad_norm=4.3437299728393555, loss=2.836954116821289, param_norm=1665.5198974609375
Step 1790: grad_norm=4.568880558013916, loss=2.844236135482788, param_norm=1665.52001953125
Step 1791: grad_norm=5.157541275024414, loss=2.439310073852539, param_norm=1665.5201416015625
Step 1792: grad_norm=11.031167984008789, loss=2.960977077484131, param_norm=1665.5201416015625
Step 1793: grad_norm=11.481078147888184, loss=2.921199321746826, param_norm=1665.520263671875
Step 1794: grad_norm=7.498074531555176, loss=2.9282894134521484, param_norm=1665.5203857421875
Step 1795: grad_norm=4.932061672210693, loss=2.865180015563965, param_norm=1665.5205078125
Step 1796: grad_norm=7.16400146484375, loss=2.8236820697784424, param_norm=1665.5205078125
Step 1797: grad_norm=5.999938488006592, loss=2.830305337905884, param_norm=1665.5206298828125
Step 1798: grad_norm=9.088674545288086, loss=2.83200740814209, param_norm=1665.5206298828125
Step 1799: grad_norm=6.579626083374023, loss=2.6725668907165527, param_norm=1665.520751953125
Step 1800: grad_norm=4.894937038421631, loss=2.8536009788513184, param_norm=1665.5208740234375
Step 1801: grad_norm=4.842802047729492, loss=2.9633004665374756, param_norm=1665.52099609375
Step 1802: grad_norm=6.804176330566406, loss=2.7717647552490234, param_norm=1665.5211181640625
Step 1803: grad_norm=7.075751781463623, loss=2.582348346710205, param_norm=1665.521240234375
Step 1804: grad_norm=10.966543197631836, loss=2.9077200889587402, param_norm=1665.521240234375
Step 1805: grad_norm=10.586004257202148, loss=2.9374194145202637, param_norm=1665.521484375
Step 1806: grad_norm=7.5887227058410645, loss=2.82082200050354, param_norm=1665.521484375
Step 1807: grad_norm=6.464000701904297, loss=2.8269567489624023, param_norm=1665.5216064453125
Step 1808: grad_norm=6.629183769226074, loss=2.6815762519836426, param_norm=1665.521728515625
Step 1809: grad_norm=4.659502029418945, loss=2.8996124267578125, param_norm=1665.5218505859375
Step 1810: grad_norm=4.044808387756348, loss=2.4406986236572266, param_norm=1665.5218505859375
Step 1811: grad_norm=4.429526329040527, loss=2.7933616638183594, param_norm=1665.52197265625
Step 1812: grad_norm=3.9427614212036133, loss=2.921841859817505, param_norm=1665.52197265625
Step 1813: grad_norm=4.4771623611450195, loss=2.8022496700286865, param_norm=1665.5220947265625
Step 1814: grad_norm=6.594458103179932, loss=2.9328665733337402, param_norm=1665.522216796875
Step 1815: grad_norm=8.0934419631958, loss=2.933244466781616, param_norm=1665.522216796875
Step 1816: grad_norm=4.602441310882568, loss=2.81166672706604, param_norm=1665.5223388671875
Step 1817: grad_norm=4.965585231781006, loss=2.898129940032959, param_norm=1665.5224609375
Step 1818: grad_norm=10.302526473999023, loss=2.749580144882202, param_norm=1665.5225830078125
Step 1819: grad_norm=4.1657609939575195, loss=2.794865131378174, param_norm=1665.522705078125
Step 1820: grad_norm=7.438722610473633, loss=2.617018938064575, param_norm=1665.522705078125
Step 1821: grad_norm=4.988062858581543, loss=2.8809256553649902, param_norm=1665.5228271484375
Step 1822: grad_norm=4.358102321624756, loss=2.9050214290618896, param_norm=1665.5228271484375
Step 1823: grad_norm=7.08192253112793, loss=2.8267996311187744, param_norm=1665.5230712890625
Step 1824: grad_norm=7.717660427093506, loss=2.909270763397217, param_norm=1665.5230712890625
Step 1825: grad_norm=5.590704917907715, loss=2.6563990116119385, param_norm=1665.523193359375
Step 1826: grad_norm=7.6232757568359375, loss=2.8010783195495605, param_norm=1665.5233154296875
Step 1827: grad_norm=4.929028034210205, loss=2.8358864784240723, param_norm=1665.5233154296875
Step 1828: grad_norm=9.20702075958252, loss=2.7693824768066406, param_norm=1665.5234375
Step 1829: grad_norm=5.516989707946777, loss=2.806382179260254, param_norm=1665.5234375
Step 1830: grad_norm=7.355710029602051, loss=2.6195552349090576, param_norm=1665.5235595703125
Step 1831: grad_norm=7.010655879974365, loss=2.722653388977051, param_norm=1665.5235595703125
Step 1832: grad_norm=5.95646333694458, loss=2.4879543781280518, param_norm=1665.5238037109375
Step 1833: grad_norm=4.387784957885742, loss=2.795670986175537, param_norm=1665.52392578125
Step 1834: grad_norm=5.12874174118042, loss=2.8373804092407227, param_norm=1665.52392578125
Step 1835: grad_norm=9.896821975708008, loss=3.1134767532348633, param_norm=1665.5240478515625
Step 1836: grad_norm=8.256028175354004, loss=2.864684581756592, param_norm=1665.5240478515625
Step 1837: grad_norm=6.487894058227539, loss=2.9417567253112793, param_norm=1665.524169921875
Step 1838: grad_norm=7.323349475860596, loss=3.0612101554870605, param_norm=1665.524169921875
Step 1839: grad_norm=4.57918643951416, loss=2.7523136138916016, param_norm=1665.5242919921875
Step 1840: grad_norm=8.31848430633545, loss=2.7845277786254883, param_norm=1665.5244140625
Step 1841: grad_norm=5.159684181213379, loss=3.0044498443603516, param_norm=1665.5245361328125
Step 1842: grad_norm=5.760651111602783, loss=2.8964996337890625, param_norm=1665.5245361328125
Step 1843: grad_norm=6.092886924743652, loss=2.771791934967041, param_norm=1665.524658203125
Step 1844: grad_norm=9.514899253845215, loss=3.162778854370117, param_norm=1665.524658203125
Step 1845: grad_norm=5.0598835945129395, loss=2.9896035194396973, param_norm=1665.5247802734375
Step 1846: grad_norm=8.033854484558105, loss=2.736659049987793, param_norm=1665.5247802734375
Step 1847: grad_norm=6.499877452850342, loss=2.8795852661132812, param_norm=1665.5250244140625
Step 1848: grad_norm=4.293209552764893, loss=2.76828670501709, param_norm=1665.5250244140625
Step 1849: grad_norm=9.810992240905762, loss=2.7825958728790283, param_norm=1665.525146484375
Step 1850: grad_norm=6.4348835945129395, loss=2.6509130001068115, param_norm=1665.525146484375
Step 1851: grad_norm=7.942871570587158, loss=2.898012161254883, param_norm=1665.525146484375
Step 1852: grad_norm=4.552050590515137, loss=2.8872437477111816, param_norm=1665.5252685546875
Step 1853: grad_norm=8.013317108154297, loss=2.862997055053711, param_norm=1665.5252685546875
Step 1854: grad_norm=6.131444931030273, loss=2.6249430179595947, param_norm=1665.525390625
Step 1855: grad_norm=15.024585723876953, loss=2.8422141075134277, param_norm=1665.525390625
Step 1856: grad_norm=8.214642524719238, loss=2.7712643146514893, param_norm=1665.525390625
Step 1857: grad_norm=4.83113956451416, loss=2.467411518096924, param_norm=1665.5255126953125
Step 1858: grad_norm=4.074743747711182, loss=2.877760887145996, param_norm=1665.525634765625
Step 1859: grad_norm=3.9313786029815674, loss=2.4400546550750732, param_norm=1665.5257568359375
Step 1860: grad_norm=14.732556343078613, loss=2.8934390544891357, param_norm=1665.52587890625
Step 1861: grad_norm=5.27305269241333, loss=2.700418472290039, param_norm=1665.52587890625
Step 1862: grad_norm=8.039325714111328, loss=2.743638038635254, param_norm=1665.5260009765625
Step 1863: grad_norm=4.729827404022217, loss=2.9051361083984375, param_norm=1665.526123046875
Step 1864: grad_norm=5.4578070640563965, loss=2.6208200454711914, param_norm=1665.526123046875
Step 1865: grad_norm=5.480892181396484, loss=2.9699771404266357, param_norm=1665.5263671875
Step 1866: grad_norm=10.33407974243164, loss=2.934499979019165, param_norm=1665.5263671875
Step 1867: grad_norm=6.062499523162842, loss=2.7418179512023926, param_norm=1665.5264892578125
Step 1868: grad_norm=9.554097175598145, loss=2.583864212036133, param_norm=1665.5264892578125
Step 1869: grad_norm=9.945369720458984, loss=2.8527204990386963, param_norm=1665.526611328125
Step 1870: grad_norm=9.22082233428955, loss=2.715862512588501, param_norm=1665.5267333984375
Step 1871: grad_norm=9.355306625366211, loss=2.806492328643799, param_norm=1665.52685546875
Step 1872: grad_norm=5.596558570861816, loss=2.6506404876708984, param_norm=1665.5269775390625
Step 1873: grad_norm=5.884586334228516, loss=2.9140024185180664, param_norm=1665.5269775390625
Step 1874: grad_norm=11.185304641723633, loss=2.730043411254883, param_norm=1665.527099609375
Step 1875: grad_norm=4.96824836730957, loss=3.052663564682007, param_norm=1665.527099609375
Step 1876: grad_norm=4.307189464569092, loss=2.362622022628784, param_norm=1665.5272216796875
Step 1877: grad_norm=7.936331748962402, loss=2.920419692993164, param_norm=1665.5272216796875
Step 1878: grad_norm=4.3865838050842285, loss=2.7496566772460938, param_norm=1665.52734375
Step 1879: grad_norm=8.224122047424316, loss=2.876861095428467, param_norm=1665.52734375
Step 1880: grad_norm=5.265273094177246, loss=2.906454086303711, param_norm=1665.52734375
Step 1881: grad_norm=8.775724411010742, loss=2.785855770111084, param_norm=1665.5274658203125
Step 1882: grad_norm=4.2561564445495605, loss=2.8443820476531982, param_norm=1665.5274658203125
Step 1883: grad_norm=4.694326400756836, loss=2.8651790618896484, param_norm=1665.527587890625
Step 1884: grad_norm=8.996299743652344, loss=2.7533888816833496, param_norm=1665.5277099609375
Step 1885: grad_norm=4.322414398193359, loss=2.7596793174743652, param_norm=1665.52783203125
Step 1886: grad_norm=8.996548652648926, loss=2.6309967041015625, param_norm=1665.52783203125
Step 1887: grad_norm=7.045599937438965, loss=2.654057264328003, param_norm=1665.5279541015625
Step 1888: grad_norm=4.85579252243042, loss=3.1455178260803223, param_norm=1665.5279541015625
Step 1889: grad_norm=6.788609504699707, loss=2.687683582305908, param_norm=1665.528076171875
Step 1890: grad_norm=4.709329605102539, loss=2.632981300354004, param_norm=1665.5281982421875
Step 1891: grad_norm=4.977121353149414, loss=2.846614360809326, param_norm=1665.5281982421875
Step 1892: grad_norm=6.1776909828186035, loss=2.805180311203003, param_norm=1665.5283203125
Step 1893: grad_norm=6.710549354553223, loss=2.604905128479004, param_norm=1665.5284423828125
Step 1894: grad_norm=6.987086772918701, loss=2.7826313972473145, param_norm=1665.5284423828125
Step 1895: grad_norm=8.304614067077637, loss=2.968238115310669, param_norm=1665.5284423828125
Step 1896: grad_norm=15.097012519836426, loss=2.591254949569702, param_norm=1665.528564453125
Step 1897: grad_norm=7.153038501739502, loss=2.601895809173584, param_norm=1665.5286865234375
Step 1898: grad_norm=4.722585201263428, loss=2.9847683906555176, param_norm=1665.5286865234375
Step 1899: grad_norm=4.093526840209961, loss=2.888533353805542, param_norm=1665.5286865234375
Step 1900: grad_norm=8.971468925476074, loss=2.9591586589813232, param_norm=1665.5289306640625
Step 1901: grad_norm=6.492169380187988, loss=2.7640132904052734, param_norm=1665.5289306640625
Step 1902: grad_norm=4.664336681365967, loss=2.720477819442749, param_norm=1665.529052734375
Step 1903: grad_norm=4.446035861968994, loss=2.693340301513672, param_norm=1665.5291748046875
Step 1904: grad_norm=7.9148993492126465, loss=2.695539712905884, param_norm=1665.529296875
Step 1905: grad_norm=4.639071941375732, loss=2.7672417163848877, param_norm=1665.529296875
Step 1906: grad_norm=5.256594657897949, loss=2.912093162536621, param_norm=1665.5294189453125
Step 1907: grad_norm=6.978243350982666, loss=2.685445785522461, param_norm=1665.5294189453125
Step 1908: grad_norm=5.443047523498535, loss=2.563570499420166, param_norm=1665.529541015625
Step 1909: grad_norm=5.147995471954346, loss=2.766895055770874, param_norm=1665.5296630859375
Step 1910: grad_norm=5.03884744644165, loss=2.8505804538726807, param_norm=1665.5296630859375
Step 1911: grad_norm=4.917209148406982, loss=2.890760660171509, param_norm=1665.52978515625
Step 1912: grad_norm=4.437692165374756, loss=2.6185364723205566, param_norm=1665.5299072265625
Step 1913: grad_norm=4.173527240753174, loss=2.9407570362091064, param_norm=1665.5299072265625
Step 1914: grad_norm=5.575897216796875, loss=2.863884925842285, param_norm=1665.530029296875
Step 1915: grad_norm=4.771495819091797, loss=2.8162670135498047, param_norm=1665.530029296875
Step 1916: grad_norm=5.802697658538818, loss=2.6461832523345947, param_norm=1665.5302734375
Step 1917: grad_norm=4.116775989532471, loss=2.803986072540283, param_norm=1665.5302734375
Step 1918: grad_norm=8.906791687011719, loss=2.928415060043335, param_norm=1665.5302734375
Step 1919: grad_norm=9.751321792602539, loss=2.6270341873168945, param_norm=1665.5303955078125
Step 1920: grad_norm=4.840324878692627, loss=2.6182680130004883, param_norm=1665.5303955078125
Step 1921: grad_norm=6.110060691833496, loss=2.8189640045166016, param_norm=1665.530517578125
Step 1922: grad_norm=4.818985939025879, loss=2.7984795570373535, param_norm=1665.530517578125
Step 1923: grad_norm=5.4210028648376465, loss=2.8668508529663086, param_norm=1665.530517578125
Step 1924: grad_norm=5.303533554077148, loss=2.7438135147094727, param_norm=1665.5306396484375
Step 1925: grad_norm=4.329904079437256, loss=2.9469141960144043, param_norm=1665.5306396484375
Step 1926: grad_norm=5.63352632522583, loss=2.5363314151763916, param_norm=1665.53076171875
Step 1927: grad_norm=5.047821044921875, loss=2.779366970062256, param_norm=1665.53076171875
Step 1928: grad_norm=5.721943378448486, loss=2.7881646156311035, param_norm=1665.5308837890625
Step 1929: grad_norm=4.6631340980529785, loss=2.8316781520843506, param_norm=1665.5308837890625
Step 1930: grad_norm=4.98213005065918, loss=2.933183193206787, param_norm=1665.531005859375
Step 1931: grad_norm=4.435486316680908, loss=2.766417980194092, param_norm=1665.531005859375
Step 1932: grad_norm=4.678164005279541, loss=2.560671329498291, param_norm=1665.5311279296875
Step 1933: grad_norm=9.814478874206543, loss=2.492776393890381, param_norm=1665.53125
Step 1934: grad_norm=5.465362071990967, loss=2.8426928520202637, param_norm=1665.53125
Step 1935: grad_norm=7.041196346282959, loss=2.9135003089904785, param_norm=1665.53125
Step 1936: grad_norm=10.837135314941406, loss=2.670271635055542, param_norm=1665.5313720703125
Step 1937: grad_norm=5.185373783111572, loss=2.6424946784973145, param_norm=1665.531494140625
Step 1938: grad_norm=6.175450325012207, loss=2.7089955806732178, param_norm=1665.5316162109375
Step 1939: grad_norm=5.257099151611328, loss=2.629909038543701, param_norm=1665.5316162109375
Step 1940: grad_norm=8.268503189086914, loss=2.6953330039978027, param_norm=1665.53173828125
Step 1941: grad_norm=5.918330669403076, loss=2.7803947925567627, param_norm=1665.5318603515625
Step 1942: grad_norm=4.8334760665893555, loss=2.761096954345703, param_norm=1665.5318603515625
Step 1943: grad_norm=9.345393180847168, loss=2.916829824447632, param_norm=1665.531982421875
Step 1944: grad_norm=5.5644707679748535, loss=2.730414390563965, param_norm=1665.531982421875
Step 1945: grad_norm=10.266407012939453, loss=2.9288558959960938, param_norm=1665.5321044921875
Step 1946: grad_norm=6.928163528442383, loss=2.559805393218994, param_norm=1665.5321044921875
Step 1947: grad_norm=7.609787464141846, loss=2.836951732635498, param_norm=1665.5322265625
Step 1948: grad_norm=4.239096641540527, loss=2.7277164459228516, param_norm=1665.5323486328125
Step 1949: grad_norm=4.562719345092773, loss=2.939955234527588, param_norm=1665.5323486328125
Step 1950: grad_norm=4.490259647369385, loss=2.794947624206543, param_norm=1665.5323486328125
Step 1951: grad_norm=13.58899211883545, loss=2.7607836723327637, param_norm=1665.532470703125
Step 1952: grad_norm=6.3664751052856445, loss=2.6564035415649414, param_norm=1665.532470703125
Step 1953: grad_norm=5.226508617401123, loss=2.8990817070007324, param_norm=1665.5325927734375
Step 1954: grad_norm=14.898059844970703, loss=2.790222644805908, param_norm=1665.5325927734375
Step 1955: grad_norm=4.174752712249756, loss=2.851121425628662, param_norm=1665.5325927734375
Step 1956: grad_norm=5.983000755310059, loss=2.751516342163086, param_norm=1665.5325927734375
Step 1957: grad_norm=4.021056175231934, loss=2.5986180305480957, param_norm=1665.53271484375
Step 1958: grad_norm=6.762293338775635, loss=2.6926732063293457, param_norm=1665.5328369140625
Step 1959: grad_norm=7.281664848327637, loss=2.8689777851104736, param_norm=1665.5328369140625
Step 1960: grad_norm=7.4669365882873535, loss=2.575134754180908, param_norm=1665.5328369140625
Step 1961: grad_norm=4.9229841232299805, loss=2.880659818649292, param_norm=1665.532958984375
Step 1962: grad_norm=4.508980751037598, loss=2.9776771068573, param_norm=1665.532958984375
Step 1963: grad_norm=6.305276393890381, loss=2.6887969970703125, param_norm=1665.532958984375
Step 1964: grad_norm=5.342644691467285, loss=2.7683238983154297, param_norm=1665.5330810546875
Step 1965: grad_norm=6.277475357055664, loss=2.9979095458984375, param_norm=1665.5330810546875
Step 1966: grad_norm=4.794317722320557, loss=2.590592861175537, param_norm=1665.533203125
Step 1967: grad_norm=4.901246070861816, loss=2.8226613998413086, param_norm=1665.533203125
Step 1968: grad_norm=9.57656478881836, loss=2.476045846939087, param_norm=1665.5333251953125
Step 1969: grad_norm=6.379410743713379, loss=2.67291522026062, param_norm=1665.5333251953125
Step 1970: grad_norm=4.996123313903809, loss=2.812678813934326, param_norm=1665.533447265625
Step 1971: grad_norm=6.292629718780518, loss=2.8325164318084717, param_norm=1665.533447265625
Step 1972: grad_norm=6.347995281219482, loss=2.6023383140563965, param_norm=1665.533447265625
Step 1973: grad_norm=4.382564544677734, loss=2.8193325996398926, param_norm=1665.5335693359375
Step 1974: grad_norm=10.12488079071045, loss=2.9271059036254883, param_norm=1665.5335693359375
Step 1975: grad_norm=9.997859001159668, loss=2.915743350982666, param_norm=1665.53369140625
Step 1976: grad_norm=4.852834224700928, loss=2.826716899871826, param_norm=1665.5338134765625
Step 1977: grad_norm=13.958656311035156, loss=2.894984483718872, param_norm=1665.5338134765625
Step 1978: grad_norm=4.6760077476501465, loss=2.9226205348968506, param_norm=1665.533935546875
Step 1979: grad_norm=6.267065048217773, loss=2.9197497367858887, param_norm=1665.533935546875
Step 1980: grad_norm=7.123507022857666, loss=2.862194538116455, param_norm=1665.533935546875
Step 1981: grad_norm=4.991936683654785, loss=2.736116886138916, param_norm=1665.533935546875
Step 1982: grad_norm=10.88533878326416, loss=2.726015567779541, param_norm=1665.5340576171875
Step 1983: grad_norm=11.34057331085205, loss=2.829123020172119, param_norm=1665.5341796875
Step 1984: grad_norm=14.200485229492188, loss=2.8509955406188965, param_norm=1665.5341796875
Step 1985: grad_norm=11.547736167907715, loss=2.7160072326660156, param_norm=1665.5341796875
Step 1986: grad_norm=16.564762115478516, loss=2.7964510917663574, param_norm=1665.5343017578125
Step 1987: grad_norm=5.583216667175293, loss=2.923137664794922, param_norm=1665.5343017578125
Step 1988: grad_norm=5.753741264343262, loss=2.674896717071533, param_norm=1665.534423828125
Step 1989: grad_norm=5.782314777374268, loss=2.608672618865967, param_norm=1665.534423828125
Step 1990: grad_norm=12.5531644821167, loss=2.9944167137145996, param_norm=1665.5345458984375
Step 1991: grad_norm=5.214356422424316, loss=3.0419695377349854, param_norm=1665.5345458984375
Step 1992: grad_norm=4.536325931549072, loss=2.7086963653564453, param_norm=1665.5345458984375
Step 1993: grad_norm=5.764328479766846, loss=2.855520248413086, param_norm=1665.5345458984375
Step 1994: grad_norm=4.922407627105713, loss=2.877345323562622, param_norm=1665.53466796875
Step 1995: grad_norm=4.861845016479492, loss=2.566173553466797, param_norm=1665.53466796875
Step 1996: grad_norm=7.433886528015137, loss=2.704470634460449, param_norm=1665.53466796875
Step 1997: grad_norm=4.483564376831055, loss=2.6758437156677246, param_norm=1665.53466796875
Step 1998: grad_norm=7.515661239624023, loss=2.9421114921569824, param_norm=1665.53466796875
Step 1999: grad_norm=4.4674482345581055, loss=2.7390310764312744, param_norm=1665.5347900390625
Step 2000: grad_norm=5.216424465179443, loss=2.9120354652404785, param_norm=1665.534912109375
Step 2001: grad_norm=4.8163228034973145, loss=2.5485756397247314, param_norm=1665.534912109375
Step 2002: grad_norm=4.983645915985107, loss=2.7977259159088135, param_norm=1665.534912109375
Step 2003: grad_norm=5.9595441818237305, loss=2.5992908477783203, param_norm=1665.5350341796875
Step 2004: grad_norm=5.852781772613525, loss=2.8247408866882324, param_norm=1665.5350341796875
Step 2005: grad_norm=6.574657917022705, loss=2.6923351287841797, param_norm=1665.53515625
Step 2006: grad_norm=4.4208197593688965, loss=2.733412265777588, param_norm=1665.53515625
Step 2007: grad_norm=5.079707145690918, loss=2.5924549102783203, param_norm=1665.5352783203125
Step 2008: grad_norm=3.9686050415039062, loss=2.893324375152588, param_norm=1665.5352783203125
Step 2009: grad_norm=10.379572868347168, loss=2.709221124649048, param_norm=1665.5355224609375
Step 2010: grad_norm=6.364601135253906, loss=2.8600335121154785, param_norm=1665.5355224609375
Step 2011: grad_norm=4.5597028732299805, loss=2.820117473602295, param_norm=1665.5355224609375
Step 2012: grad_norm=8.961736679077148, loss=2.7579216957092285, param_norm=1665.53564453125
Step 2013: grad_norm=8.33373737335205, loss=2.8457040786743164, param_norm=1665.53564453125
Step 2014: grad_norm=4.304708480834961, loss=2.8734138011932373, param_norm=1665.53564453125
Step 2015: grad_norm=4.94088888168335, loss=2.83487868309021, param_norm=1665.5357666015625
Step 2016: grad_norm=7.136693477630615, loss=2.939177989959717, param_norm=1665.5357666015625
Step 2017: grad_norm=9.227234840393066, loss=2.6035499572753906, param_norm=1665.535888671875
Step 2018: grad_norm=4.719936370849609, loss=2.6676883697509766, param_norm=1665.535888671875
Step 2019: grad_norm=6.827431678771973, loss=2.9985899925231934, param_norm=1665.535888671875
Step 2020: grad_norm=7.013535499572754, loss=2.8786096572875977, param_norm=1665.5361328125
Step 2021: grad_norm=8.753039360046387, loss=2.6612725257873535, param_norm=1665.5361328125
Step 2022: grad_norm=6.167212963104248, loss=2.5837717056274414, param_norm=1665.5361328125
Step 2023: grad_norm=6.207906723022461, loss=2.6841580867767334, param_norm=1665.5362548828125
Step 2024: grad_norm=5.44866943359375, loss=2.5916659832000732, param_norm=1665.5362548828125
Step 2025: grad_norm=7.504467487335205, loss=2.960228204727173, param_norm=1665.5362548828125
Step 2026: grad_norm=6.924820899963379, loss=2.947866201400757, param_norm=1665.536376953125
Step 2027: grad_norm=4.413358211517334, loss=2.6283445358276367, param_norm=1665.536376953125
Step 2028: grad_norm=5.800528049468994, loss=2.728991746902466, param_norm=1665.5364990234375
Step 2029: grad_norm=6.244123935699463, loss=2.858872413635254, param_norm=1665.5364990234375
Step 2030: grad_norm=6.617754936218262, loss=2.9543025493621826, param_norm=1665.53662109375
Step 2031: grad_norm=6.945865154266357, loss=2.9040117263793945, param_norm=1665.53662109375
Step 2032: grad_norm=4.24088191986084, loss=2.8566577434539795, param_norm=1665.5367431640625
Step 2033: grad_norm=5.283477783203125, loss=2.7912650108337402, param_norm=1665.536865234375
Step 2034: grad_norm=4.448775768280029, loss=2.844822406768799, param_norm=1665.536865234375
Step 2035: grad_norm=9.644979476928711, loss=2.6430630683898926, param_norm=1665.5369873046875
Step 2036: grad_norm=5.209933280944824, loss=2.7553868293762207, param_norm=1665.537109375
Step 2037: grad_norm=5.001296043395996, loss=2.8990299701690674, param_norm=1665.537109375
Step 2038: grad_norm=4.659698486328125, loss=2.741975784301758, param_norm=1665.537109375
Step 2039: grad_norm=5.810741901397705, loss=2.7176148891448975, param_norm=1665.537109375
Step 2040: grad_norm=5.733889579772949, loss=2.687391996383667, param_norm=1665.5372314453125
Step 2041: grad_norm=8.677403450012207, loss=2.777261734008789, param_norm=1665.5372314453125
Step 2042: grad_norm=5.980653285980225, loss=2.8616085052490234, param_norm=1665.5374755859375
Step 2043: grad_norm=11.177358627319336, loss=2.6507790088653564, param_norm=1665.5374755859375
Step 2044: grad_norm=6.16237735748291, loss=2.764871597290039, param_norm=1665.5374755859375
Step 2045: grad_norm=4.031115531921387, loss=2.753586769104004, param_norm=1665.53759765625
Step 2046: grad_norm=4.4013352394104, loss=2.9089207649230957, param_norm=1665.53759765625
Step 2047: grad_norm=5.503655910491943, loss=2.590064525604248, param_norm=1665.5377197265625
Step 2048: grad_norm=4.426815509796143, loss=2.8306422233581543, param_norm=1665.537841796875
Step 2049: grad_norm=11.03494930267334, loss=2.890169382095337, param_norm=1665.537841796875
Step 2050: grad_norm=7.11172342300415, loss=2.8035149574279785, param_norm=1665.5379638671875
Step 2051: grad_norm=7.731507778167725, loss=2.65615177154541, param_norm=1665.5380859375
Step 2052: grad_norm=3.9671435356140137, loss=2.678537368774414, param_norm=1665.5380859375
Step 2053: grad_norm=4.303934574127197, loss=2.8627734184265137, param_norm=1665.5380859375
Step 2054: grad_norm=4.331629753112793, loss=2.798276424407959, param_norm=1665.5380859375
Step 2055: grad_norm=9.305875778198242, loss=2.550595998764038, param_norm=1665.5382080078125
Step 2056: grad_norm=5.402886867523193, loss=2.609963893890381, param_norm=1665.5382080078125
Step 2057: grad_norm=4.355454444885254, loss=2.550217866897583, param_norm=1665.538330078125
Step 2058: grad_norm=5.009944915771484, loss=2.7543153762817383, param_norm=1665.5384521484375
Step 2059: grad_norm=4.819525241851807, loss=2.6359267234802246, param_norm=1665.538330078125
Step 2060: grad_norm=5.258253574371338, loss=3.0906176567077637, param_norm=1665.5384521484375
Step 2061: grad_norm=5.9991326332092285, loss=2.6337575912475586, param_norm=1665.5384521484375
Step 2062: grad_norm=4.804340839385986, loss=2.6535630226135254, param_norm=1665.53857421875
Step 2063: grad_norm=4.354417324066162, loss=2.796377658843994, param_norm=1665.53857421875
Step 2064: grad_norm=5.867035865783691, loss=2.9095733165740967, param_norm=1665.53857421875
Step 2065: grad_norm=5.120634078979492, loss=2.74282169342041, param_norm=1665.5386962890625
Step 2066: grad_norm=11.303750991821289, loss=2.8362483978271484, param_norm=1665.538818359375
Step 2067: grad_norm=5.651463985443115, loss=2.9167113304138184, param_norm=1665.538818359375
Step 2068: grad_norm=4.963418960571289, loss=2.6151299476623535, param_norm=1665.538818359375
Step 2069: grad_norm=4.560293674468994, loss=2.7752628326416016, param_norm=1665.538818359375
Step 2070: grad_norm=6.434011459350586, loss=2.467167615890503, param_norm=1665.538818359375
Step 2071: grad_norm=7.8338751792907715, loss=2.3946354389190674, param_norm=1665.5389404296875
Step 2072: grad_norm=6.053037643432617, loss=2.6897132396698, param_norm=1665.5389404296875
Step 2073: grad_norm=9.566390991210938, loss=2.931515693664551, param_norm=1665.5390625
Step 2074: grad_norm=5.835262298583984, loss=2.7878637313842773, param_norm=1665.5390625
Step 2075: grad_norm=4.021748065948486, loss=2.613093852996826, param_norm=1665.5390625
Step 2076: grad_norm=4.170154094696045, loss=2.872042179107666, param_norm=1665.5391845703125
Step 2077: grad_norm=4.46447229385376, loss=2.8473715782165527, param_norm=1665.5391845703125
Step 2078: grad_norm=4.639482021331787, loss=2.819791793823242, param_norm=1665.5391845703125
Step 2079: grad_norm=6.241671085357666, loss=2.655668258666992, param_norm=1665.5394287109375
Step 2080: grad_norm=5.341435432434082, loss=2.573208808898926, param_norm=1665.5394287109375
Step 2081: grad_norm=4.55839204788208, loss=2.848574638366699, param_norm=1665.5394287109375
Step 2082: grad_norm=6.98466682434082, loss=2.7035484313964844, param_norm=1665.53955078125
Step 2083: grad_norm=7.569502353668213, loss=2.7027628421783447, param_norm=1665.53955078125
Step 2084: grad_norm=4.304093837738037, loss=2.514273166656494, param_norm=1665.539794921875
Step 2085: grad_norm=4.820599555969238, loss=2.886536121368408, param_norm=1665.5396728515625
Step 2086: grad_norm=8.008612632751465, loss=2.448979377746582, param_norm=1665.539794921875
Step 2087: grad_norm=9.99526596069336, loss=2.8638153076171875, param_norm=1665.539794921875
Step 2088: grad_norm=4.774902820587158, loss=3.009312629699707, param_norm=1665.5400390625
Step 2089: grad_norm=8.09145736694336, loss=2.7543108463287354, param_norm=1665.5400390625
Step 2090: grad_norm=7.4379448890686035, loss=2.6952123641967773, param_norm=1665.5400390625
Step 2091: grad_norm=6.240519046783447, loss=2.6595733165740967, param_norm=1665.5401611328125
Step 2092: grad_norm=5.455609321594238, loss=2.611814498901367, param_norm=1665.5401611328125
Step 2093: grad_norm=4.27469539642334, loss=2.8787636756896973, param_norm=1665.5401611328125
Step 2094: grad_norm=6.5611572265625, loss=2.4651083946228027, param_norm=1665.540283203125
Step 2095: grad_norm=6.360657691955566, loss=2.735830068588257, param_norm=1665.5404052734375
Step 2096: grad_norm=4.687283039093018, loss=2.5708959102630615, param_norm=1665.5404052734375
Step 2097: grad_norm=7.6200175285339355, loss=2.7016172409057617, param_norm=1665.5404052734375
Step 2098: grad_norm=6.403961181640625, loss=2.8963563442230225, param_norm=1665.5404052734375
Step 2099: grad_norm=6.469823837280273, loss=2.9317831993103027, param_norm=1665.54052734375
Step 2100: grad_norm=6.398270130157471, loss=2.819108486175537, param_norm=1665.54052734375
Step 2101: grad_norm=5.68878173828125, loss=2.9440550804138184, param_norm=1665.54052734375
Step 2102: grad_norm=10.228245735168457, loss=2.843409299850464, param_norm=1665.5406494140625
Step 2103: grad_norm=8.483474731445312, loss=2.727728843688965, param_norm=1665.540771484375
Step 2104: grad_norm=4.3367109298706055, loss=2.537590980529785, param_norm=1665.540771484375
Step 2105: grad_norm=6.896785259246826, loss=2.873378038406372, param_norm=1665.540771484375
Step 2106: grad_norm=6.499578475952148, loss=2.529582977294922, param_norm=1665.5408935546875
Step 2107: grad_norm=4.71002721786499, loss=2.788405418395996, param_norm=1665.5408935546875
Step 2108: grad_norm=4.501657962799072, loss=2.7359743118286133, param_norm=1665.5408935546875
Step 2109: grad_norm=4.474616050720215, loss=2.801872730255127, param_norm=1665.541015625
Step 2110: grad_norm=6.043702125549316, loss=2.8295979499816895, param_norm=1665.541015625
Step 2111: grad_norm=7.382121562957764, loss=2.4766526222229004, param_norm=1665.5411376953125
Step 2112: grad_norm=6.564873695373535, loss=2.699141025543213, param_norm=1665.5411376953125
Step 2113: grad_norm=4.853574752807617, loss=2.8398170471191406, param_norm=1665.5411376953125
Step 2114: grad_norm=6.4322052001953125, loss=2.6006436347961426, param_norm=1665.541259765625
Step 2115: grad_norm=4.649870872497559, loss=3.0231642723083496, param_norm=1665.5413818359375
Step 2116: grad_norm=10.115906715393066, loss=2.797915458679199, param_norm=1665.5413818359375
Step 2117: grad_norm=9.79859733581543, loss=2.649789810180664, param_norm=1665.5413818359375
Step 2118: grad_norm=4.637994766235352, loss=2.9077706336975098, param_norm=1665.5413818359375
Step 2119: grad_norm=11.842385292053223, loss=2.8800039291381836, param_norm=1665.54150390625
Step 2120: grad_norm=11.515518188476562, loss=2.8055222034454346, param_norm=1665.54150390625
Step 2121: grad_norm=15.523240089416504, loss=2.7880938053131104, param_norm=1665.5416259765625
Step 2122: grad_norm=13.79096794128418, loss=2.687523603439331, param_norm=1665.5416259765625
Step 2123: grad_norm=7.564890384674072, loss=2.8937716484069824, param_norm=1665.5416259765625
Step 2124: grad_norm=15.616609573364258, loss=2.6259844303131104, param_norm=1665.541748046875
Step 2125: grad_norm=5.254641056060791, loss=2.863417625427246, param_norm=1665.541748046875
Step 2126: grad_norm=5.150569438934326, loss=2.775637149810791, param_norm=1665.541748046875
Step 2127: grad_norm=4.428359031677246, loss=2.7284371852874756, param_norm=1665.541748046875
Step 2128: grad_norm=4.353116989135742, loss=2.513702392578125, param_norm=1665.5418701171875
Step 2129: grad_norm=10.8785982131958, loss=2.909022092819214, param_norm=1665.5419921875
Step 2130: grad_norm=17.399778366088867, loss=2.7688660621643066, param_norm=1665.5419921875
Step 2131: grad_norm=10.25183391571045, loss=2.7831974029541016, param_norm=1665.5419921875
Step 2132: grad_norm=10.6051664352417, loss=2.745265483856201, param_norm=1665.5421142578125
Step 2133: grad_norm=20.352008819580078, loss=2.8827240467071533, param_norm=1665.5421142578125
Step 2134: grad_norm=11.898772239685059, loss=2.7415895462036133, param_norm=1665.542236328125
Step 2135: grad_norm=6.525802135467529, loss=2.926466941833496, param_norm=1665.542236328125
Step 2136: grad_norm=4.958372116088867, loss=2.499788522720337, param_norm=1665.542236328125
Step 2137: grad_norm=6.677963733673096, loss=2.832765579223633, param_norm=1665.542236328125
Step 2138: grad_norm=8.304533958435059, loss=2.5048725605010986, param_norm=1665.5423583984375
Step 2139: grad_norm=8.532992362976074, loss=2.778397798538208, param_norm=1665.5423583984375
Step 2140: grad_norm=5.125442028045654, loss=2.707152843475342, param_norm=1665.5423583984375
Step 2141: grad_norm=7.247349739074707, loss=2.6085152626037598, param_norm=1665.5423583984375
Step 2142: grad_norm=8.219855308532715, loss=2.7474470138549805, param_norm=1665.5423583984375
Step 2143: grad_norm=8.758855819702148, loss=2.667304515838623, param_norm=1665.5423583984375
Step 2144: grad_norm=10.368110656738281, loss=2.7682182788848877, param_norm=1665.54248046875
Step 2145: grad_norm=6.976132392883301, loss=2.6966989040374756, param_norm=1665.54248046875
Step 2146: grad_norm=4.730376243591309, loss=2.6155028343200684, param_norm=1665.54248046875
Step 2147: grad_norm=4.250824928283691, loss=2.791512966156006, param_norm=1665.5426025390625
Step 2148: grad_norm=6.368069648742676, loss=2.6595678329467773, param_norm=1665.5426025390625
Step 2149: grad_norm=7.6310038566589355, loss=2.5838212966918945, param_norm=1665.5426025390625
Step 2150: grad_norm=5.711782455444336, loss=2.677751302719116, param_norm=1665.542724609375
Step 2151: grad_norm=13.510180473327637, loss=2.941469669342041, param_norm=1665.542724609375
Step 2152: grad_norm=4.924823760986328, loss=2.6449546813964844, param_norm=1665.542724609375
Step 2153: grad_norm=11.396622657775879, loss=2.7907252311706543, param_norm=1665.5428466796875
Step 2154: grad_norm=7.247060298919678, loss=2.564622163772583, param_norm=1665.5428466796875
Step 2155: grad_norm=8.023877143859863, loss=2.672426700592041, param_norm=1665.5428466796875
Step 2156: grad_norm=4.732089519500732, loss=2.7783780097961426, param_norm=1665.5428466796875
Step 2157: grad_norm=5.0598249435424805, loss=2.599391222000122, param_norm=1665.54296875
Step 2158: grad_norm=7.206571578979492, loss=2.685422420501709, param_norm=1665.5430908203125
Step 2159: grad_norm=4.145803928375244, loss=2.742762804031372, param_norm=1665.5430908203125
Step 2160: grad_norm=4.683564186096191, loss=2.7376182079315186, param_norm=1665.5430908203125
Step 2161: grad_norm=4.7681097984313965, loss=2.770622730255127, param_norm=1665.543212890625
Step 2162: grad_norm=10.813858032226562, loss=2.7576956748962402, param_norm=1665.5433349609375
Step 2163: grad_norm=7.475317478179932, loss=2.7529191970825195, param_norm=1665.5433349609375
Step 2164: grad_norm=4.813472747802734, loss=2.99544095993042, param_norm=1665.5433349609375
Step 2165: grad_norm=9.676536560058594, loss=2.818819046020508, param_norm=1665.5433349609375
Step 2166: grad_norm=4.346786022186279, loss=2.5957040786743164, param_norm=1665.5433349609375
Step 2167: grad_norm=11.926278114318848, loss=2.598069190979004, param_norm=1665.54345703125
Step 2168: grad_norm=5.961621284484863, loss=2.7671077251434326, param_norm=1665.54345703125
Step 2169: grad_norm=4.8791890144348145, loss=2.608516216278076, param_norm=1665.5435791015625
Step 2170: grad_norm=10.173362731933594, loss=2.8857598304748535, param_norm=1665.5435791015625
Step 2171: grad_norm=5.6121134757995605, loss=2.5903244018554688, param_norm=1665.5435791015625
Step 2172: grad_norm=6.170044898986816, loss=2.8368940353393555, param_norm=1665.543701171875
Step 2173: grad_norm=6.394338130950928, loss=2.727854013442993, param_norm=1665.543701171875
Step 2174: grad_norm=10.143304824829102, loss=2.879610776901245, param_norm=1665.543701171875
Step 2175: grad_norm=6.3760294914245605, loss=2.804778575897217, param_norm=1665.543701171875
Step 2176: grad_norm=5.168655872344971, loss=2.972867012023926, param_norm=1665.543701171875
Step 2177: grad_norm=5.74469518661499, loss=2.4824323654174805, param_norm=1665.5438232421875
Step 2178: grad_norm=4.6023077964782715, loss=2.9481453895568848, param_norm=1665.5438232421875
Step 2179: grad_norm=12.183475494384766, loss=2.7952609062194824, param_norm=1665.5438232421875
Step 2180: grad_norm=4.696781635284424, loss=2.8340682983398438, param_norm=1665.5438232421875
Step 2181: grad_norm=5.040576457977295, loss=3.053457260131836, param_norm=1665.5439453125
Step 2182: grad_norm=4.008833885192871, loss=2.669948101043701, param_norm=1665.5439453125
Step 2183: grad_norm=4.236384868621826, loss=2.655703067779541, param_norm=1665.5440673828125
Step 2184: grad_norm=8.49114990234375, loss=2.939636707305908, param_norm=1665.5440673828125
Step 2185: grad_norm=4.426823616027832, loss=2.5850939750671387, param_norm=1665.5440673828125
Step 2186: grad_norm=5.675313472747803, loss=2.5426809787750244, param_norm=1665.544189453125
Step 2187: grad_norm=5.133783340454102, loss=2.724651336669922, param_norm=1665.544189453125
Step 2188: grad_norm=4.430118083953857, loss=2.9114139080047607, param_norm=1665.544189453125
Step 2189: grad_norm=7.044268608093262, loss=3.0205774307250977, param_norm=1665.544189453125
Step 2190: grad_norm=6.579109191894531, loss=2.670088052749634, param_norm=1665.5443115234375
Step 2191: grad_norm=10.730510711669922, loss=2.7443995475769043, param_norm=1665.5443115234375
Step 2192: grad_norm=4.693708896636963, loss=2.573805332183838, param_norm=1665.5443115234375
Step 2193: grad_norm=7.009044170379639, loss=2.6254749298095703, param_norm=1665.54443359375
Step 2194: grad_norm=4.4661641120910645, loss=2.875753164291382, param_norm=1665.54443359375
Step 2195: grad_norm=6.318859577178955, loss=2.7928824424743652, param_norm=1665.54443359375
Step 2196: grad_norm=4.407530307769775, loss=2.5162124633789062, param_norm=1665.54443359375
Step 2197: grad_norm=4.468183994293213, loss=2.524003744125366, param_norm=1665.5445556640625
Step 2198: grad_norm=4.565309524536133, loss=2.7162373065948486, param_norm=1665.544677734375
Step 2199: grad_norm=5.894539833068848, loss=2.6352434158325195, param_norm=1665.544677734375
Step 2200: grad_norm=4.590121746063232, loss=2.713409423828125, param_norm=1665.544677734375
Step 2201: grad_norm=10.262918472290039, loss=2.896589994430542, param_norm=1665.544677734375
Step 2202: grad_norm=5.015787124633789, loss=2.8475890159606934, param_norm=1665.5447998046875
Step 2203: grad_norm=6.256540298461914, loss=2.6373133659362793, param_norm=1665.5447998046875
Step 2204: grad_norm=4.221443176269531, loss=2.610055446624756, param_norm=1665.5447998046875
Step 2205: grad_norm=9.298375129699707, loss=3.07765531539917, param_norm=1665.5447998046875
Step 2206: grad_norm=6.098667144775391, loss=2.7799854278564453, param_norm=1665.5447998046875
Step 2207: grad_norm=4.642422676086426, loss=3.004652976989746, param_norm=1665.5447998046875
Step 2208: grad_norm=8.997939109802246, loss=2.703181743621826, param_norm=1665.5447998046875
Step 2209: grad_norm=5.7565131187438965, loss=2.59268856048584, param_norm=1665.5447998046875
Step 2210: grad_norm=4.5130791664123535, loss=2.703655242919922, param_norm=1665.544921875
Step 2211: grad_norm=6.722159385681152, loss=2.9567956924438477, param_norm=1665.5450439453125
Step 2212: grad_norm=5.8687663078308105, loss=2.7924156188964844, param_norm=1665.5450439453125
Step 2213: grad_norm=9.2034912109375, loss=2.835399627685547, param_norm=1665.5450439453125
Step 2214: grad_norm=6.022009372711182, loss=2.713967800140381, param_norm=1665.5452880859375
Step 2215: grad_norm=5.813047885894775, loss=2.83063006401062, param_norm=1665.5452880859375
Step 2216: grad_norm=6.250757694244385, loss=2.7333824634552, param_norm=1665.5452880859375
Step 2217: grad_norm=5.152457237243652, loss=2.7877016067504883, param_norm=1665.5452880859375
Step 2218: grad_norm=4.96826696395874, loss=2.9527249336242676, param_norm=1665.5452880859375
Step 2219: grad_norm=5.882800102233887, loss=2.7850308418273926, param_norm=1665.5452880859375
Step 2220: grad_norm=4.120992183685303, loss=2.69236421585083, param_norm=1665.54541015625
Step 2221: grad_norm=6.274050712585449, loss=2.7236084938049316, param_norm=1665.54541015625
Step 2222: grad_norm=6.0685811042785645, loss=2.6775615215301514, param_norm=1665.54541015625
Step 2223: grad_norm=4.264345645904541, loss=2.8065285682678223, param_norm=1665.5455322265625
Step 2224: grad_norm=4.52755880355835, loss=2.4714155197143555, param_norm=1665.5455322265625
Step 2225: grad_norm=5.7801055908203125, loss=2.7551870346069336, param_norm=1665.5455322265625
Step 2226: grad_norm=14.0645751953125, loss=2.526712656021118, param_norm=1665.545654296875
Step 2227: grad_norm=4.372849464416504, loss=2.7000575065612793, param_norm=1665.545654296875
Step 2228: grad_norm=9.338601112365723, loss=2.7342617511749268, param_norm=1665.545654296875
Step 2229: grad_norm=5.732000827789307, loss=2.6150550842285156, param_norm=1665.545654296875
Step 2230: grad_norm=5.019211292266846, loss=2.747012138366699, param_norm=1665.545654296875
Step 2231: grad_norm=6.258373260498047, loss=2.8218934535980225, param_norm=1665.545654296875
Step 2232: grad_norm=4.477323532104492, loss=2.9286677837371826, param_norm=1665.5457763671875
Step 2233: grad_norm=4.35986852645874, loss=2.796876907348633, param_norm=1665.5457763671875
Step 2234: grad_norm=4.700164794921875, loss=2.7689318656921387, param_norm=1665.5457763671875
Step 2235: grad_norm=6.780101299285889, loss=2.6669704914093018, param_norm=1665.5457763671875
Step 2236: grad_norm=4.978686332702637, loss=2.7060577869415283, param_norm=1665.5457763671875
Step 2237: grad_norm=11.569514274597168, loss=2.5591659545898438, param_norm=1665.5457763671875
Step 2238: grad_norm=9.55193042755127, loss=2.7927370071411133, param_norm=1665.5458984375
Step 2239: grad_norm=6.92380952835083, loss=2.553635835647583, param_norm=1665.5458984375
Step 2240: grad_norm=4.486086845397949, loss=2.887810707092285, param_norm=1665.5458984375
Step 2241: grad_norm=6.136605739593506, loss=2.521953821182251, param_norm=1665.5460205078125
Step 2242: grad_norm=9.82410717010498, loss=2.878413677215576, param_norm=1665.5460205078125
Step 2243: grad_norm=7.560771465301514, loss=2.6448402404785156, param_norm=1665.5460205078125
Step 2244: grad_norm=6.8356804847717285, loss=2.581139087677002, param_norm=1665.546142578125
Step 2245: grad_norm=5.957440376281738, loss=2.5379397869110107, param_norm=1665.546142578125
Step 2246: grad_norm=4.848368167877197, loss=2.8715105056762695, param_norm=1665.5462646484375
Step 2247: grad_norm=6.746651649475098, loss=2.5666003227233887, param_norm=1665.5462646484375
Step 2248: grad_norm=5.624508857727051, loss=2.8692150115966797, param_norm=1665.5462646484375
Step 2249: grad_norm=4.417413711547852, loss=2.769784450531006, param_norm=1665.5462646484375
Step 2250: grad_norm=8.00171184539795, loss=2.804440498352051, param_norm=1665.5462646484375
Step 2251: grad_norm=8.263450622558594, loss=2.6364223957061768, param_norm=1665.54638671875
Step 2252: grad_norm=4.560043811798096, loss=2.591233730316162, param_norm=1665.54638671875
Step 2253: grad_norm=4.6269049644470215, loss=2.9273641109466553, param_norm=1665.54638671875
Step 2254: grad_norm=6.011308193206787, loss=2.6843438148498535, param_norm=1665.5465087890625
Step 2255: grad_norm=4.800691604614258, loss=3.043287992477417, param_norm=1665.5465087890625
Step 2256: grad_norm=6.1812028884887695, loss=2.7838668823242188, param_norm=1665.5465087890625
Step 2257: grad_norm=6.204983711242676, loss=2.840968132019043, param_norm=1665.546630859375
Step 2258: grad_norm=7.3522162437438965, loss=2.9099066257476807, param_norm=1665.546630859375
Step 2259: grad_norm=5.095722198486328, loss=2.814084053039551, param_norm=1665.546630859375
Step 2260: grad_norm=5.041338920593262, loss=2.463181972503662, param_norm=1665.546630859375
Step 2261: grad_norm=4.989583969116211, loss=2.6068108081817627, param_norm=1665.546630859375
Step 2262: grad_norm=4.5387444496154785, loss=2.674562931060791, param_norm=1665.546630859375
Step 2263: grad_norm=4.537952423095703, loss=2.7004053592681885, param_norm=1665.546630859375
Step 2264: grad_norm=10.866865158081055, loss=2.7829723358154297, param_norm=1665.546630859375
Step 2265: grad_norm=5.723302841186523, loss=2.6914381980895996, param_norm=1665.546630859375
Step 2266: grad_norm=7.439082622528076, loss=2.9612369537353516, param_norm=1665.546630859375
Step 2267: grad_norm=4.69987154006958, loss=2.811389446258545, param_norm=1665.5467529296875
Step 2268: grad_norm=4.497364521026611, loss=2.865522623062134, param_norm=1665.5467529296875
Step 2269: grad_norm=4.3608598709106445, loss=2.8207123279571533, param_norm=1665.5467529296875
Step 2270: grad_norm=4.214857578277588, loss=2.7104339599609375, param_norm=1665.5467529296875
Step 2271: grad_norm=8.739364624023438, loss=2.6868109703063965, param_norm=1665.5467529296875
Step 2272: grad_norm=7.986199855804443, loss=2.5967860221862793, param_norm=1665.5467529296875
Step 2273: grad_norm=4.941554546356201, loss=2.6513328552246094, param_norm=1665.5467529296875
Step 2274: grad_norm=7.976654529571533, loss=2.538520336151123, param_norm=1665.546875
Step 2275: grad_norm=4.297945499420166, loss=2.7755537033081055, param_norm=1665.546875
Step 2276: grad_norm=4.45460319519043, loss=2.784135580062866, param_norm=1665.546875
Step 2277: grad_norm=4.755853176116943, loss=2.7489564418792725, param_norm=1665.546875
Step 2278: grad_norm=5.912167072296143, loss=2.6546664237976074, param_norm=1665.5469970703125
Step 2279: grad_norm=6.260141372680664, loss=2.7135186195373535, param_norm=1665.5469970703125
Step 2280: grad_norm=8.126529693603516, loss=2.5318994522094727, param_norm=1665.5469970703125
Step 2281: grad_norm=4.990821361541748, loss=2.7740683555603027, param_norm=1665.547119140625
Step 2282: grad_norm=4.6737141609191895, loss=2.5591933727264404, param_norm=1665.547119140625
Step 2283: grad_norm=5.191465377807617, loss=2.6988327503204346, param_norm=1665.5472412109375
Step 2284: grad_norm=6.217058181762695, loss=2.8152167797088623, param_norm=1665.5472412109375
Step 2285: grad_norm=12.8063383102417, loss=2.648502826690674, param_norm=1665.5472412109375
Step 2286: grad_norm=4.909619331359863, loss=2.7337803840637207, param_norm=1665.54736328125
Step 2287: grad_norm=5.618183135986328, loss=2.731766700744629, param_norm=1665.54736328125
Step 2288: grad_norm=12.20963191986084, loss=2.7944726943969727, param_norm=1665.54736328125
Step 2289: grad_norm=5.061380386352539, loss=2.711108446121216, param_norm=1665.54736328125
Step 2290: grad_norm=9.254171371459961, loss=2.7418391704559326, param_norm=1665.54736328125
Step 2291: grad_norm=5.691129684448242, loss=2.9643683433532715, param_norm=1665.54736328125
Step 2292: grad_norm=5.723909854888916, loss=2.5968539714813232, param_norm=1665.54736328125
Step 2293: grad_norm=7.798121452331543, loss=2.6841588020324707, param_norm=1665.5474853515625
Step 2294: grad_norm=6.871157169342041, loss=2.7146406173706055, param_norm=1665.5474853515625
Step 2295: grad_norm=6.139229774475098, loss=2.8017492294311523, param_norm=1665.5474853515625
Step 2296: grad_norm=4.73443603515625, loss=2.578737258911133, param_norm=1665.547607421875
Step 2297: grad_norm=8.351649284362793, loss=2.5869712829589844, param_norm=1665.547607421875
Step 2298: grad_norm=4.5302228927612305, loss=2.7181496620178223, param_norm=1665.547607421875
Step 2299: grad_norm=5.471273899078369, loss=2.641723155975342, param_norm=1665.547607421875
Step 2300: grad_norm=5.157082557678223, loss=2.672316551208496, param_norm=1665.5477294921875
Step 2301: grad_norm=6.121867656707764, loss=2.503969669342041, param_norm=1665.5477294921875
Step 2302: grad_norm=5.39585018157959, loss=2.848482131958008, param_norm=1665.5477294921875
Step 2303: grad_norm=6.511136531829834, loss=2.6236767768859863, param_norm=1665.5477294921875
Step 2304: grad_norm=4.546752452850342, loss=2.7819576263427734, param_norm=1665.5477294921875
Step 2305: grad_norm=6.400079727172852, loss=2.3920679092407227, param_norm=1665.5478515625
Step 2306: grad_norm=13.090518951416016, loss=2.8972301483154297, param_norm=1665.5479736328125
Step 2307: grad_norm=10.208661079406738, loss=2.7372512817382812, param_norm=1665.5479736328125
Step 2308: grad_norm=7.982916355133057, loss=2.687687397003174, param_norm=1665.5479736328125
Step 2309: grad_norm=7.161174297332764, loss=2.6525654792785645, param_norm=1665.5479736328125
Step 2310: grad_norm=5.975274085998535, loss=2.8035995960235596, param_norm=1665.5479736328125
Step 2311: grad_norm=6.348703861236572, loss=2.7070584297180176, param_norm=1665.548095703125
Step 2312: grad_norm=6.169233322143555, loss=2.7750084400177, param_norm=1665.548095703125
Step 2313: grad_norm=4.323801517486572, loss=2.604167938232422, param_norm=1665.548095703125
Step 2314: grad_norm=8.187382698059082, loss=2.908134937286377, param_norm=1665.548095703125
Step 2315: grad_norm=11.745295524597168, loss=2.8247439861297607, param_norm=1665.5482177734375
Step 2316: grad_norm=9.883915901184082, loss=2.654003620147705, param_norm=1665.5482177734375
Step 2317: grad_norm=11.661016464233398, loss=2.7169361114501953, param_norm=1665.5482177734375
Step 2318: grad_norm=10.390870094299316, loss=2.8361408710479736, param_norm=1665.5482177734375
Step 2319: grad_norm=6.913727760314941, loss=2.8316404819488525, param_norm=1665.54833984375
Step 2320: grad_norm=4.931726932525635, loss=2.880873441696167, param_norm=1665.54833984375
Step 2321: grad_norm=4.711741924285889, loss=2.6459054946899414, param_norm=1665.54833984375
Step 2322: grad_norm=5.082770824432373, loss=2.698535442352295, param_norm=1665.54833984375
Step 2323: grad_norm=4.621878147125244, loss=2.756338596343994, param_norm=1665.54833984375
Step 2324: grad_norm=4.797473907470703, loss=2.8408279418945312, param_norm=1665.5484619140625
Step 2325: grad_norm=6.447092533111572, loss=2.7268078327178955, param_norm=1665.548583984375
Step 2326: grad_norm=6.245689868927002, loss=2.6687119007110596, param_norm=1665.548583984375
Step 2327: grad_norm=7.691591262817383, loss=2.841982841491699, param_norm=1665.548583984375
Step 2328: grad_norm=8.128410339355469, loss=2.501770257949829, param_norm=1665.5487060546875
Step 2329: grad_norm=9.659158706665039, loss=2.7207694053649902, param_norm=1665.5487060546875
Step 2330: grad_norm=7.467336654663086, loss=2.7669262886047363, param_norm=1665.5487060546875
Step 2331: grad_norm=7.740309238433838, loss=2.6226966381073, param_norm=1665.5487060546875
Step 2332: grad_norm=10.945103645324707, loss=2.909733295440674, param_norm=1665.5487060546875
Step 2333: grad_norm=4.781210422515869, loss=2.6753742694854736, param_norm=1665.5487060546875
Step 2334: grad_norm=4.9673309326171875, loss=2.680408477783203, param_norm=1665.5487060546875
Step 2335: grad_norm=4.397017478942871, loss=2.5367860794067383, param_norm=1665.548828125
Step 2336: grad_norm=9.720322608947754, loss=2.724931478500366, param_norm=1665.548828125
Step 2337: grad_norm=6.428539276123047, loss=2.699453830718994, param_norm=1665.548828125
Step 2338: grad_norm=8.545985221862793, loss=2.7112162113189697, param_norm=1665.5489501953125
Step 2339: grad_norm=4.549256324768066, loss=2.6517081260681152, param_norm=1665.5489501953125
Step 2340: grad_norm=5.690850734710693, loss=2.5746846199035645, param_norm=1665.5489501953125
Step 2341: grad_norm=7.464851379394531, loss=2.7851572036743164, param_norm=1665.5489501953125
Step 2342: grad_norm=5.510047912597656, loss=2.7675108909606934, param_norm=1665.5489501953125
Step 2343: grad_norm=7.095307350158691, loss=2.83003568649292, param_norm=1665.5489501953125
Step 2344: grad_norm=4.545088291168213, loss=2.756946086883545, param_norm=1665.549072265625
Step 2345: grad_norm=7.51539421081543, loss=2.8499152660369873, param_norm=1665.549072265625
Step 2346: grad_norm=8.179780960083008, loss=2.694582939147949, param_norm=1665.549072265625
Step 2347: grad_norm=5.035142421722412, loss=2.7749698162078857, param_norm=1665.5491943359375
Step 2348: grad_norm=11.729649543762207, loss=2.621084451675415, param_norm=1665.5491943359375
Step 2349: grad_norm=4.445404052734375, loss=2.723182201385498, param_norm=1665.5491943359375
Step 2350: grad_norm=4.473623275756836, loss=2.9074606895446777, param_norm=1665.5491943359375
Step 2351: grad_norm=7.273327827453613, loss=2.6266260147094727, param_norm=1665.54931640625
Step 2352: grad_norm=6.078401565551758, loss=2.4890332221984863, param_norm=1665.54931640625
Step 2353: grad_norm=4.742360591888428, loss=2.60880184173584, param_norm=1665.54931640625
Step 2354: grad_norm=5.570519924163818, loss=3.0137808322906494, param_norm=1665.54931640625
Step 2355: grad_norm=12.681138038635254, loss=2.440031051635742, param_norm=1665.54931640625
Step 2356: grad_norm=4.790821552276611, loss=2.7344751358032227, param_norm=1665.5494384765625
Step 2357: grad_norm=4.673483371734619, loss=2.6579408645629883, param_norm=1665.5494384765625
Step 2358: grad_norm=6.742058277130127, loss=2.933626651763916, param_norm=1665.5494384765625
Step 2359: grad_norm=6.958286762237549, loss=2.6424288749694824, param_norm=1665.549560546875
Step 2360: grad_norm=7.913745880126953, loss=2.4234402179718018, param_norm=1665.549560546875
Step 2361: grad_norm=4.145357608795166, loss=3.0112342834472656, param_norm=1665.549560546875
Step 2362: grad_norm=12.118582725524902, loss=2.742156982421875, param_norm=1665.549560546875
Step 2363: grad_norm=5.430044651031494, loss=2.6750309467315674, param_norm=1665.549560546875
Step 2364: grad_norm=4.969127178192139, loss=2.8335978984832764, param_norm=1665.549560546875
Step 2365: grad_norm=4.500973224639893, loss=2.784743309020996, param_norm=1665.549560546875
Step 2366: grad_norm=5.148446083068848, loss=2.8210678100585938, param_norm=1665.5496826171875
Step 2367: grad_norm=4.771770477294922, loss=2.5849289894104004, param_norm=1665.5496826171875
Step 2368: grad_norm=5.431797981262207, loss=2.7165725231170654, param_norm=1665.5496826171875
Step 2369: grad_norm=7.410394191741943, loss=2.612637519836426, param_norm=1665.5496826171875
Step 2370: grad_norm=8.621001243591309, loss=2.797186851501465, param_norm=1665.5496826171875
Step 2371: grad_norm=6.297318935394287, loss=2.8043506145477295, param_norm=1665.5496826171875
Step 2372: grad_norm=8.052423477172852, loss=2.5540244579315186, param_norm=1665.5496826171875
Step 2373: grad_norm=4.327847003936768, loss=2.8708035945892334, param_norm=1665.5496826171875
Step 2374: grad_norm=5.0556488037109375, loss=2.7330727577209473, param_norm=1665.5498046875
Step 2375: grad_norm=5.380372524261475, loss=2.843596935272217, param_norm=1665.5499267578125
Step 2376: grad_norm=5.818854808807373, loss=2.643998146057129, param_norm=1665.5499267578125
Step 2377: grad_norm=7.040278434753418, loss=2.714970588684082, param_norm=1665.5499267578125
Step 2378: grad_norm=5.169827461242676, loss=2.5046048164367676, param_norm=1665.5499267578125
Step 2379: grad_norm=5.784638404846191, loss=2.6241326332092285, param_norm=1665.550048828125
Step 2380: grad_norm=4.655867099761963, loss=2.8587794303894043, param_norm=1665.550048828125
Step 2381: grad_norm=4.912765979766846, loss=2.660447597503662, param_norm=1665.550048828125
Step 2382: grad_norm=4.725742816925049, loss=2.48697566986084, param_norm=1665.550048828125
Step 2383: grad_norm=6.459015846252441, loss=2.439232349395752, param_norm=1665.550048828125
Step 2384: grad_norm=4.727884769439697, loss=2.534061908721924, param_norm=1665.5501708984375
Step 2385: grad_norm=6.487849712371826, loss=2.809054374694824, param_norm=1665.5501708984375
Step 2386: grad_norm=5.02335786819458, loss=2.5517845153808594, param_norm=1665.5501708984375
Step 2387: grad_norm=4.261250972747803, loss=2.6990737915039062, param_norm=1665.5501708984375
Step 2388: grad_norm=4.677440166473389, loss=2.9795737266540527, param_norm=1665.5501708984375
Step 2389: grad_norm=8.03245735168457, loss=2.4659714698791504, param_norm=1665.55029296875
Step 2390: grad_norm=5.104453086853027, loss=2.6867544651031494, param_norm=1665.55029296875
Step 2391: grad_norm=4.5042290687561035, loss=2.68253755569458, param_norm=1665.55029296875
Step 2392: grad_norm=9.815614700317383, loss=2.674882411956787, param_norm=1665.55029296875
Step 2393: grad_norm=4.196528911590576, loss=2.4972622394561768, param_norm=1665.55029296875
Step 2394: grad_norm=5.149270534515381, loss=2.7028391361236572, param_norm=1665.5504150390625
Step 2395: grad_norm=5.060865879058838, loss=2.4946341514587402, param_norm=1665.5504150390625
Step 2396: grad_norm=4.914538860321045, loss=2.781376361846924, param_norm=1665.550537109375
Step 2397: grad_norm=4.160378456115723, loss=2.660038471221924, param_norm=1665.550537109375
Step 2398: grad_norm=5.232489109039307, loss=2.710944652557373, param_norm=1665.550537109375
Step 2399: grad_norm=6.8622870445251465, loss=2.4882187843322754, param_norm=1665.550537109375
Step 2400: grad_norm=5.452969551086426, loss=2.686896800994873, param_norm=1665.550537109375
Step 2401: grad_norm=9.223612785339355, loss=2.666804790496826, param_norm=1665.550537109375
Step 2402: grad_norm=10.664958000183105, loss=2.9563984870910645, param_norm=1665.5506591796875
Step 2403: grad_norm=4.682218551635742, loss=2.7972605228424072, param_norm=1665.5506591796875
Step 2404: grad_norm=7.229642868041992, loss=2.6979312896728516, param_norm=1665.5506591796875
Step 2405: grad_norm=4.139050006866455, loss=2.502302885055542, param_norm=1665.5506591796875
Step 2406: grad_norm=4.838728904724121, loss=2.8239071369171143, param_norm=1665.5506591796875
Step 2407: grad_norm=5.387869834899902, loss=2.699244737625122, param_norm=1665.5506591796875
Step 2408: grad_norm=4.120026588439941, loss=2.842346429824829, param_norm=1665.5506591796875
Step 2409: grad_norm=5.450395107269287, loss=2.720731258392334, param_norm=1665.55078125
Step 2410: grad_norm=5.9186553955078125, loss=2.790416717529297, param_norm=1665.55078125
Step 2411: grad_norm=5.011534214019775, loss=2.638998508453369, param_norm=1665.55078125
Step 2412: grad_norm=5.384535789489746, loss=2.6259284019470215, param_norm=1665.55078125
Step 2413: grad_norm=4.850038528442383, loss=2.641953468322754, param_norm=1665.5509033203125
Step 2414: grad_norm=4.762086391448975, loss=2.832390785217285, param_norm=1665.5509033203125
Step 2415: grad_norm=5.132593154907227, loss=2.5483205318450928, param_norm=1665.55078125
Step 2416: grad_norm=4.628325939178467, loss=2.537971019744873, param_norm=1665.5509033203125
Step 2417: grad_norm=6.602002143859863, loss=2.6666388511657715, param_norm=1665.5509033203125
Step 2418: grad_norm=5.24061918258667, loss=2.674527645111084, param_norm=1665.5509033203125
Step 2419: grad_norm=5.400496006011963, loss=2.6554195880889893, param_norm=1665.5509033203125
Step 2420: grad_norm=5.587586402893066, loss=2.5856399536132812, param_norm=1665.5511474609375
Step 2421: grad_norm=4.285516262054443, loss=2.8635408878326416, param_norm=1665.5511474609375
Step 2422: grad_norm=4.899130821228027, loss=2.5935328006744385, param_norm=1665.5511474609375
Step 2423: grad_norm=4.565730094909668, loss=2.829777479171753, param_norm=1665.5511474609375
Step 2424: grad_norm=9.767791748046875, loss=2.710512638092041, param_norm=1665.5511474609375
Step 2425: grad_norm=5.1208720207214355, loss=2.756382465362549, param_norm=1665.5511474609375
Step 2426: grad_norm=4.411868095397949, loss=2.628878593444824, param_norm=1665.55126953125
Step 2427: grad_norm=5.556186199188232, loss=2.7121119499206543, param_norm=1665.55126953125
Step 2428: grad_norm=7.645661354064941, loss=2.6888985633850098, param_norm=1665.55126953125
Step 2429: grad_norm=5.734626770019531, loss=2.6763417720794678, param_norm=1665.55126953125
Step 2430: grad_norm=7.653346538543701, loss=2.6193230152130127, param_norm=1665.55126953125
Step 2431: grad_norm=5.023723602294922, loss=2.928056240081787, param_norm=1665.55126953125
Step 2432: grad_norm=10.772258758544922, loss=3.001077175140381, param_norm=1665.55126953125
Step 2433: grad_norm=4.891436576843262, loss=2.7591657638549805, param_norm=1665.55126953125
Step 2434: grad_norm=6.244173049926758, loss=2.545501708984375, param_norm=1665.5513916015625
Step 2435: grad_norm=7.0258870124816895, loss=2.8003149032592773, param_norm=1665.5513916015625
Step 2436: grad_norm=4.668939113616943, loss=2.634491205215454, param_norm=1665.5513916015625
Step 2437: grad_norm=4.3821702003479, loss=2.9498612880706787, param_norm=1665.5513916015625
Step 2438: grad_norm=5.108701705932617, loss=2.8035097122192383, param_norm=1665.5513916015625
Step 2439: grad_norm=7.038066387176514, loss=2.9590003490448, param_norm=1665.5513916015625
Step 2440: grad_norm=6.278972148895264, loss=3.014021873474121, param_norm=1665.5513916015625
Step 2441: grad_norm=5.618662357330322, loss=2.8582379817962646, param_norm=1665.5513916015625
Step 2442: grad_norm=4.575531482696533, loss=2.8269760608673096, param_norm=1665.5513916015625
Step 2443: grad_norm=5.148415565490723, loss=2.769042491912842, param_norm=1665.5513916015625
Step 2444: grad_norm=5.640542984008789, loss=2.8595638275146484, param_norm=1665.5513916015625
Step 2445: grad_norm=5.017463684082031, loss=2.742465019226074, param_norm=1665.5513916015625
Step 2446: grad_norm=6.000461578369141, loss=2.6496949195861816, param_norm=1665.551513671875
Step 2447: grad_norm=5.233647346496582, loss=2.542560338973999, param_norm=1665.551513671875
Step 2448: grad_norm=10.08709716796875, loss=3.041548728942871, param_norm=1665.551513671875
Step 2449: grad_norm=7.165731430053711, loss=2.7312307357788086, param_norm=1665.551513671875
Step 2450: grad_norm=9.391250610351562, loss=2.857686758041382, param_norm=1665.551513671875
Step 2451: grad_norm=5.624777793884277, loss=2.382171630859375, param_norm=1665.551513671875
Step 2452: grad_norm=5.660765171051025, loss=2.738262176513672, param_norm=1665.551513671875
Step 2453: grad_norm=5.106986045837402, loss=2.682335376739502, param_norm=1665.551513671875
Step 2454: grad_norm=6.043208122253418, loss=2.7241482734680176, param_norm=1665.551513671875
Step 2455: grad_norm=9.863419532775879, loss=2.513950824737549, param_norm=1665.551513671875
Step 2456: grad_norm=6.789118766784668, loss=2.693378448486328, param_norm=1665.551513671875
Step 2457: grad_norm=8.749406814575195, loss=2.6742780208587646, param_norm=1665.551513671875
Step 2458: grad_norm=4.498446941375732, loss=2.765491008758545, param_norm=1665.551513671875
Step 2459: grad_norm=13.650470733642578, loss=2.482632637023926, param_norm=1665.5516357421875
Step 2460: grad_norm=6.803012371063232, loss=2.76961088180542, param_norm=1665.5516357421875
Step 2461: grad_norm=5.335287570953369, loss=2.453787088394165, param_norm=1665.5516357421875
Step 2462: grad_norm=4.461203575134277, loss=2.536654472351074, param_norm=1665.5516357421875
Step 2463: grad_norm=5.286227226257324, loss=2.426260471343994, param_norm=1665.5517578125
Step 2464: grad_norm=4.294049263000488, loss=2.7859091758728027, param_norm=1665.5517578125
Step 2465: grad_norm=8.408380508422852, loss=3.053192138671875, param_norm=1665.5517578125
Step 2466: grad_norm=4.562211513519287, loss=2.7946534156799316, param_norm=1665.5517578125
Step 2467: grad_norm=4.323120594024658, loss=2.6599009037017822, param_norm=1665.5518798828125
Step 2468: grad_norm=5.817781448364258, loss=2.8111281394958496, param_norm=1665.5518798828125
Step 2469: grad_norm=9.687806129455566, loss=2.7614097595214844, param_norm=1665.5518798828125
Step 2470: grad_norm=9.298530578613281, loss=3.0802133083343506, param_norm=1665.5518798828125
Step 2471: grad_norm=4.382968902587891, loss=2.6743593215942383, param_norm=1665.5518798828125
Step 2472: grad_norm=4.3179144859313965, loss=2.78841233253479, param_norm=1665.552001953125
Step 2473: grad_norm=5.194129467010498, loss=2.547661542892456, param_norm=1665.552001953125
Step 2474: grad_norm=7.416801452636719, loss=2.853290557861328, param_norm=1665.552001953125
Step 2475: grad_norm=5.048920631408691, loss=2.8137245178222656, param_norm=1665.552001953125
Step 2476: grad_norm=4.047256946563721, loss=2.773817777633667, param_norm=1665.552001953125
Step 2477: grad_norm=4.152963638305664, loss=2.706775426864624, param_norm=1665.552001953125
Step 2478: grad_norm=9.56128978729248, loss=2.7933807373046875, param_norm=1665.5521240234375
Step 2479: grad_norm=4.741879463195801, loss=2.77740478515625, param_norm=1665.5521240234375
Step 2480: grad_norm=10.581192970275879, loss=2.7557764053344727, param_norm=1665.5521240234375
Step 2481: grad_norm=5.455350399017334, loss=3.0610175132751465, param_norm=1665.5521240234375
Step 2482: grad_norm=5.5375285148620605, loss=2.61014986038208, param_norm=1665.5521240234375
Step 2483: grad_norm=6.6844964027404785, loss=2.8461921215057373, param_norm=1665.5521240234375
Step 2484: grad_norm=9.630596160888672, loss=2.6890597343444824, param_norm=1665.5521240234375
Step 2485: grad_norm=5.373823642730713, loss=2.855590581893921, param_norm=1665.5521240234375
Step 2486: grad_norm=5.761048793792725, loss=2.5343964099884033, param_norm=1665.5521240234375
Step 2487: grad_norm=5.212502956390381, loss=2.940502643585205, param_norm=1665.5521240234375
Step 2488: grad_norm=5.977738380432129, loss=2.5847537517547607, param_norm=1665.55224609375
Step 2489: grad_norm=6.066375255584717, loss=2.879477024078369, param_norm=1665.55224609375
Step 2490: grad_norm=5.427097320556641, loss=2.760505199432373, param_norm=1665.55224609375
Step 2491: grad_norm=7.410643100738525, loss=2.789633274078369, param_norm=1665.55224609375
Step 2492: grad_norm=5.224828243255615, loss=3.0197911262512207, param_norm=1665.55224609375
Step 2493: grad_norm=5.830987453460693, loss=2.864588975906372, param_norm=1665.55224609375
Step 2494: grad_norm=8.490371704101562, loss=2.9269347190856934, param_norm=1665.55224609375
Step 2495: grad_norm=4.301309585571289, loss=2.664287567138672, param_norm=1665.55224609375
Step 2496: grad_norm=7.32636022567749, loss=2.950578451156616, param_norm=1665.552490234375
Step 2497: grad_norm=5.488454818725586, loss=2.787781238555908, param_norm=1665.552490234375
Step 2498: grad_norm=5.4880523681640625, loss=2.7461915016174316, param_norm=1665.552490234375
Step 2499: grad_norm=4.834362506866455, loss=2.9328012466430664, param_norm=1665.552490234375
Step 2500: grad_norm=4.485370635986328, loss=2.74529767036438, param_norm=1665.552490234375
Step 2501: grad_norm=4.586757659912109, loss=2.844399929046631, param_norm=1665.552490234375
Step 2502: grad_norm=4.574975490570068, loss=2.6532487869262695, param_norm=1665.552490234375
Step 2503: grad_norm=4.816110134124756, loss=2.7245969772338867, param_norm=1665.552490234375
Step 2504: grad_norm=4.715856075286865, loss=2.9677162170410156, param_norm=1665.5526123046875
Step 2505: grad_norm=4.55202054977417, loss=2.75923490524292, param_norm=1665.5526123046875
Step 2506: grad_norm=11.806806564331055, loss=2.7321853637695312, param_norm=1665.5526123046875
Step 2507: grad_norm=4.154756546020508, loss=2.788818836212158, param_norm=1665.5526123046875
Step 2508: grad_norm=7.573274612426758, loss=2.5641980171203613, param_norm=1665.5526123046875
Step 2509: grad_norm=9.151220321655273, loss=2.747453212738037, param_norm=1665.5526123046875
Step 2510: grad_norm=5.521301746368408, loss=2.654473304748535, param_norm=1665.5526123046875
Step 2511: grad_norm=8.637681007385254, loss=2.7647793292999268, param_norm=1665.5526123046875
Step 2512: grad_norm=5.12697696685791, loss=2.604560375213623, param_norm=1665.552734375
Step 2513: grad_norm=8.423537254333496, loss=2.726135730743408, param_norm=1665.552734375
Step 2514: grad_norm=7.127765655517578, loss=2.6380302906036377, param_norm=1665.552734375
Step 2515: grad_norm=8.5888032913208, loss=2.9112234115600586, param_norm=1665.552734375
Step 2516: grad_norm=7.636150360107422, loss=2.6235358715057373, param_norm=1665.5528564453125
Step 2517: grad_norm=10.973546981811523, loss=2.7006962299346924, param_norm=1665.5528564453125
Step 2518: grad_norm=5.3539252281188965, loss=2.907000780105591, param_norm=1665.552734375
Step 2519: grad_norm=4.531226634979248, loss=2.610935688018799, param_norm=1665.5528564453125
Step 2520: grad_norm=4.434359073638916, loss=2.8671839237213135, param_norm=1665.5528564453125
Step 2521: grad_norm=7.2097930908203125, loss=2.823275566101074, param_norm=1665.5528564453125
Step 2522: grad_norm=5.5378618240356445, loss=2.5775089263916016, param_norm=1665.5528564453125
Step 2523: grad_norm=7.868236064910889, loss=2.9431514739990234, param_norm=1665.5528564453125
Step 2524: grad_norm=4.864482402801514, loss=2.8151369094848633, param_norm=1665.552978515625
Step 2525: grad_norm=5.248296737670898, loss=2.917226791381836, param_norm=1665.552978515625
Step 2526: grad_norm=7.454128742218018, loss=2.4402713775634766, param_norm=1665.552978515625
Step 2527: grad_norm=10.186872482299805, loss=2.7977585792541504, param_norm=1665.552978515625
Step 2528: grad_norm=5.8331618309021, loss=2.6218557357788086, param_norm=1665.552978515625
Step 2529: grad_norm=4.632477283477783, loss=2.834282636642456, param_norm=1665.552978515625
Step 2530: grad_norm=4.362438201904297, loss=2.750206470489502, param_norm=1665.5531005859375
Step 2531: grad_norm=9.59188175201416, loss=2.5860986709594727, param_norm=1665.5531005859375
Step 2532: grad_norm=4.373532772064209, loss=2.8056952953338623, param_norm=1665.5531005859375
Step 2533: grad_norm=6.969737529754639, loss=2.8064537048339844, param_norm=1665.55322265625
Step 2534: grad_norm=4.108899116516113, loss=2.6433358192443848, param_norm=1665.55322265625
Step 2535: grad_norm=4.713246822357178, loss=2.705203056335449, param_norm=1665.55322265625
Step 2536: grad_norm=4.969206809997559, loss=2.816240072250366, param_norm=1665.55322265625
Step 2537: grad_norm=9.157485961914062, loss=2.722141742706299, param_norm=1665.55322265625
Step 2538: grad_norm=9.24298095703125, loss=2.8994483947753906, param_norm=1665.55322265625
Step 2539: grad_norm=7.85096549987793, loss=2.6332688331604004, param_norm=1665.55322265625
Step 2540: grad_norm=6.08149528503418, loss=3.0958425998687744, param_norm=1665.55322265625
Step 2541: grad_norm=4.721395492553711, loss=2.8319661617279053, param_norm=1665.55322265625
Step 2542: grad_norm=5.425359725952148, loss=2.916715621948242, param_norm=1665.55322265625
Step 2543: grad_norm=5.2222442626953125, loss=2.8018414974212646, param_norm=1665.5533447265625
Step 2544: grad_norm=5.614439964294434, loss=2.8164570331573486, param_norm=1665.5533447265625
Step 2545: grad_norm=6.1611328125, loss=2.775967597961426, param_norm=1665.5533447265625
Step 2546: grad_norm=4.386423110961914, loss=2.573195457458496, param_norm=1665.5533447265625
Step 2547: grad_norm=9.268353462219238, loss=2.9264473915100098, param_norm=1665.5533447265625
Step 2548: grad_norm=7.635349750518799, loss=2.5357296466827393, param_norm=1665.5533447265625
Step 2549: grad_norm=9.577608108520508, loss=2.566009521484375, param_norm=1665.5533447265625
Step 2550: grad_norm=6.088270664215088, loss=2.7992284297943115, param_norm=1665.5533447265625
Step 2551: grad_norm=4.511051654815674, loss=2.7657954692840576, param_norm=1665.553466796875
Step 2552: grad_norm=7.353911399841309, loss=2.7039413452148438, param_norm=1665.553466796875
Step 2553: grad_norm=6.837399482727051, loss=2.5180580615997314, param_norm=1665.553466796875
Step 2554: grad_norm=4.929620742797852, loss=2.72171950340271, param_norm=1665.553466796875
Step 2555: grad_norm=4.436692714691162, loss=2.5804381370544434, param_norm=1665.553466796875
Step 2556: grad_norm=6.273399829864502, loss=3.0008411407470703, param_norm=1665.553466796875
Step 2557: grad_norm=5.031548023223877, loss=2.8295626640319824, param_norm=1665.553466796875
Step 2558: grad_norm=5.251850605010986, loss=2.821101188659668, param_norm=1665.553466796875
Step 2559: grad_norm=4.692648410797119, loss=2.5973057746887207, param_norm=1665.553466796875
Step 2560: grad_norm=7.448437690734863, loss=2.798635721206665, param_norm=1665.553466796875
Step 2561: grad_norm=6.518651485443115, loss=2.937683582305908, param_norm=1665.5535888671875
Step 2562: grad_norm=4.3590521812438965, loss=2.626214027404785, param_norm=1665.5535888671875
Step 2563: grad_norm=6.754307746887207, loss=2.786403179168701, param_norm=1665.5535888671875
Step 2564: grad_norm=4.805264472961426, loss=2.546858072280884, param_norm=1665.5535888671875
Step 2565: grad_norm=4.707683086395264, loss=2.523616313934326, param_norm=1665.5535888671875
Step 2566: grad_norm=6.022533416748047, loss=2.3353774547576904, param_norm=1665.5535888671875
Step 2567: grad_norm=5.537444114685059, loss=2.6468825340270996, param_norm=1665.5535888671875
Step 2568: grad_norm=6.157686233520508, loss=2.9362759590148926, param_norm=1665.5535888671875
Step 2569: grad_norm=5.932849884033203, loss=2.8405392169952393, param_norm=1665.5535888671875
Step 2570: grad_norm=7.167442798614502, loss=2.8685193061828613, param_norm=1665.5537109375
Step 2571: grad_norm=4.35178279876709, loss=2.635283946990967, param_norm=1665.5535888671875
Step 2572: grad_norm=5.26809549331665, loss=2.7345330715179443, param_norm=1665.5537109375
Step 2573: grad_norm=5.419042587280273, loss=2.356717586517334, param_norm=1665.5538330078125
Step 2574: grad_norm=4.298181056976318, loss=2.8053042888641357, param_norm=1665.5538330078125
Step 2575: grad_norm=5.430966854095459, loss=2.6077799797058105, param_norm=1665.5538330078125
Step 2576: grad_norm=6.986621379852295, loss=2.7960479259490967, param_norm=1665.5538330078125
Step 2577: grad_norm=5.560597896575928, loss=2.7145273685455322, param_norm=1665.5538330078125
Step 2578: grad_norm=6.3170166015625, loss=2.748307704925537, param_norm=1665.5538330078125
Step 2579: grad_norm=4.721680164337158, loss=2.4967541694641113, param_norm=1665.5538330078125
Step 2580: grad_norm=4.519864559173584, loss=2.668879508972168, param_norm=1665.5538330078125
Step 2581: grad_norm=7.4183125495910645, loss=2.797070026397705, param_norm=1665.5538330078125
Step 2582: grad_norm=6.645341873168945, loss=2.8167617321014404, param_norm=1665.5538330078125
Step 2583: grad_norm=4.749173164367676, loss=2.6841535568237305, param_norm=1665.5538330078125
Step 2584: grad_norm=7.5970964431762695, loss=2.7003984451293945, param_norm=1665.553955078125
Step 2585: grad_norm=5.96647310256958, loss=2.815173387527466, param_norm=1665.553955078125
Step 2586: grad_norm=8.621274948120117, loss=2.8126351833343506, param_norm=1665.553955078125
Step 2587: grad_norm=4.569969654083252, loss=2.74143123626709, param_norm=1665.553955078125
Step 2588: grad_norm=5.063962459564209, loss=2.909238815307617, param_norm=1665.553955078125
Step 2589: grad_norm=4.7353644371032715, loss=2.9588561058044434, param_norm=1665.5540771484375
Step 2590: grad_norm=4.439203262329102, loss=2.7836263179779053, param_norm=1665.5540771484375
Step 2591: grad_norm=6.211987495422363, loss=2.878173828125, param_norm=1665.5540771484375
Step 2592: grad_norm=5.165377140045166, loss=2.9188170433044434, param_norm=1665.5540771484375
Step 2593: grad_norm=5.037042140960693, loss=2.6726913452148438, param_norm=1665.5540771484375
Step 2594: grad_norm=4.890185356140137, loss=2.572338581085205, param_norm=1665.5540771484375
Step 2595: grad_norm=4.3760666847229, loss=2.780897378921509, param_norm=1665.5540771484375
Step 2596: grad_norm=4.978362560272217, loss=2.7041244506835938, param_norm=1665.55419921875
Step 2597: grad_norm=5.769418716430664, loss=2.9260292053222656, param_norm=1665.55419921875
Step 2598: grad_norm=10.374982833862305, loss=2.926204204559326, param_norm=1665.55419921875
Step 2599: grad_norm=5.400552272796631, loss=2.672966480255127, param_norm=1665.55419921875
Step 2600: grad_norm=4.990224361419678, loss=2.753499746322632, param_norm=1665.55419921875
Step 2601: grad_norm=6.0291008949279785, loss=2.6970624923706055, param_norm=1665.55419921875
Step 2602: grad_norm=6.448163986206055, loss=2.669163227081299, param_norm=1665.55419921875
Step 2603: grad_norm=5.304312705993652, loss=2.7748990058898926, param_norm=1665.55419921875
Step 2604: grad_norm=4.712852954864502, loss=2.4397311210632324, param_norm=1665.5543212890625
Step 2605: grad_norm=4.561134338378906, loss=2.7453458309173584, param_norm=1665.554443359375
Step 2606: grad_norm=5.935944557189941, loss=2.9864249229431152, param_norm=1665.5543212890625
Step 2607: grad_norm=5.228760242462158, loss=2.55966854095459, param_norm=1665.5543212890625
Step 2608: grad_norm=4.198671817779541, loss=2.823474407196045, param_norm=1665.554443359375
Step 2609: grad_norm=9.204233169555664, loss=2.5399045944213867, param_norm=1665.554443359375
Step 2610: grad_norm=6.104316711425781, loss=2.8228859901428223, param_norm=1665.554443359375
Step 2611: grad_norm=7.31781005859375, loss=2.7854628562927246, param_norm=1665.554443359375
Step 2612: grad_norm=4.128795623779297, loss=2.7454004287719727, param_norm=1665.554443359375
Step 2613: grad_norm=6.062427997589111, loss=2.670813798904419, param_norm=1665.554443359375
Step 2614: grad_norm=8.66802978515625, loss=2.903430938720703, param_norm=1665.554443359375
Step 2615: grad_norm=9.718436241149902, loss=2.895390272140503, param_norm=1665.554443359375
Step 2616: grad_norm=4.5603742599487305, loss=2.8614614009857178, param_norm=1665.554443359375
Step 2617: grad_norm=4.760978698730469, loss=2.8229219913482666, param_norm=1665.554443359375
Step 2618: grad_norm=6.205539226531982, loss=3.0106163024902344, param_norm=1665.554443359375
Step 2619: grad_norm=8.410551071166992, loss=2.682020664215088, param_norm=1665.554443359375
Step 2620: grad_norm=5.434943199157715, loss=2.6955618858337402, param_norm=1665.554443359375
Step 2621: grad_norm=5.773716926574707, loss=2.807088851928711, param_norm=1665.554443359375
Step 2622: grad_norm=5.331009387969971, loss=2.467435836791992, param_norm=1665.554443359375
Step 2623: grad_norm=5.334926128387451, loss=2.806391716003418, param_norm=1665.554443359375
Step 2624: grad_norm=6.545157432556152, loss=2.713568687438965, param_norm=1665.554443359375
Step 2625: grad_norm=5.384689807891846, loss=2.432225465774536, param_norm=1665.554443359375
Step 2626: grad_norm=7.752832412719727, loss=2.76501727104187, param_norm=1665.554443359375
Step 2627: grad_norm=8.784360885620117, loss=2.8744704723358154, param_norm=1665.554443359375
Step 2628: grad_norm=5.760776042938232, loss=2.778352975845337, param_norm=1665.554443359375
Step 2629: grad_norm=7.134418964385986, loss=2.8601810932159424, param_norm=1665.554443359375
Step 2630: grad_norm=12.99089241027832, loss=2.7332119941711426, param_norm=1665.554443359375
Step 2631: grad_norm=11.698136329650879, loss=2.9083032608032227, param_norm=1665.554443359375
Step 2632: grad_norm=4.442107677459717, loss=2.8831024169921875, param_norm=1665.554443359375
Step 2633: grad_norm=8.9074068069458, loss=2.464583158493042, param_norm=1665.554443359375
Step 2634: grad_norm=5.813512325286865, loss=2.6776962280273438, param_norm=1665.5545654296875
Step 2635: grad_norm=4.1656341552734375, loss=2.6100234985351562, param_norm=1665.5545654296875
Step 2636: grad_norm=4.579622268676758, loss=2.5936882495880127, param_norm=1665.5545654296875
Step 2637: grad_norm=7.512706756591797, loss=2.6062076091766357, param_norm=1665.5545654296875
Step 2638: grad_norm=6.276569366455078, loss=2.5483603477478027, param_norm=1665.5545654296875
Step 2639: grad_norm=5.444267272949219, loss=2.9003524780273438, param_norm=1665.5545654296875
Step 2640: grad_norm=4.440602779388428, loss=2.6889708042144775, param_norm=1665.5545654296875
Step 2641: grad_norm=5.107324600219727, loss=2.7996997833251953, param_norm=1665.5545654296875
Step 2642: grad_norm=4.9925994873046875, loss=2.85003662109375, param_norm=1665.5545654296875
Step 2643: grad_norm=8.11208724975586, loss=2.5945253372192383, param_norm=1665.5545654296875
Step 2644: grad_norm=12.805525779724121, loss=2.7171177864074707, param_norm=1665.5545654296875
Step 2645: grad_norm=6.494051933288574, loss=2.7151238918304443, param_norm=1665.5545654296875
Step 2646: grad_norm=4.325520992279053, loss=2.459786891937256, param_norm=1665.5545654296875
Step 2647: grad_norm=4.328305244445801, loss=2.5428242683410645, param_norm=1665.5545654296875
Step 2648: grad_norm=4.989419460296631, loss=2.5259947776794434, param_norm=1665.5545654296875
Step 2649: grad_norm=5.212652683258057, loss=2.7446141242980957, param_norm=1665.5546875
Step 2650: grad_norm=4.241870880126953, loss=2.4919421672821045, param_norm=1665.5546875
Step 2651: grad_norm=11.794978141784668, loss=2.7692859172821045, param_norm=1665.5546875
Step 2652: grad_norm=5.865298271179199, loss=2.517199993133545, param_norm=1665.5546875
Step 2653: grad_norm=4.9503254890441895, loss=2.6109778881073, param_norm=1665.5546875
Step 2654: grad_norm=14.286168098449707, loss=2.619316577911377, param_norm=1665.5546875
Step 2655: grad_norm=8.250907897949219, loss=2.8209445476531982, param_norm=1665.5548095703125
Step 2656: grad_norm=7.248251438140869, loss=2.803144931793213, param_norm=1665.5548095703125
Step 2657: grad_norm=4.931131839752197, loss=2.449927568435669, param_norm=1665.5548095703125
Step 2658: grad_norm=4.617538928985596, loss=2.7544994354248047, param_norm=1665.5548095703125
Step 2659: grad_norm=5.656938552856445, loss=2.9644622802734375, param_norm=1665.5548095703125
Step 2660: grad_norm=6.409653663635254, loss=2.6912682056427, param_norm=1665.5548095703125
Step 2661: grad_norm=6.301922798156738, loss=2.8797664642333984, param_norm=1665.5548095703125
Step 2662: grad_norm=6.528446674346924, loss=2.634793996810913, param_norm=1665.5548095703125
Step 2663: grad_norm=7.552505970001221, loss=2.6655073165893555, param_norm=1665.5548095703125
Step 2664: grad_norm=7.73822546005249, loss=2.645014524459839, param_norm=1665.5548095703125
Step 2665: grad_norm=5.838951110839844, loss=2.6144862174987793, param_norm=1665.5548095703125
Step 2666: grad_norm=4.838342189788818, loss=2.6728954315185547, param_norm=1665.5548095703125
Step 2667: grad_norm=4.906013488769531, loss=2.5898308753967285, param_norm=1665.554931640625
Step 2668: grad_norm=8.30683708190918, loss=2.985245704650879, param_norm=1665.554931640625
Step 2669: grad_norm=4.993586540222168, loss=2.8056039810180664, param_norm=1665.554931640625
Step 2670: grad_norm=5.570516586303711, loss=2.5383543968200684, param_norm=1665.554931640625
Step 2671: grad_norm=4.843802452087402, loss=2.7228622436523438, param_norm=1665.554931640625
Step 2672: grad_norm=6.708675861358643, loss=2.6451807022094727, param_norm=1665.554931640625
Step 2673: grad_norm=4.549289226531982, loss=2.6144022941589355, param_norm=1665.554931640625
Step 2674: grad_norm=7.14566707611084, loss=2.4252688884735107, param_norm=1665.554931640625
Step 2675: grad_norm=5.208096027374268, loss=2.838717460632324, param_norm=1665.554931640625
Step 2676: grad_norm=5.671717643737793, loss=2.5003275871276855, param_norm=1665.554931640625
Step 2677: grad_norm=7.763833045959473, loss=2.7578341960906982, param_norm=1665.5550537109375
Step 2678: grad_norm=4.560423851013184, loss=2.5402839183807373, param_norm=1665.5550537109375
Step 2679: grad_norm=5.738832950592041, loss=2.654710292816162, param_norm=1665.5550537109375
Step 2680: grad_norm=4.24241304397583, loss=2.6152806282043457, param_norm=1665.5550537109375
Step 2681: grad_norm=4.772642135620117, loss=2.687661647796631, param_norm=1665.55517578125
Step 2682: grad_norm=10.799877166748047, loss=2.6313564777374268, param_norm=1665.55517578125
Step 2683: grad_norm=6.822866916656494, loss=2.64805006980896, param_norm=1665.55517578125
Step 2684: grad_norm=4.719813346862793, loss=2.707453489303589, param_norm=1665.55517578125
Step 2685: grad_norm=8.174827575683594, loss=2.747710704803467, param_norm=1665.55517578125
Step 2686: grad_norm=4.613483905792236, loss=2.586606979370117, param_norm=1665.55517578125
Step 2687: grad_norm=5.911571979522705, loss=2.4485785961151123, param_norm=1665.55517578125
Step 2688: grad_norm=7.852073669433594, loss=2.754220724105835, param_norm=1665.55517578125
Step 2689: grad_norm=9.168610572814941, loss=2.6085987091064453, param_norm=1665.55517578125
Step 2690: grad_norm=9.763365745544434, loss=2.672131061553955, param_norm=1665.55517578125
Step 2691: grad_norm=4.605207920074463, loss=2.4127209186553955, param_norm=1665.55517578125
Step 2692: grad_norm=8.196784019470215, loss=2.7854185104370117, param_norm=1665.5552978515625
Step 2693: grad_norm=7.081697463989258, loss=3.0546092987060547, param_norm=1665.5552978515625
Step 2694: grad_norm=6.39412260055542, loss=2.5794382095336914, param_norm=1665.5552978515625
Step 2695: grad_norm=5.999062538146973, loss=2.6787471771240234, param_norm=1665.5552978515625
Step 2696: grad_norm=7.665416717529297, loss=2.9080722332000732, param_norm=1665.5552978515625
Step 2697: grad_norm=4.568843841552734, loss=2.5655674934387207, param_norm=1665.5552978515625
Step 2698: grad_norm=4.282466411590576, loss=2.9117724895477295, param_norm=1665.5552978515625
Step 2699: grad_norm=4.096550464630127, loss=2.6286699771881104, param_norm=1665.5552978515625
Step 2700: grad_norm=7.89832878112793, loss=2.6453537940979004, param_norm=1665.5552978515625
Step 2701: grad_norm=5.089693069458008, loss=2.8728690147399902, param_norm=1665.5552978515625
Step 2702: grad_norm=5.248447418212891, loss=2.558943748474121, param_norm=1665.555419921875
Step 2703: grad_norm=7.924545764923096, loss=2.8180909156799316, param_norm=1665.555419921875
Step 2704: grad_norm=4.4276556968688965, loss=2.7548649311065674, param_norm=1665.555419921875
Step 2705: grad_norm=4.801549434661865, loss=2.4990830421447754, param_norm=1665.555419921875
Step 2706: grad_norm=5.241448879241943, loss=2.9844229221343994, param_norm=1665.555419921875
Step 2707: grad_norm=6.027124404907227, loss=2.5634841918945312, param_norm=1665.555419921875
Step 2708: grad_norm=8.712766647338867, loss=2.6604719161987305, param_norm=1665.555419921875
Step 2709: grad_norm=7.888409614562988, loss=2.8328003883361816, param_norm=1665.555419921875
Step 2710: grad_norm=5.5203351974487305, loss=2.8669426441192627, param_norm=1665.555419921875
Step 2711: grad_norm=4.337567329406738, loss=2.8274834156036377, param_norm=1665.555419921875
Step 2712: grad_norm=6.272328853607178, loss=2.727285623550415, param_norm=1665.555419921875
Step 2713: grad_norm=6.652643203735352, loss=2.704450845718384, param_norm=1665.555419921875
Step 2714: grad_norm=8.384293556213379, loss=2.7169737815856934, param_norm=1665.5555419921875
Step 2715: grad_norm=4.4407267570495605, loss=2.6782097816467285, param_norm=1665.555419921875
Step 2716: grad_norm=5.5325751304626465, loss=2.544841766357422, param_norm=1665.5555419921875
Step 2717: grad_norm=5.912458896636963, loss=2.924388885498047, param_norm=1665.5555419921875
Step 2718: grad_norm=5.278850078582764, loss=2.8678464889526367, param_norm=1665.555419921875
Step 2719: grad_norm=9.079604148864746, loss=2.8477683067321777, param_norm=1665.5555419921875
Step 2720: grad_norm=4.20420503616333, loss=2.7401764392852783, param_norm=1665.5555419921875
Step 2721: grad_norm=7.193838596343994, loss=2.6826908588409424, param_norm=1665.5555419921875
Step 2722: grad_norm=5.669564247131348, loss=2.5101327896118164, param_norm=1665.5555419921875
Step 2723: grad_norm=4.5667901039123535, loss=2.758162498474121, param_norm=1665.5555419921875
Step 2724: grad_norm=9.550836563110352, loss=2.507664680480957, param_norm=1665.5555419921875
Step 2725: grad_norm=6.125199794769287, loss=2.627476930618286, param_norm=1665.5556640625
Step 2726: grad_norm=7.180664539337158, loss=2.680032730102539, param_norm=1665.5556640625
Step 2727: grad_norm=4.393142223358154, loss=2.788639545440674, param_norm=1665.5556640625
Step 2728: grad_norm=4.2602338790893555, loss=2.469526767730713, param_norm=1665.5556640625
Step 2729: grad_norm=5.022075176239014, loss=2.5397520065307617, param_norm=1665.5557861328125
Step 2730: grad_norm=5.154083251953125, loss=2.802492141723633, param_norm=1665.5557861328125
Step 2731: grad_norm=4.572890281677246, loss=2.569335460662842, param_norm=1665.5557861328125
Step 2732: grad_norm=13.521718978881836, loss=2.772817611694336, param_norm=1665.5557861328125
Step 2733: grad_norm=9.229037284851074, loss=2.882628917694092, param_norm=1665.5557861328125
Step 2734: grad_norm=5.316483020782471, loss=2.62469482421875, param_norm=1665.5557861328125
Step 2735: grad_norm=6.666585922241211, loss=2.6742517948150635, param_norm=1665.5557861328125
Step 2736: grad_norm=6.043546676635742, loss=2.753486156463623, param_norm=1665.5557861328125
Step 2737: grad_norm=5.700138568878174, loss=2.68682861328125, param_norm=1665.5557861328125
Step 2738: grad_norm=4.899726390838623, loss=2.79801082611084, param_norm=1665.555908203125
Step 2739: grad_norm=11.41523265838623, loss=2.86149263381958, param_norm=1665.555908203125
Step 2740: grad_norm=5.483161926269531, loss=2.8901681900024414, param_norm=1665.5557861328125
Step 2741: grad_norm=5.340426921844482, loss=2.7255921363830566, param_norm=1665.5557861328125
Step 2742: grad_norm=6.055784702301025, loss=2.83663010597229, param_norm=1665.555908203125
Step 2743: grad_norm=5.1733903884887695, loss=2.714700698852539, param_norm=1665.555908203125
Step 2744: grad_norm=5.115490436553955, loss=2.7570271492004395, param_norm=1665.555908203125
Step 2745: grad_norm=5.629332542419434, loss=2.630760669708252, param_norm=1665.555908203125
Step 2746: grad_norm=6.210024833679199, loss=2.813314437866211, param_norm=1665.555908203125
Step 2747: grad_norm=6.840648651123047, loss=2.5868916511535645, param_norm=1665.555908203125
Step 2748: grad_norm=6.662204265594482, loss=2.7096610069274902, param_norm=1665.555908203125
Step 2749: grad_norm=5.702566146850586, loss=2.711573600769043, param_norm=1665.555908203125
Step 2750: grad_norm=5.897650718688965, loss=2.78802490234375, param_norm=1665.555908203125
Step 2751: grad_norm=4.315894603729248, loss=2.511394500732422, param_norm=1665.555908203125
Step 2752: grad_norm=4.424051284790039, loss=2.798727512359619, param_norm=1665.555908203125
Step 2753: grad_norm=9.63782787322998, loss=2.5667338371276855, param_norm=1665.555908203125
Step 2754: grad_norm=13.322591781616211, loss=2.6862378120422363, param_norm=1665.555908203125
Step 2755: grad_norm=11.843599319458008, loss=2.4857914447784424, param_norm=1665.555908203125
Step 2756: grad_norm=4.999575614929199, loss=2.6004891395568848, param_norm=1665.555908203125
Step 2757: grad_norm=7.583223342895508, loss=2.5956382751464844, param_norm=1665.555908203125
Step 2758: grad_norm=4.497095584869385, loss=2.793889045715332, param_norm=1665.555908203125
Step 2759: grad_norm=5.02744197845459, loss=2.7381982803344727, param_norm=1665.555908203125
Step 2760: grad_norm=11.55363655090332, loss=2.6435422897338867, param_norm=1665.555908203125
Step 2761: grad_norm=5.210092067718506, loss=2.8337764739990234, param_norm=1665.555908203125
Step 2762: grad_norm=7.525282382965088, loss=2.650651454925537, param_norm=1665.555908203125
Step 2763: grad_norm=4.799432754516602, loss=2.822263717651367, param_norm=1665.555908203125
Step 2764: grad_norm=4.836414813995361, loss=2.6212782859802246, param_norm=1665.555908203125
Step 2765: grad_norm=7.095055103302002, loss=2.7967233657836914, param_norm=1665.555908203125
Step 2766: grad_norm=8.973957061767578, loss=2.6777234077453613, param_norm=1665.555908203125
Step 2767: grad_norm=4.6046624183654785, loss=2.6236352920532227, param_norm=1665.555908203125
Step 2768: grad_norm=5.12063455581665, loss=2.641970157623291, param_norm=1665.555908203125
Step 2769: grad_norm=4.058888912200928, loss=2.6662020683288574, param_norm=1665.555908203125
Step 2770: grad_norm=6.183070182800293, loss=2.826150417327881, param_norm=1665.555908203125
Step 2771: grad_norm=13.249359130859375, loss=2.714655876159668, param_norm=1665.555908203125
Step 2772: grad_norm=4.761960983276367, loss=2.6014037132263184, param_norm=1665.5560302734375
Step 2773: grad_norm=7.787705421447754, loss=2.794111967086792, param_norm=1665.5560302734375
Step 2774: grad_norm=4.366860389709473, loss=2.558516025543213, param_norm=1665.5560302734375
Step 2775: grad_norm=4.428837299346924, loss=2.5118749141693115, param_norm=1665.5560302734375
Step 2776: grad_norm=5.864116668701172, loss=2.7114813327789307, param_norm=1665.5560302734375
Step 2777: grad_norm=6.254380702972412, loss=2.5833141803741455, param_norm=1665.5560302734375
Step 2778: grad_norm=5.573719024658203, loss=2.8514223098754883, param_norm=1665.5560302734375
Step 2779: grad_norm=5.976994037628174, loss=2.734522819519043, param_norm=1665.5560302734375
Step 2780: grad_norm=6.7261962890625, loss=2.562014102935791, param_norm=1665.5560302734375
Step 2781: grad_norm=9.874357223510742, loss=2.6982674598693848, param_norm=1665.5560302734375
Step 2782: grad_norm=4.800051212310791, loss=2.836148977279663, param_norm=1665.5560302734375
Step 2783: grad_norm=8.094869613647461, loss=2.443635940551758, param_norm=1665.55615234375
Step 2784: grad_norm=6.331817150115967, loss=2.686488151550293, param_norm=1665.55615234375
Step 2785: grad_norm=4.3264546394348145, loss=2.6661927700042725, param_norm=1665.55615234375
Step 2786: grad_norm=5.06083869934082, loss=2.672043561935425, param_norm=1665.55615234375
Step 2787: grad_norm=5.498452663421631, loss=2.666339159011841, param_norm=1665.55615234375
Step 2788: grad_norm=5.641472816467285, loss=2.8263638019561768, param_norm=1665.55615234375
Step 2789: grad_norm=8.393845558166504, loss=2.692777156829834, param_norm=1665.55615234375
Step 2790: grad_norm=11.117757797241211, loss=2.910545825958252, param_norm=1665.55615234375
Step 2791: grad_norm=6.797560691833496, loss=2.781599521636963, param_norm=1665.55615234375
Step 2792: grad_norm=6.448975563049316, loss=2.562868595123291, param_norm=1665.55615234375
Step 2793: grad_norm=6.344684600830078, loss=2.8693041801452637, param_norm=1665.55615234375
Step 2794: grad_norm=4.712278842926025, loss=2.8882269859313965, param_norm=1665.55615234375
Step 2795: grad_norm=5.334965229034424, loss=2.7937326431274414, param_norm=1665.55615234375
Step 2796: grad_norm=4.863804817199707, loss=2.728668451309204, param_norm=1665.55615234375
Step 2797: grad_norm=11.689153671264648, loss=2.6659131050109863, param_norm=1665.55615234375
Step 2798: grad_norm=4.355602264404297, loss=2.6687636375427246, param_norm=1665.55615234375
Step 2799: grad_norm=5.266262531280518, loss=2.4728341102600098, param_norm=1665.55615234375
Step 2800: grad_norm=5.3692755699157715, loss=2.4714245796203613, param_norm=1665.55615234375
Step 2801: grad_norm=8.875569343566895, loss=2.8000195026397705, param_norm=1665.5562744140625
Step 2802: grad_norm=6.882189750671387, loss=2.637289524078369, param_norm=1665.556396484375
Step 2803: grad_norm=5.80904483795166, loss=2.6702239513397217, param_norm=1665.556396484375
Step 2804: grad_norm=7.483700275421143, loss=2.6509625911712646, param_norm=1665.556396484375
Step 2805: grad_norm=4.219198703765869, loss=2.5645008087158203, param_norm=1665.556396484375
Step 2806: grad_norm=4.825506210327148, loss=2.5891976356506348, param_norm=1665.556396484375
Step 2807: grad_norm=4.203110218048096, loss=2.502206802368164, param_norm=1665.556396484375
Step 2808: grad_norm=4.877397060394287, loss=2.633021831512451, param_norm=1665.556396484375
Step 2809: grad_norm=5.362483024597168, loss=2.755174160003662, param_norm=1665.556396484375
Step 2810: grad_norm=5.114654541015625, loss=2.6282200813293457, param_norm=1665.556396484375
Step 2811: grad_norm=6.387335777282715, loss=2.6703543663024902, param_norm=1665.556396484375
Step 2812: grad_norm=7.859002113342285, loss=2.759735107421875, param_norm=1665.556396484375
Step 2813: grad_norm=4.453431129455566, loss=2.827648639678955, param_norm=1665.556396484375
Step 2814: grad_norm=4.581678867340088, loss=2.7255611419677734, param_norm=1665.556396484375
Step 2815: grad_norm=6.928255558013916, loss=2.457752227783203, param_norm=1665.556396484375
Step 2816: grad_norm=6.22061014175415, loss=2.5459678173065186, param_norm=1665.556396484375
Step 2817: grad_norm=6.388024806976318, loss=2.7160544395446777, param_norm=1665.556396484375
Step 2818: grad_norm=9.280680656433105, loss=2.518061637878418, param_norm=1665.556396484375
Step 2819: grad_norm=9.11992073059082, loss=2.5681114196777344, param_norm=1665.556396484375
Step 2820: grad_norm=4.735855579376221, loss=2.781641721725464, param_norm=1665.556396484375
Step 2821: grad_norm=9.77631664276123, loss=2.603156566619873, param_norm=1665.556396484375
Step 2822: grad_norm=5.030281066894531, loss=2.750502347946167, param_norm=1665.556396484375
Step 2823: grad_norm=4.2996039390563965, loss=2.4497761726379395, param_norm=1665.556396484375
Step 2824: grad_norm=4.469056129455566, loss=2.7355966567993164, param_norm=1665.556396484375
Step 2825: grad_norm=5.976288795471191, loss=2.7637336254119873, param_norm=1665.556396484375
Step 2826: grad_norm=5.968393325805664, loss=2.4336795806884766, param_norm=1665.556396484375
Step 2827: grad_norm=4.471716403961182, loss=2.7233035564422607, param_norm=1665.5565185546875
Step 2828: grad_norm=7.2823028564453125, loss=2.622967004776001, param_norm=1665.5565185546875
Step 2829: grad_norm=6.4131340980529785, loss=2.6776139736175537, param_norm=1665.5565185546875
Step 2830: grad_norm=7.752798080444336, loss=2.4936001300811768, param_norm=1665.5565185546875
Step 2831: grad_norm=4.478151321411133, loss=2.785139322280884, param_norm=1665.5565185546875
Step 2832: grad_norm=5.655669689178467, loss=2.7345542907714844, param_norm=1665.5565185546875
Step 2833: grad_norm=4.639612197875977, loss=2.59059476852417, param_norm=1665.5565185546875
Step 2834: grad_norm=5.65231990814209, loss=2.686767578125, param_norm=1665.5565185546875
Step 2835: grad_norm=4.996738910675049, loss=2.6350955963134766, param_norm=1665.5565185546875
Step 2836: grad_norm=8.380291938781738, loss=2.7283577919006348, param_norm=1665.5565185546875
Step 2837: grad_norm=5.865167617797852, loss=2.8479366302490234, param_norm=1665.5565185546875
Step 2838: grad_norm=4.955566883087158, loss=2.699097156524658, param_norm=1665.5565185546875
Step 2839: grad_norm=6.502570629119873, loss=2.7844748497009277, param_norm=1665.556640625
Step 2840: grad_norm=7.7826361656188965, loss=2.682192325592041, param_norm=1665.556640625
Step 2841: grad_norm=4.760991096496582, loss=2.698889970779419, param_norm=1665.556640625
Step 2842: grad_norm=6.580763816833496, loss=2.6700329780578613, param_norm=1665.556640625
Step 2843: grad_norm=7.588559150695801, loss=2.4436426162719727, param_norm=1665.556640625
Step 2844: grad_norm=11.080099105834961, loss=2.6441683769226074, param_norm=1665.556640625
Step 2845: grad_norm=5.739459037780762, loss=2.7129006385803223, param_norm=1665.556640625
Step 2846: grad_norm=4.949978351593018, loss=2.739450693130493, param_norm=1665.556640625
Step 2847: grad_norm=4.997294902801514, loss=2.7688519954681396, param_norm=1665.5567626953125
Step 2848: grad_norm=6.820965766906738, loss=2.63002610206604, param_norm=1665.5567626953125
Step 2849: grad_norm=4.779023170471191, loss=2.748863697052002, param_norm=1665.5567626953125
Step 2850: grad_norm=5.214645862579346, loss=2.6476845741271973, param_norm=1665.5567626953125
Step 2851: grad_norm=4.3241071701049805, loss=2.5976569652557373, param_norm=1665.5567626953125
Step 2852: grad_norm=4.81406831741333, loss=2.5571494102478027, param_norm=1665.5567626953125
Step 2853: grad_norm=6.78273344039917, loss=2.596547842025757, param_norm=1665.5567626953125
Step 2854: grad_norm=6.490849018096924, loss=2.7168524265289307, param_norm=1665.5567626953125
Step 2855: grad_norm=5.337327480316162, loss=2.5228841304779053, param_norm=1665.5567626953125
Step 2856: grad_norm=4.773313999176025, loss=2.754328727722168, param_norm=1665.5567626953125
Step 2857: grad_norm=9.651240348815918, loss=2.7468643188476562, param_norm=1665.5567626953125
Step 2858: grad_norm=4.440213203430176, loss=2.406639575958252, param_norm=1665.5567626953125
Step 2859: grad_norm=4.9292497634887695, loss=2.612600803375244, param_norm=1665.556884765625
Step 2860: grad_norm=4.646823883056641, loss=2.507075786590576, param_norm=1665.556884765625
Step 2861: grad_norm=4.90002965927124, loss=2.968470573425293, param_norm=1665.556884765625
Step 2862: grad_norm=5.900668144226074, loss=2.8596019744873047, param_norm=1665.556884765625
Step 2863: grad_norm=5.548252582550049, loss=2.6879475116729736, param_norm=1665.556884765625
Step 2864: grad_norm=11.381529808044434, loss=2.495793342590332, param_norm=1665.556884765625
Step 2865: grad_norm=7.744098663330078, loss=2.6120734214782715, param_norm=1665.556884765625
Step 2866: grad_norm=10.82531452178955, loss=2.7114291191101074, param_norm=1665.556884765625
Step 2867: grad_norm=9.13453483581543, loss=2.810664415359497, param_norm=1665.556884765625
Step 2868: grad_norm=6.11597204208374, loss=2.635335922241211, param_norm=1665.556884765625
Step 2869: grad_norm=5.5308661460876465, loss=2.774623394012451, param_norm=1665.556884765625
Step 2870: grad_norm=4.796792030334473, loss=2.7096505165100098, param_norm=1665.556884765625
Step 2871: grad_norm=6.2326130867004395, loss=2.5813724994659424, param_norm=1665.556884765625
Step 2872: grad_norm=4.893909931182861, loss=2.642932891845703, param_norm=1665.556884765625
Step 2873: grad_norm=10.216679573059082, loss=2.7540392875671387, param_norm=1665.556884765625
Step 2874: grad_norm=4.490950584411621, loss=2.7169737815856934, param_norm=1665.5570068359375
Step 2875: grad_norm=6.047113418579102, loss=2.7297894954681396, param_norm=1665.5570068359375
Step 2876: grad_norm=4.934064865112305, loss=2.7015230655670166, param_norm=1665.5570068359375
Step 2877: grad_norm=4.855340480804443, loss=2.6503193378448486, param_norm=1665.5570068359375
Step 2878: grad_norm=5.208854675292969, loss=2.7144603729248047, param_norm=1665.5570068359375
Step 2879: grad_norm=5.038486003875732, loss=2.709412097930908, param_norm=1665.55712890625
Step 2880: grad_norm=8.906132698059082, loss=2.7296669483184814, param_norm=1665.55712890625
Step 2881: grad_norm=4.578495025634766, loss=2.855207920074463, param_norm=1665.55712890625
Step 2882: grad_norm=4.84730339050293, loss=2.5295708179473877, param_norm=1665.55712890625
Step 2883: grad_norm=4.914538860321045, loss=2.5304534435272217, param_norm=1665.55712890625
Step 2884: grad_norm=4.606907367706299, loss=2.5329713821411133, param_norm=1665.55712890625
Step 2885: grad_norm=8.16489315032959, loss=2.6176204681396484, param_norm=1665.55712890625
Step 2886: grad_norm=6.1328301429748535, loss=2.6565773487091064, param_norm=1665.55712890625
Step 2887: grad_norm=4.89860200881958, loss=2.636247396469116, param_norm=1665.55712890625
Step 2888: grad_norm=6.139161109924316, loss=2.7872860431671143, param_norm=1665.5572509765625
Step 2889: grad_norm=5.544002532958984, loss=2.553138256072998, param_norm=1665.5572509765625
Step 2890: grad_norm=5.737595558166504, loss=2.543734312057495, param_norm=1665.5572509765625
Step 2891: grad_norm=4.463265419006348, loss=2.782640218734741, param_norm=1665.5572509765625
Step 2892: grad_norm=4.746989727020264, loss=2.6562623977661133, param_norm=1665.5572509765625
Step 2893: grad_norm=4.525948524475098, loss=2.7740087509155273, param_norm=1665.5572509765625
Step 2894: grad_norm=7.360959529876709, loss=2.682659387588501, param_norm=1665.5572509765625
Step 2895: grad_norm=5.159607410430908, loss=2.890418767929077, param_norm=1665.55712890625
Step 2896: grad_norm=5.287961959838867, loss=2.5828163623809814, param_norm=1665.5572509765625
Step 2897: grad_norm=5.332645893096924, loss=2.5671963691711426, param_norm=1665.5572509765625
Step 2898: grad_norm=7.591073036193848, loss=2.8292031288146973, param_norm=1665.5572509765625
Step 2899: grad_norm=6.506166934967041, loss=2.6072750091552734, param_norm=1665.5572509765625
Step 2900: grad_norm=6.178423881530762, loss=2.7973742485046387, param_norm=1665.5572509765625
Step 2901: grad_norm=6.860087871551514, loss=2.7280802726745605, param_norm=1665.5572509765625
Step 2902: grad_norm=4.9112701416015625, loss=2.7517507076263428, param_norm=1665.5572509765625
Step 2903: grad_norm=7.615220069885254, loss=2.6522984504699707, param_norm=1665.5572509765625
Step 2904: grad_norm=4.6849446296691895, loss=2.990509033203125, param_norm=1665.5572509765625
Step 2905: grad_norm=4.529186248779297, loss=2.8239357471466064, param_norm=1665.5572509765625
Step 2906: grad_norm=5.21430778503418, loss=2.4852421283721924, param_norm=1665.5572509765625
Step 2907: grad_norm=5.54874324798584, loss=2.7273287773132324, param_norm=1665.5572509765625
Step 2908: grad_norm=6.081998825073242, loss=2.664196014404297, param_norm=1665.557373046875
Step 2909: grad_norm=12.75209903717041, loss=2.6906285285949707, param_norm=1665.5572509765625
Step 2910: grad_norm=14.50389575958252, loss=2.7500698566436768, param_norm=1665.5572509765625
Step 2911: grad_norm=13.51507568359375, loss=2.7672524452209473, param_norm=1665.557373046875
Step 2912: grad_norm=4.664128303527832, loss=2.4334640502929688, param_norm=1665.557373046875
Step 2913: grad_norm=6.848788261413574, loss=2.641991138458252, param_norm=1665.557373046875
Step 2914: grad_norm=13.558157920837402, loss=2.666226863861084, param_norm=1665.557373046875
Step 2915: grad_norm=10.062536239624023, loss=2.6631994247436523, param_norm=1665.557373046875
Step 2916: grad_norm=4.524589538574219, loss=2.5712480545043945, param_norm=1665.557373046875
Step 2917: grad_norm=4.612159729003906, loss=2.9218218326568604, param_norm=1665.557373046875
Step 2918: grad_norm=7.035787105560303, loss=2.6666693687438965, param_norm=1665.557373046875
Step 2919: grad_norm=6.740212917327881, loss=2.7710654735565186, param_norm=1665.557373046875
Step 2920: grad_norm=4.293608665466309, loss=2.6954522132873535, param_norm=1665.557373046875
Step 2921: grad_norm=5.394984245300293, loss=2.6830968856811523, param_norm=1665.557373046875
Step 2922: grad_norm=6.202915191650391, loss=2.8233795166015625, param_norm=1665.557373046875
Step 2923: grad_norm=4.655326843261719, loss=2.7355852127075195, param_norm=1665.557373046875
Step 2924: grad_norm=7.911898136138916, loss=2.742553949356079, param_norm=1665.557373046875
Step 2925: grad_norm=7.689854621887207, loss=2.795323371887207, param_norm=1665.557373046875
Step 2926: grad_norm=4.74839973449707, loss=2.630282402038574, param_norm=1665.557373046875
Step 2927: grad_norm=4.763852119445801, loss=2.5109012126922607, param_norm=1665.557373046875
Step 2928: grad_norm=4.7411274909973145, loss=2.6424083709716797, param_norm=1665.557373046875
Step 2929: grad_norm=8.053808212280273, loss=2.8570878505706787, param_norm=1665.557373046875
Step 2930: grad_norm=5.896018981933594, loss=2.892880439758301, param_norm=1665.557373046875
Step 2931: grad_norm=8.544543266296387, loss=2.8168063163757324, param_norm=1665.557373046875
Step 2932: grad_norm=8.820083618164062, loss=2.729731798171997, param_norm=1665.5574951171875
Step 2933: grad_norm=4.877538681030273, loss=3.0351686477661133, param_norm=1665.5574951171875
Step 2934: grad_norm=5.448735237121582, loss=2.6769590377807617, param_norm=1665.5574951171875
Step 2935: grad_norm=5.65916633605957, loss=2.943488121032715, param_norm=1665.5574951171875
Step 2936: grad_norm=4.54934549331665, loss=2.725131034851074, param_norm=1665.5574951171875
Step 2937: grad_norm=4.964292526245117, loss=2.491969108581543, param_norm=1665.5574951171875
Step 2938: grad_norm=4.568661212921143, loss=2.532139539718628, param_norm=1665.5574951171875
Step 2939: grad_norm=8.60129165649414, loss=2.7641987800598145, param_norm=1665.5574951171875
Step 2940: grad_norm=5.803220272064209, loss=2.721003532409668, param_norm=1665.5574951171875
Step 2941: grad_norm=4.907436370849609, loss=2.552528142929077, param_norm=1665.5574951171875
Step 2942: grad_norm=4.659064769744873, loss=2.9325571060180664, param_norm=1665.5574951171875
Step 2943: grad_norm=5.992788791656494, loss=2.6493821144104004, param_norm=1665.5574951171875
Step 2944: grad_norm=4.873363018035889, loss=3.0394082069396973, param_norm=1665.5574951171875
Step 2945: grad_norm=4.475279331207275, loss=2.570632219314575, param_norm=1665.5574951171875
Step 2946: grad_norm=6.581947326660156, loss=2.5632500648498535, param_norm=1665.5574951171875
Step 2947: grad_norm=4.921862602233887, loss=2.728828191757202, param_norm=1665.5576171875
Step 2948: grad_norm=6.401673793792725, loss=2.556485176086426, param_norm=1665.5576171875
Step 2949: grad_norm=4.954707622528076, loss=2.5286364555358887, param_norm=1665.5576171875
Step 2950: grad_norm=5.605382919311523, loss=2.978003978729248, param_norm=1665.5576171875
Step 2951: grad_norm=6.504654407501221, loss=2.640472888946533, param_norm=1665.5576171875
Step 2952: grad_norm=4.804436683654785, loss=2.7939162254333496, param_norm=1665.5574951171875
Step 2953: grad_norm=7.85437536239624, loss=2.555417776107788, param_norm=1665.5576171875
Step 2954: grad_norm=5.067361831665039, loss=2.458364486694336, param_norm=1665.5576171875
Step 2955: grad_norm=8.440128326416016, loss=2.891507625579834, param_norm=1665.5577392578125
Step 2956: grad_norm=5.953429222106934, loss=2.6739749908447266, param_norm=1665.5577392578125
Step 2957: grad_norm=6.168957233428955, loss=2.4278922080993652, param_norm=1665.5577392578125
Step 2958: grad_norm=4.782211780548096, loss=2.549945592880249, param_norm=1665.5576171875
Step 2959: grad_norm=5.099186420440674, loss=2.845963716506958, param_norm=1665.5576171875
Step 2960: grad_norm=4.974680423736572, loss=2.481106758117676, param_norm=1665.5576171875
Step 2961: grad_norm=8.320515632629395, loss=2.786567211151123, param_norm=1665.5576171875
Step 2962: grad_norm=8.964407920837402, loss=2.851923704147339, param_norm=1665.5576171875
Step 2963: grad_norm=5.695153713226318, loss=2.5703792572021484, param_norm=1665.5576171875
Step 2964: grad_norm=5.24238395690918, loss=2.66941237449646, param_norm=1665.5576171875
Step 2965: grad_norm=4.775625228881836, loss=2.7591075897216797, param_norm=1665.5577392578125
Step 2966: grad_norm=11.43876838684082, loss=2.7412075996398926, param_norm=1665.5576171875
Step 2967: grad_norm=5.792153835296631, loss=2.733163356781006, param_norm=1665.5577392578125
Step 2968: grad_norm=11.814261436462402, loss=2.628662347793579, param_norm=1665.5577392578125
Step 2969: grad_norm=6.187358379364014, loss=2.6670684814453125, param_norm=1665.5577392578125
Step 2970: grad_norm=5.508875846862793, loss=2.5951783657073975, param_norm=1665.5577392578125
Step 2971: grad_norm=8.118538856506348, loss=2.6324596405029297, param_norm=1665.5577392578125
Step 2972: grad_norm=4.94659948348999, loss=2.70639705657959, param_norm=1665.5577392578125
Step 2973: grad_norm=6.477470874786377, loss=2.5124921798706055, param_norm=1665.5577392578125
Step 2974: grad_norm=10.601042747497559, loss=2.8064467906951904, param_norm=1665.5577392578125
Step 2975: grad_norm=4.877076625823975, loss=2.850943088531494, param_norm=1665.5577392578125
Step 2976: grad_norm=4.897453784942627, loss=2.793637990951538, param_norm=1665.5577392578125
Step 2977: grad_norm=4.350547790527344, loss=2.600106716156006, param_norm=1665.5577392578125
Step 2978: grad_norm=10.259176254272461, loss=2.7864482402801514, param_norm=1665.5577392578125
Step 2979: grad_norm=6.0643534660339355, loss=2.695094585418701, param_norm=1665.5577392578125
Step 2980: grad_norm=6.144731521606445, loss=2.579657793045044, param_norm=1665.5577392578125
Step 2981: grad_norm=4.544548511505127, loss=2.71683406829834, param_norm=1665.557861328125
Step 2982: grad_norm=4.449975490570068, loss=2.6706151962280273, param_norm=1665.557861328125
Step 2983: grad_norm=5.789820671081543, loss=2.788062334060669, param_norm=1665.557861328125
Step 2984: grad_norm=5.103917121887207, loss=2.7938590049743652, param_norm=1665.557861328125
Step 2985: grad_norm=7.369238376617432, loss=2.6211774349212646, param_norm=1665.557861328125
Step 2986: grad_norm=6.351344108581543, loss=2.737929582595825, param_norm=1665.557861328125
Step 2987: grad_norm=12.014673233032227, loss=2.7939915657043457, param_norm=1665.557861328125
Step 2988: grad_norm=5.147884368896484, loss=2.689742088317871, param_norm=1665.557861328125
Step 2989: grad_norm=5.167330265045166, loss=2.5265743732452393, param_norm=1665.557861328125
Step 2990: grad_norm=7.891652584075928, loss=2.5828020572662354, param_norm=1665.557861328125
Step 2991: grad_norm=9.385107040405273, loss=2.665701389312744, param_norm=1665.557861328125
Step 2992: grad_norm=5.110573768615723, loss=2.605954885482788, param_norm=1665.557861328125
Step 2993: grad_norm=6.940768718719482, loss=2.8563590049743652, param_norm=1665.557861328125
Step 2994: grad_norm=6.029123306274414, loss=2.692516803741455, param_norm=1665.5579833984375
Step 2995: grad_norm=5.860143661499023, loss=2.840104579925537, param_norm=1665.5579833984375
Step 2996: grad_norm=5.068950653076172, loss=2.825658082962036, param_norm=1665.557861328125
Step 2997: grad_norm=5.295204162597656, loss=2.731987953186035, param_norm=1665.5579833984375
Step 2998: grad_norm=5.392533779144287, loss=2.8973546028137207, param_norm=1665.5579833984375
Step 2999: grad_norm=5.13191032409668, loss=2.7923245429992676, param_norm=1665.5579833984375
Step 3000: grad_norm=6.195003509521484, loss=2.8068888187408447, param_norm=1665.5579833984375
Step 3001: grad_norm=5.7762837409973145, loss=2.7753849029541016, param_norm=1665.5579833984375
Step 3002: grad_norm=7.041121006011963, loss=2.8626413345336914, param_norm=1665.5579833984375
Step 3003: grad_norm=5.109241962432861, loss=2.8213696479797363, param_norm=1665.5579833984375
Step 3004: grad_norm=4.70039176940918, loss=2.7828471660614014, param_norm=1665.5579833984375
Step 3005: grad_norm=9.838581085205078, loss=2.7532496452331543, param_norm=1665.5579833984375
Step 3006: grad_norm=9.371786117553711, loss=2.554454803466797, param_norm=1665.5579833984375
Step 3007: grad_norm=6.605363368988037, loss=2.5901808738708496, param_norm=1665.5579833984375
Step 3008: grad_norm=4.959580421447754, loss=2.912550210952759, param_norm=1665.5579833984375
Step 3009: grad_norm=6.696264266967773, loss=2.920696258544922, param_norm=1665.5579833984375
Step 3010: grad_norm=6.688329219818115, loss=2.6632962226867676, param_norm=1665.5579833984375
Step 3011: grad_norm=5.076879978179932, loss=2.767868995666504, param_norm=1665.5579833984375
Step 3012: grad_norm=4.301675796508789, loss=2.5759966373443604, param_norm=1665.5579833984375
Step 3013: grad_norm=4.560723781585693, loss=2.687084674835205, param_norm=1665.55810546875
Step 3014: grad_norm=6.751046180725098, loss=2.791372299194336, param_norm=1665.55810546875
Step 3015: grad_norm=6.838429927825928, loss=2.5237033367156982, param_norm=1665.55810546875
Step 3016: grad_norm=9.055846214294434, loss=2.6670093536376953, param_norm=1665.55810546875
Step 3017: grad_norm=6.6775221824646, loss=2.7004523277282715, param_norm=1665.55810546875
Step 3018: grad_norm=4.6300249099731445, loss=2.6528267860412598, param_norm=1665.55810546875
Step 3019: grad_norm=6.344894886016846, loss=2.601165771484375, param_norm=1665.55810546875
Step 3020: grad_norm=5.557703971862793, loss=2.656381607055664, param_norm=1665.55810546875
Step 3021: grad_norm=5.838045120239258, loss=2.758171796798706, param_norm=1665.55810546875
Step 3022: grad_norm=6.35444974899292, loss=2.785216808319092, param_norm=1665.55810546875
Step 3023: grad_norm=4.77356481552124, loss=2.912961721420288, param_norm=1665.55810546875
Step 3024: grad_norm=4.7403693199157715, loss=2.653505563735962, param_norm=1665.55810546875
Step 3025: grad_norm=5.832287311553955, loss=2.692082643508911, param_norm=1665.55810546875
Step 3026: grad_norm=6.020969390869141, loss=2.623939037322998, param_norm=1665.55810546875
Step 3027: grad_norm=5.148616313934326, loss=2.56803035736084, param_norm=1665.55810546875
Step 3028: grad_norm=5.793178558349609, loss=2.809539794921875, param_norm=1665.55810546875
Step 3029: grad_norm=4.697319507598877, loss=2.62007999420166, param_norm=1665.55810546875
Step 3030: grad_norm=5.152443885803223, loss=2.59208083152771, param_norm=1665.55810546875
Step 3031: grad_norm=6.242039680480957, loss=2.5880537033081055, param_norm=1665.55810546875
Step 3032: grad_norm=5.913711071014404, loss=3.0422589778900146, param_norm=1665.5582275390625
Step 3033: grad_norm=5.9769487380981445, loss=2.7698965072631836, param_norm=1665.5582275390625
Step 3034: grad_norm=6.483246326446533, loss=2.6860463619232178, param_norm=1665.5582275390625
Step 3035: grad_norm=10.323944091796875, loss=2.7746403217315674, param_norm=1665.5582275390625
Step 3036: grad_norm=10.457865715026855, loss=2.582211971282959, param_norm=1665.5582275390625
Step 3037: grad_norm=7.104441165924072, loss=2.876286745071411, param_norm=1665.5582275390625
Step 3038: grad_norm=7.004913806915283, loss=2.544492721557617, param_norm=1665.5582275390625
Step 3039: grad_norm=6.630149841308594, loss=2.6755852699279785, param_norm=1665.5582275390625
Step 3040: grad_norm=4.651459217071533, loss=2.3988749980926514, param_norm=1665.558349609375
Step 3041: grad_norm=4.455485820770264, loss=2.6211729049682617, param_norm=1665.558349609375
Step 3042: grad_norm=4.526430130004883, loss=2.7444281578063965, param_norm=1665.558349609375
Step 3043: grad_norm=7.053941249847412, loss=2.650021553039551, param_norm=1665.558349609375
Step 3044: grad_norm=4.808548927307129, loss=2.585883378982544, param_norm=1665.558349609375
Step 3045: grad_norm=4.956672668457031, loss=2.662518262863159, param_norm=1665.558349609375
Step 3046: grad_norm=4.8066840171813965, loss=2.7769851684570312, param_norm=1665.558349609375
Step 3047: grad_norm=4.659390449523926, loss=2.774104595184326, param_norm=1665.558349609375
Step 3048: grad_norm=8.085248947143555, loss=2.5269458293914795, param_norm=1665.558349609375
Step 3049: grad_norm=5.607117176055908, loss=2.6178102493286133, param_norm=1665.558349609375
Step 3050: grad_norm=4.979040622711182, loss=2.7459278106689453, param_norm=1665.558349609375
Step 3051: grad_norm=10.210470199584961, loss=2.7755980491638184, param_norm=1665.558349609375
Step 3052: grad_norm=7.012078762054443, loss=2.523549795150757, param_norm=1665.558349609375
Step 3053: grad_norm=5.353401184082031, loss=2.750642776489258, param_norm=1665.558349609375
Step 3054: grad_norm=4.44904088973999, loss=2.440737247467041, param_norm=1665.558349609375
Step 3055: grad_norm=5.125432014465332, loss=2.3790860176086426, param_norm=1665.558349609375
Step 3056: grad_norm=5.444760799407959, loss=2.6561951637268066, param_norm=1665.558349609375
Step 3057: grad_norm=4.507787227630615, loss=2.744929790496826, param_norm=1665.5584716796875
Step 3058: grad_norm=4.3452982902526855, loss=2.461045742034912, param_norm=1665.5584716796875
Step 3059: grad_norm=4.466449737548828, loss=2.532742738723755, param_norm=1665.5584716796875
Step 3060: grad_norm=7.888304710388184, loss=2.860790252685547, param_norm=1665.5584716796875
Step 3061: grad_norm=8.44684886932373, loss=2.630577564239502, param_norm=1665.5584716796875
Step 3062: grad_norm=5.859027862548828, loss=2.794515609741211, param_norm=1665.5584716796875
Step 3063: grad_norm=6.868649005889893, loss=2.7351300716400146, param_norm=1665.5584716796875
Step 3064: grad_norm=5.401151657104492, loss=2.9492874145507812, param_norm=1665.55859375
Step 3065: grad_norm=6.664401054382324, loss=2.8548226356506348, param_norm=1665.55859375
Step 3066: grad_norm=5.997909069061279, loss=2.5408871173858643, param_norm=1665.5584716796875
Step 3067: grad_norm=4.724153995513916, loss=2.803347110748291, param_norm=1665.55859375
Step 3068: grad_norm=4.190783500671387, loss=2.7201013565063477, param_norm=1665.55859375
Step 3069: grad_norm=7.349104404449463, loss=2.604775905609131, param_norm=1665.55859375
Step 3070: grad_norm=8.467879295349121, loss=2.964857578277588, param_norm=1665.55859375
Step 3071: grad_norm=4.910706520080566, loss=2.6243438720703125, param_norm=1665.55859375
Step 3072: grad_norm=6.989505290985107, loss=2.7005538940429688, param_norm=1665.55859375
Step 3073: grad_norm=4.89939022064209, loss=2.763901710510254, param_norm=1665.55859375
Step 3074: grad_norm=6.725844860076904, loss=2.777419090270996, param_norm=1665.55859375
Step 3075: grad_norm=5.696593284606934, loss=2.656869411468506, param_norm=1665.5587158203125
Step 3076: grad_norm=6.340709686279297, loss=2.810962677001953, param_norm=1665.5587158203125
Step 3077: grad_norm=5.433681964874268, loss=2.567558526992798, param_norm=1665.55859375
Step 3078: grad_norm=5.239205360412598, loss=2.6854910850524902, param_norm=1665.55859375
Step 3079: grad_norm=6.591084957122803, loss=2.830937385559082, param_norm=1665.55859375
Step 3080: grad_norm=4.713749885559082, loss=2.7520527839660645, param_norm=1665.5587158203125
Step 3081: grad_norm=7.545865535736084, loss=2.8608031272888184, param_norm=1665.5587158203125
Step 3082: grad_norm=4.56862735748291, loss=2.632075309753418, param_norm=1665.55859375
Step 3083: grad_norm=8.325191497802734, loss=2.842708110809326, param_norm=1665.5587158203125
Step 3084: grad_norm=5.240804195404053, loss=2.8478055000305176, param_norm=1665.5587158203125
Step 3085: grad_norm=6.599249839782715, loss=2.701557159423828, param_norm=1665.5587158203125
Step 3086: grad_norm=4.262484550476074, loss=2.7541534900665283, param_norm=1665.5587158203125
Step 3087: grad_norm=5.914346694946289, loss=2.594658374786377, param_norm=1665.5587158203125
Step 3088: grad_norm=7.810283184051514, loss=2.7186131477355957, param_norm=1665.5587158203125
Step 3089: grad_norm=4.7562360763549805, loss=2.8249101638793945, param_norm=1665.5587158203125
Step 3090: grad_norm=6.952714920043945, loss=2.6185922622680664, param_norm=1665.5587158203125
Step 3091: grad_norm=5.264677047729492, loss=2.499760150909424, param_norm=1665.5587158203125
Step 3092: grad_norm=4.531527519226074, loss=2.468865156173706, param_norm=1665.5587158203125
Step 3093: grad_norm=4.344702243804932, loss=2.4820094108581543, param_norm=1665.5587158203125
Step 3094: grad_norm=4.913189888000488, loss=2.473612070083618, param_norm=1665.5587158203125
Step 3095: grad_norm=6.388646602630615, loss=2.681028127670288, param_norm=1665.558837890625
Step 3096: grad_norm=13.57129192352295, loss=2.6996607780456543, param_norm=1665.558837890625
Step 3097: grad_norm=5.4523234367370605, loss=2.6494789123535156, param_norm=1665.558837890625
Step 3098: grad_norm=5.815382480621338, loss=2.7177557945251465, param_norm=1665.558837890625
Step 3099: grad_norm=5.927154541015625, loss=2.6941511631011963, param_norm=1665.558837890625
Step 3100: grad_norm=4.9507293701171875, loss=2.7949166297912598, param_norm=1665.558837890625
Step 3101: grad_norm=10.92445182800293, loss=2.437997341156006, param_norm=1665.558837890625
Step 3102: grad_norm=6.116739273071289, loss=2.3528034687042236, param_norm=1665.558837890625
Step 3103: grad_norm=6.45002555847168, loss=2.688380241394043, param_norm=1665.558837890625
Step 3104: grad_norm=5.336267471313477, loss=2.8177692890167236, param_norm=1665.5589599609375
Step 3105: grad_norm=7.072451114654541, loss=2.6086602210998535, param_norm=1665.5589599609375
Step 3106: grad_norm=5.470898151397705, loss=2.4627833366394043, param_norm=1665.55908203125
Step 3107: grad_norm=5.684579849243164, loss=2.707500696182251, param_norm=1665.55908203125
Step 3108: grad_norm=5.234493732452393, loss=2.8857178688049316, param_norm=1665.55908203125
Step 3109: grad_norm=5.3421502113342285, loss=2.8204469680786133, param_norm=1665.55908203125
Step 3110: grad_norm=5.175117492675781, loss=2.6045804023742676, param_norm=1665.55908203125
Step 3111: grad_norm=4.566675186157227, loss=2.522294044494629, param_norm=1665.55908203125
Step 3112: grad_norm=6.997007369995117, loss=2.7305665016174316, param_norm=1665.55908203125
Step 3113: grad_norm=6.893614768981934, loss=2.594727039337158, param_norm=1665.55908203125
Step 3114: grad_norm=4.45727014541626, loss=2.8114466667175293, param_norm=1665.55908203125
Step 3115: grad_norm=5.9241862297058105, loss=2.7960469722747803, param_norm=1665.55908203125
Step 3116: grad_norm=11.127572059631348, loss=2.6283042430877686, param_norm=1665.55908203125
Step 3117: grad_norm=5.333123683929443, loss=2.7495501041412354, param_norm=1665.55908203125
Step 3118: grad_norm=6.942774295806885, loss=2.6980674266815186, param_norm=1665.55908203125
Step 3119: grad_norm=6.191635608673096, loss=2.8892109394073486, param_norm=1665.55908203125
Step 3120: grad_norm=4.850622653961182, loss=2.719717025756836, param_norm=1665.55908203125
Step 3121: grad_norm=5.747780799865723, loss=2.9529056549072266, param_norm=1665.55908203125
Step 3122: grad_norm=6.295280456542969, loss=2.6699633598327637, param_norm=1665.55908203125
Step 3123: grad_norm=5.241641044616699, loss=2.6740307807922363, param_norm=1665.55908203125
Step 3124: grad_norm=7.91599702835083, loss=2.487698554992676, param_norm=1665.55908203125
Step 3125: grad_norm=9.425134658813477, loss=2.7223474979400635, param_norm=1665.55908203125
Step 3126: grad_norm=4.502069473266602, loss=2.585862159729004, param_norm=1665.55908203125
Step 3127: grad_norm=7.209040641784668, loss=2.4222159385681152, param_norm=1665.55908203125
Step 3128: grad_norm=5.437071323394775, loss=2.877849578857422, param_norm=1665.55908203125
Step 3129: grad_norm=6.2838263511657715, loss=2.7257919311523438, param_norm=1665.55908203125
Step 3130: grad_norm=6.619125843048096, loss=2.715257167816162, param_norm=1665.55908203125
Step 3131: grad_norm=5.62935733795166, loss=2.5805552005767822, param_norm=1665.5592041015625
Step 3132: grad_norm=4.510433673858643, loss=2.706319808959961, param_norm=1665.55908203125
Step 3133: grad_norm=5.444681644439697, loss=2.6826138496398926, param_norm=1665.5592041015625
Step 3134: grad_norm=9.665745735168457, loss=2.811642646789551, param_norm=1665.5592041015625
Step 3135: grad_norm=5.023333549499512, loss=2.4706687927246094, param_norm=1665.5592041015625
Step 3136: grad_norm=6.863863945007324, loss=2.896075487136841, param_norm=1665.5592041015625
Step 3137: grad_norm=7.929195404052734, loss=2.599998712539673, param_norm=1665.5592041015625
Step 3138: grad_norm=6.240649223327637, loss=2.745089530944824, param_norm=1665.5592041015625
Step 3139: grad_norm=11.37131404876709, loss=2.680117607116699, param_norm=1665.5592041015625
Step 3140: grad_norm=8.046614646911621, loss=2.6139907836914062, param_norm=1665.559326171875
Step 3141: grad_norm=4.455646991729736, loss=2.855072021484375, param_norm=1665.559326171875
Step 3142: grad_norm=9.045403480529785, loss=2.602036952972412, param_norm=1665.559326171875
Step 3143: grad_norm=7.571221828460693, loss=2.6922624111175537, param_norm=1665.559326171875
Step 3144: grad_norm=5.761158466339111, loss=2.8441243171691895, param_norm=1665.559326171875
Step 3145: grad_norm=6.363473892211914, loss=2.5382752418518066, param_norm=1665.559326171875
Step 3146: grad_norm=6.955865383148193, loss=2.6728415489196777, param_norm=1665.559326171875
Step 3147: grad_norm=5.269514560699463, loss=2.595485210418701, param_norm=1665.559326171875
Step 3148: grad_norm=5.468299388885498, loss=2.469956636428833, param_norm=1665.559326171875
Step 3149: grad_norm=5.64835262298584, loss=2.682950496673584, param_norm=1665.559326171875
Step 3150: grad_norm=5.137897491455078, loss=2.747131586074829, param_norm=1665.559326171875
Step 3151: grad_norm=5.5633697509765625, loss=2.5836660861968994, param_norm=1665.559326171875
Step 3152: grad_norm=6.737154960632324, loss=2.736729621887207, param_norm=1665.559326171875
Step 3153: grad_norm=4.737412929534912, loss=2.694021463394165, param_norm=1665.559326171875
Step 3154: grad_norm=4.738558292388916, loss=2.7314882278442383, param_norm=1665.559326171875
Step 3155: grad_norm=10.4845552444458, loss=2.4346084594726562, param_norm=1665.559326171875
Step 3156: grad_norm=4.241227626800537, loss=2.4758687019348145, param_norm=1665.559326171875
Step 3157: grad_norm=5.630647659301758, loss=2.5302343368530273, param_norm=1665.5594482421875
Step 3158: grad_norm=8.525349617004395, loss=2.4421143531799316, param_norm=1665.5594482421875
Step 3159: grad_norm=8.258150100708008, loss=2.6846206188201904, param_norm=1665.5594482421875
Step 3160: grad_norm=11.239114761352539, loss=2.539123773574829, param_norm=1665.5594482421875
Step 3161: grad_norm=4.538853168487549, loss=2.600010395050049, param_norm=1665.5594482421875
Step 3162: grad_norm=4.452073574066162, loss=2.5257186889648438, param_norm=1665.5594482421875
Step 3163: grad_norm=4.593550682067871, loss=2.862927198410034, param_norm=1665.5594482421875
Step 3164: grad_norm=5.462209224700928, loss=2.7574336528778076, param_norm=1665.5594482421875
Step 3165: grad_norm=7.271002292633057, loss=2.464169502258301, param_norm=1665.5594482421875
Step 3166: grad_norm=6.766380786895752, loss=2.7981085777282715, param_norm=1665.5594482421875
Step 3167: grad_norm=7.553316593170166, loss=2.7139835357666016, param_norm=1665.5594482421875
Step 3168: grad_norm=5.950953483581543, loss=2.698490619659424, param_norm=1665.5594482421875
Step 3169: grad_norm=5.743340492248535, loss=2.79254150390625, param_norm=1665.5594482421875
Step 3170: grad_norm=5.653601169586182, loss=2.705113410949707, param_norm=1665.5594482421875
Step 3171: grad_norm=6.486329555511475, loss=2.871230363845825, param_norm=1665.5594482421875
Step 3172: grad_norm=8.800868034362793, loss=2.7390341758728027, param_norm=1665.5594482421875
Step 3173: grad_norm=4.307454586029053, loss=2.769284963607788, param_norm=1665.5594482421875
Step 3174: grad_norm=4.4805588722229, loss=2.8020243644714355, param_norm=1665.5594482421875
Step 3175: grad_norm=5.7852582931518555, loss=2.7395153045654297, param_norm=1665.5595703125
Step 3176: grad_norm=9.512262344360352, loss=2.499492883682251, param_norm=1665.5595703125
Step 3177: grad_norm=5.642021179199219, loss=2.617166519165039, param_norm=1665.5595703125
Step 3178: grad_norm=5.779043197631836, loss=2.613515853881836, param_norm=1665.5595703125
Step 3179: grad_norm=6.087222099304199, loss=2.7373597621917725, param_norm=1665.5596923828125
Step 3180: grad_norm=6.08988094329834, loss=2.839016914367676, param_norm=1665.5595703125
Step 3181: grad_norm=6.553356170654297, loss=2.386024236679077, param_norm=1665.5595703125
Step 3182: grad_norm=5.840425491333008, loss=2.6113157272338867, param_norm=1665.5596923828125
Step 3183: grad_norm=7.831578254699707, loss=2.4388651847839355, param_norm=1665.5596923828125
Step 3184: grad_norm=5.040689468383789, loss=2.4615352153778076, param_norm=1665.5596923828125
Step 3185: grad_norm=10.293876647949219, loss=2.7723703384399414, param_norm=1665.5596923828125
Step 3186: grad_norm=4.389334201812744, loss=2.785740375518799, param_norm=1665.5596923828125
Step 3187: grad_norm=6.255309581756592, loss=2.921018123626709, param_norm=1665.5596923828125
Step 3188: grad_norm=4.632758140563965, loss=2.6335530281066895, param_norm=1665.5596923828125
Step 3189: grad_norm=10.131621360778809, loss=2.7154526710510254, param_norm=1665.5596923828125
Step 3190: grad_norm=4.159719467163086, loss=2.741830348968506, param_norm=1665.5596923828125
Step 3191: grad_norm=5.45653772354126, loss=2.599386215209961, param_norm=1665.5596923828125
Step 3192: grad_norm=5.970613956451416, loss=2.886773109436035, param_norm=1665.5596923828125
Step 3193: grad_norm=5.81296443939209, loss=2.7338526248931885, param_norm=1665.5596923828125
Step 3194: grad_norm=5.784182071685791, loss=2.7640912532806396, param_norm=1665.5596923828125
Step 3195: grad_norm=6.4911627769470215, loss=2.6528663635253906, param_norm=1665.5596923828125
Step 3196: grad_norm=5.340177536010742, loss=2.6680734157562256, param_norm=1665.559814453125
Step 3197: grad_norm=5.343645095825195, loss=2.508619785308838, param_norm=1665.559814453125
Step 3198: grad_norm=4.511641502380371, loss=2.5614309310913086, param_norm=1665.559814453125
Step 3199: grad_norm=5.749429702758789, loss=2.875713348388672, param_norm=1665.559814453125
Step 3200: grad_norm=4.322659492492676, loss=2.764627695083618, param_norm=1665.559814453125
Step 3201: grad_norm=10.94511604309082, loss=2.693056583404541, param_norm=1665.559814453125
Step 3202: grad_norm=4.874698162078857, loss=2.865391254425049, param_norm=1665.559814453125
Step 3203: grad_norm=7.130265712738037, loss=2.7027482986450195, param_norm=1665.559814453125
Step 3204: grad_norm=4.83988094329834, loss=2.831880569458008, param_norm=1665.559814453125
Step 3205: grad_norm=5.3816914558410645, loss=2.3873443603515625, param_norm=1665.559814453125
Step 3206: grad_norm=5.1623382568359375, loss=2.6326706409454346, param_norm=1665.559814453125
Step 3207: grad_norm=6.268865585327148, loss=2.6553828716278076, param_norm=1665.559814453125
Step 3208: grad_norm=5.681727886199951, loss=2.1691603660583496, param_norm=1665.559814453125
Step 3209: grad_norm=5.6938347816467285, loss=2.8423986434936523, param_norm=1665.559814453125
Step 3210: grad_norm=6.647250652313232, loss=2.68326997756958, param_norm=1665.559814453125
Step 3211: grad_norm=6.990183353424072, loss=2.4741084575653076, param_norm=1665.559814453125
Step 3212: grad_norm=5.171661853790283, loss=2.630045175552368, param_norm=1665.559814453125
Step 3213: grad_norm=7.940454959869385, loss=2.825808048248291, param_norm=1665.559814453125
Step 3214: grad_norm=6.186538219451904, loss=2.67234468460083, param_norm=1665.559814453125
Step 3215: grad_norm=5.821803569793701, loss=2.7776191234588623, param_norm=1665.559814453125
Step 3216: grad_norm=5.130089282989502, loss=2.7249693870544434, param_norm=1665.559814453125
Step 3217: grad_norm=4.32414436340332, loss=2.7334132194519043, param_norm=1665.5599365234375
Step 3218: grad_norm=4.951034069061279, loss=2.7855074405670166, param_norm=1665.5599365234375
Step 3219: grad_norm=6.886707305908203, loss=2.8951473236083984, param_norm=1665.5599365234375
Step 3220: grad_norm=4.53507661819458, loss=2.8260953426361084, param_norm=1665.56005859375
Step 3221: grad_norm=4.887716293334961, loss=2.572748899459839, param_norm=1665.56005859375
Step 3222: grad_norm=5.406209468841553, loss=2.582542896270752, param_norm=1665.56005859375
Step 3223: grad_norm=4.784449100494385, loss=2.766380548477173, param_norm=1665.56005859375
Step 3224: grad_norm=5.242496013641357, loss=2.71303653717041, param_norm=1665.56005859375
Step 3225: grad_norm=5.42060661315918, loss=2.7739992141723633, param_norm=1665.56005859375
Step 3226: grad_norm=8.596986770629883, loss=2.6823010444641113, param_norm=1665.56005859375
Step 3227: grad_norm=4.593470573425293, loss=2.7722928524017334, param_norm=1665.56005859375
Step 3228: grad_norm=6.9361162185668945, loss=2.547208309173584, param_norm=1665.56005859375
Step 3229: grad_norm=5.326536178588867, loss=2.68434476852417, param_norm=1665.56005859375
Step 3230: grad_norm=5.695697784423828, loss=2.612257719039917, param_norm=1665.56005859375
Step 3231: grad_norm=7.4096903800964355, loss=2.7790279388427734, param_norm=1665.56005859375
Step 3232: grad_norm=4.6785173416137695, loss=2.7504892349243164, param_norm=1665.56005859375
Step 3233: grad_norm=6.829390525817871, loss=2.46781587600708, param_norm=1665.56005859375
Step 3234: grad_norm=4.582284927368164, loss=2.867190361022949, param_norm=1665.56005859375
Step 3235: grad_norm=7.788771152496338, loss=2.653524398803711, param_norm=1665.56005859375
Step 3236: grad_norm=4.844245910644531, loss=2.7033984661102295, param_norm=1665.56005859375
Step 3237: grad_norm=10.411507606506348, loss=2.551842451095581, param_norm=1665.56005859375
Step 3238: grad_norm=4.921667575836182, loss=2.526097059249878, param_norm=1665.56005859375
Step 3239: grad_norm=8.276619911193848, loss=2.881087303161621, param_norm=1665.56005859375
Step 3240: grad_norm=5.365184783935547, loss=2.7430577278137207, param_norm=1665.56005859375
Step 3241: grad_norm=4.938092231750488, loss=2.6748437881469727, param_norm=1665.56005859375
Step 3242: grad_norm=7.100249290466309, loss=2.7949445247650146, param_norm=1665.56005859375
Step 3243: grad_norm=6.272923469543457, loss=2.6123242378234863, param_norm=1665.56005859375
Step 3244: grad_norm=4.920782566070557, loss=2.7453534603118896, param_norm=1665.56005859375
Step 3245: grad_norm=8.262596130371094, loss=2.896857738494873, param_norm=1665.56005859375
Step 3246: grad_norm=5.285531997680664, loss=2.6587767601013184, param_norm=1665.5601806640625
Step 3247: grad_norm=5.8993096351623535, loss=2.3171348571777344, param_norm=1665.5601806640625
Step 3248: grad_norm=5.011172294616699, loss=2.7762668132781982, param_norm=1665.5601806640625
Step 3249: grad_norm=5.837432861328125, loss=2.6877036094665527, param_norm=1665.5601806640625
Step 3250: grad_norm=5.682745456695557, loss=2.6235251426696777, param_norm=1665.560302734375
Step 3251: grad_norm=4.374669551849365, loss=2.7940592765808105, param_norm=1665.560302734375
Step 3252: grad_norm=4.734085559844971, loss=2.5292410850524902, param_norm=1665.560302734375
Step 3253: grad_norm=5.551147937774658, loss=2.8495426177978516, param_norm=1665.560302734375
Step 3254: grad_norm=7.544408798217773, loss=2.359908103942871, param_norm=1665.560302734375
Step 3255: grad_norm=5.2213335037231445, loss=2.670365571975708, param_norm=1665.560302734375
Step 3256: grad_norm=6.098325252532959, loss=2.6820626258850098, param_norm=1665.560302734375
Step 3257: grad_norm=5.202936172485352, loss=2.917379856109619, param_norm=1665.560302734375
Step 3258: grad_norm=6.710024833679199, loss=2.6665940284729004, param_norm=1665.560302734375
Step 3259: grad_norm=6.264922142028809, loss=2.872955083847046, param_norm=1665.560302734375
Step 3260: grad_norm=4.240143299102783, loss=2.849719762802124, param_norm=1665.560302734375
Step 3261: grad_norm=7.3741888999938965, loss=2.790287971496582, param_norm=1665.560302734375
Step 3262: grad_norm=5.481021881103516, loss=2.685309410095215, param_norm=1665.560302734375
Step 3263: grad_norm=6.8396735191345215, loss=2.928755521774292, param_norm=1665.560302734375
Step 3264: grad_norm=4.956401348114014, loss=2.600189685821533, param_norm=1665.560302734375
Step 3265: grad_norm=4.950377941131592, loss=2.613858938217163, param_norm=1665.560302734375
Step 3266: grad_norm=9.166014671325684, loss=2.798046588897705, param_norm=1665.560302734375
Step 3267: grad_norm=7.274675369262695, loss=2.7185940742492676, param_norm=1665.560302734375
Step 3268: grad_norm=4.355703830718994, loss=2.6937129497528076, param_norm=1665.5604248046875
Step 3269: grad_norm=4.6925482749938965, loss=2.875173568725586, param_norm=1665.5604248046875
Step 3270: grad_norm=6.1988205909729, loss=2.71429181098938, param_norm=1665.5604248046875
Step 3271: grad_norm=5.049800872802734, loss=2.5593221187591553, param_norm=1665.5604248046875
Step 3272: grad_norm=4.823353290557861, loss=2.630746841430664, param_norm=1665.5604248046875
Step 3273: grad_norm=5.274364948272705, loss=2.4745960235595703, param_norm=1665.5604248046875
Step 3274: grad_norm=5.167419910430908, loss=2.670949697494507, param_norm=1665.5604248046875
Step 3275: grad_norm=4.776376247406006, loss=2.8393023014068604, param_norm=1665.5604248046875
Step 3276: grad_norm=5.520755290985107, loss=2.5422730445861816, param_norm=1665.5604248046875
Step 3277: grad_norm=5.127097129821777, loss=2.9961318969726562, param_norm=1665.5604248046875
Step 3278: grad_norm=4.819732189178467, loss=2.7022788524627686, param_norm=1665.5604248046875
Step 3279: grad_norm=4.918086051940918, loss=2.6762895584106445, param_norm=1665.5604248046875
Step 3280: grad_norm=5.188125133514404, loss=2.817075252532959, param_norm=1665.5604248046875
Step 3281: grad_norm=6.248354911804199, loss=2.5252938270568848, param_norm=1665.5604248046875
Step 3282: grad_norm=5.723696708679199, loss=2.684123992919922, param_norm=1665.5604248046875
Step 3283: grad_norm=5.0466108322143555, loss=2.7953028678894043, param_norm=1665.5604248046875
Step 3284: grad_norm=5.228920936584473, loss=2.7345123291015625, param_norm=1665.5604248046875
Step 3285: grad_norm=10.10945987701416, loss=2.2882730960845947, param_norm=1665.5604248046875
Step 3286: grad_norm=6.981369972229004, loss=2.694812774658203, param_norm=1665.5604248046875
Step 3287: grad_norm=6.934942722320557, loss=2.7160189151763916, param_norm=1665.5604248046875
Step 3288: grad_norm=7.5128607749938965, loss=2.7591025829315186, param_norm=1665.560546875
Step 3289: grad_norm=9.948564529418945, loss=2.599897861480713, param_norm=1665.560546875
Step 3290: grad_norm=5.314184188842773, loss=2.4209578037261963, param_norm=1665.560546875
Step 3291: grad_norm=9.083114624023438, loss=2.4950385093688965, param_norm=1665.560546875
Step 3292: grad_norm=7.9749369621276855, loss=2.5201730728149414, param_norm=1665.560546875
Step 3293: grad_norm=6.278449058532715, loss=2.6433777809143066, param_norm=1665.560546875
Step 3294: grad_norm=4.695492744445801, loss=2.552455425262451, param_norm=1665.560546875
Step 3295: grad_norm=8.195052146911621, loss=2.90873384475708, param_norm=1665.560546875
Step 3296: grad_norm=5.848186016082764, loss=2.5751614570617676, param_norm=1665.560546875
Step 3297: grad_norm=7.059633731842041, loss=2.770319938659668, param_norm=1665.560546875
Step 3298: grad_norm=5.659574031829834, loss=2.8120245933532715, param_norm=1665.560546875
Step 3299: grad_norm=5.117961406707764, loss=2.671776294708252, param_norm=1665.560546875
Step 3300: grad_norm=7.125522613525391, loss=2.544694185256958, param_norm=1665.560546875
Step 3301: grad_norm=5.733592510223389, loss=2.5388174057006836, param_norm=1665.5606689453125
Step 3302: grad_norm=9.6149263381958, loss=2.6504740715026855, param_norm=1665.5606689453125
Step 3303: grad_norm=6.406370639801025, loss=2.652416706085205, param_norm=1665.5606689453125
Step 3304: grad_norm=4.653797149658203, loss=2.8727636337280273, param_norm=1665.5606689453125
Step 3305: grad_norm=6.585582733154297, loss=2.5438544750213623, param_norm=1665.5606689453125
Step 3306: grad_norm=9.573062896728516, loss=2.79691743850708, param_norm=1665.5606689453125
Step 3307: grad_norm=5.41902494430542, loss=2.8825039863586426, param_norm=1665.5606689453125
Step 3308: grad_norm=4.8668904304504395, loss=2.6580352783203125, param_norm=1665.5606689453125
Step 3309: grad_norm=4.696589946746826, loss=3.000491142272949, param_norm=1665.5606689453125
Step 3310: grad_norm=4.766482830047607, loss=2.7809481620788574, param_norm=1665.5606689453125
Step 3311: grad_norm=4.802351474761963, loss=2.586111068725586, param_norm=1665.5606689453125
Step 3312: grad_norm=4.871761322021484, loss=2.776520013809204, param_norm=1665.5606689453125
Step 3313: grad_norm=5.280734062194824, loss=3.0049028396606445, param_norm=1665.5606689453125
Step 3314: grad_norm=5.403862476348877, loss=2.6967873573303223, param_norm=1665.5606689453125
Step 3315: grad_norm=6.130500316619873, loss=2.70749568939209, param_norm=1665.5606689453125
Step 3316: grad_norm=4.847649574279785, loss=2.9544782638549805, param_norm=1665.5606689453125
Step 3317: grad_norm=4.486597061157227, loss=2.7053797245025635, param_norm=1665.5606689453125
Step 3318: grad_norm=8.337175369262695, loss=2.7377140522003174, param_norm=1665.5606689453125
Step 3319: grad_norm=4.5394439697265625, loss=2.6456239223480225, param_norm=1665.5606689453125
Step 3320: grad_norm=4.6460280418396, loss=2.497023105621338, param_norm=1665.5606689453125
Step 3321: grad_norm=4.290491580963135, loss=2.6125621795654297, param_norm=1665.5606689453125
Step 3322: grad_norm=4.9532976150512695, loss=2.5618643760681152, param_norm=1665.5606689453125
Step 3323: grad_norm=4.784472942352295, loss=2.6920642852783203, param_norm=1665.5606689453125
Step 3324: grad_norm=7.986696243286133, loss=2.9536614418029785, param_norm=1665.5606689453125
Step 3325: grad_norm=4.7851104736328125, loss=2.755131244659424, param_norm=1665.5606689453125
Step 3326: grad_norm=9.873699188232422, loss=2.6401922702789307, param_norm=1665.560791015625
Step 3327: grad_norm=8.276741981506348, loss=2.883423328399658, param_norm=1665.560791015625
Step 3328: grad_norm=4.962427139282227, loss=2.7247939109802246, param_norm=1665.560791015625
Step 3329: grad_norm=5.981037139892578, loss=2.597108840942383, param_norm=1665.560791015625
Step 3330: grad_norm=5.473221778869629, loss=2.776459217071533, param_norm=1665.560791015625
Step 3331: grad_norm=5.013935089111328, loss=2.5636329650878906, param_norm=1665.560791015625
Step 3332: grad_norm=4.809526443481445, loss=2.4806954860687256, param_norm=1665.560791015625
Step 3333: grad_norm=6.844404697418213, loss=2.5541584491729736, param_norm=1665.560791015625
Step 3334: grad_norm=4.546849727630615, loss=2.713505506515503, param_norm=1665.560791015625
Step 3335: grad_norm=4.790823936462402, loss=2.8343751430511475, param_norm=1665.560791015625
Step 3336: grad_norm=6.234450340270996, loss=2.4769341945648193, param_norm=1665.560791015625
Step 3337: grad_norm=5.655736923217773, loss=2.650092124938965, param_norm=1665.560791015625
Step 3338: grad_norm=5.12343692779541, loss=2.75716495513916, param_norm=1665.560791015625
Step 3339: grad_norm=5.666950702667236, loss=2.6135597229003906, param_norm=1665.560791015625
Step 3340: grad_norm=5.900925636291504, loss=2.8993303775787354, param_norm=1665.560791015625
Step 3341: grad_norm=8.359390258789062, loss=2.622622489929199, param_norm=1665.560791015625
Step 3342: grad_norm=7.598358154296875, loss=2.684363842010498, param_norm=1665.560791015625
Step 3343: grad_norm=5.663551330566406, loss=2.7926993370056152, param_norm=1665.560791015625
Step 3344: grad_norm=4.805403232574463, loss=2.658451557159424, param_norm=1665.560791015625
Step 3345: grad_norm=4.953027248382568, loss=2.6529698371887207, param_norm=1665.5609130859375
Step 3346: grad_norm=10.117175102233887, loss=2.610546588897705, param_norm=1665.5609130859375
Step 3347: grad_norm=5.009577751159668, loss=2.591805934906006, param_norm=1665.5609130859375
Step 3348: grad_norm=4.567849159240723, loss=2.547088861465454, param_norm=1665.5609130859375
Step 3349: grad_norm=5.756495952606201, loss=2.729252338409424, param_norm=1665.5609130859375
Step 3350: grad_norm=6.798561096191406, loss=2.6668686866760254, param_norm=1665.5609130859375
Step 3351: grad_norm=4.708313941955566, loss=2.792029857635498, param_norm=1665.5609130859375
Step 3352: grad_norm=5.431436061859131, loss=2.631990909576416, param_norm=1665.5609130859375
Step 3353: grad_norm=4.5121355056762695, loss=2.5684289932250977, param_norm=1665.5609130859375
Step 3354: grad_norm=4.949466705322266, loss=2.534327507019043, param_norm=1665.5609130859375
Step 3355: grad_norm=4.60075044631958, loss=2.632744789123535, param_norm=1665.5609130859375
Step 3356: grad_norm=7.41310977935791, loss=2.850288152694702, param_norm=1665.5609130859375
Step 3357: grad_norm=4.658387184143066, loss=2.6560301780700684, param_norm=1665.5609130859375
Step 3358: grad_norm=5.759513854980469, loss=2.492748737335205, param_norm=1665.5609130859375
Step 3359: grad_norm=4.462935447692871, loss=2.633413553237915, param_norm=1665.56103515625
Step 3360: grad_norm=5.366297245025635, loss=2.80411696434021, param_norm=1665.56103515625
Step 3361: grad_norm=4.502508163452148, loss=2.7071614265441895, param_norm=1665.56103515625
Step 3362: grad_norm=5.083186626434326, loss=2.7930805683135986, param_norm=1665.56103515625
Step 3363: grad_norm=4.40245246887207, loss=2.7591629028320312, param_norm=1665.56103515625
Step 3364: grad_norm=5.1015214920043945, loss=2.5062432289123535, param_norm=1665.56103515625
Step 3365: grad_norm=5.708912372589111, loss=2.6201181411743164, param_norm=1665.56103515625
Step 3366: grad_norm=8.006179809570312, loss=2.7028019428253174, param_norm=1665.56103515625
Step 3367: grad_norm=7.430433750152588, loss=2.62296199798584, param_norm=1665.56103515625
Step 3368: grad_norm=5.0713677406311035, loss=2.662468433380127, param_norm=1665.56103515625
Step 3369: grad_norm=10.161343574523926, loss=2.5708794593811035, param_norm=1665.56103515625
Step 3370: grad_norm=7.243638038635254, loss=2.6243772506713867, param_norm=1665.56103515625
Step 3371: grad_norm=5.324991226196289, loss=2.5298140048980713, param_norm=1665.56103515625
Step 3372: grad_norm=5.096081733703613, loss=2.686385154724121, param_norm=1665.56103515625
Step 3373: grad_norm=4.499101161956787, loss=2.6927385330200195, param_norm=1665.56103515625
Step 3374: grad_norm=4.763866901397705, loss=2.911036491394043, param_norm=1665.56103515625
Step 3375: grad_norm=11.138671875, loss=2.928548574447632, param_norm=1665.56103515625
Step 3376: grad_norm=9.148994445800781, loss=2.513927698135376, param_norm=1665.56103515625
Step 3377: grad_norm=6.67429780960083, loss=2.7020421028137207, param_norm=1665.56103515625
Step 3378: grad_norm=4.607176303863525, loss=2.837782859802246, param_norm=1665.56103515625
Step 3379: grad_norm=6.846933364868164, loss=2.930630683898926, param_norm=1665.56103515625
Step 3380: grad_norm=4.889237880706787, loss=2.465853214263916, param_norm=1665.5611572265625
Step 3381: grad_norm=4.628310680389404, loss=2.546886444091797, param_norm=1665.5611572265625
Step 3382: grad_norm=8.467109680175781, loss=2.5543594360351562, param_norm=1665.5611572265625
Step 3383: grad_norm=7.711830139160156, loss=2.7214713096618652, param_norm=1665.5611572265625
Step 3384: grad_norm=5.400633811950684, loss=3.0526089668273926, param_norm=1665.5611572265625
Step 3385: grad_norm=5.094473361968994, loss=2.6722311973571777, param_norm=1665.5611572265625
Step 3386: grad_norm=5.7885236740112305, loss=2.696125030517578, param_norm=1665.5611572265625
Step 3387: grad_norm=4.72411584854126, loss=2.8046624660491943, param_norm=1665.5611572265625
Step 3388: grad_norm=7.365296840667725, loss=2.5016725063323975, param_norm=1665.5611572265625
Step 3389: grad_norm=4.70597505569458, loss=2.5459070205688477, param_norm=1665.5611572265625
Step 3390: grad_norm=4.818778038024902, loss=2.6088755130767822, param_norm=1665.5611572265625
Step 3391: grad_norm=4.8492584228515625, loss=2.6595616340637207, param_norm=1665.5611572265625
Step 3392: grad_norm=8.321823120117188, loss=2.6619668006896973, param_norm=1665.5611572265625
Step 3393: grad_norm=5.528820037841797, loss=2.5971667766571045, param_norm=1665.5611572265625
Step 3394: grad_norm=5.354817867279053, loss=2.4404144287109375, param_norm=1665.5611572265625
Step 3395: grad_norm=7.3026323318481445, loss=2.582932233810425, param_norm=1665.5611572265625
Step 3396: grad_norm=8.400784492492676, loss=2.6200146675109863, param_norm=1665.561279296875
Step 3397: grad_norm=6.520022392272949, loss=2.819554567337036, param_norm=1665.561279296875
Step 3398: grad_norm=4.6384663581848145, loss=2.827042579650879, param_norm=1665.561279296875
Step 3399: grad_norm=5.826949119567871, loss=2.6593127250671387, param_norm=1665.561279296875
Step 3400: grad_norm=5.55330228805542, loss=2.5819954872131348, param_norm=1665.561279296875
Step 3401: grad_norm=4.713089942932129, loss=2.801100730895996, param_norm=1665.561279296875
Step 3402: grad_norm=4.433352470397949, loss=2.324071168899536, param_norm=1665.561279296875
Step 3403: grad_norm=4.816656589508057, loss=2.9184045791625977, param_norm=1665.561279296875
Step 3404: grad_norm=6.414886474609375, loss=2.5815367698669434, param_norm=1665.561279296875
Step 3405: grad_norm=7.554296493530273, loss=2.9087865352630615, param_norm=1665.561279296875
Step 3406: grad_norm=9.845582008361816, loss=2.699305534362793, param_norm=1665.561279296875
Step 3407: grad_norm=4.5689849853515625, loss=2.910717248916626, param_norm=1665.561279296875
Step 3408: grad_norm=4.771188259124756, loss=2.5347418785095215, param_norm=1665.561279296875
Step 3409: grad_norm=6.991973876953125, loss=2.840726852416992, param_norm=1665.561279296875
Step 3410: grad_norm=5.776663303375244, loss=2.6102817058563232, param_norm=1665.561279296875
Step 3411: grad_norm=4.657019138336182, loss=2.667501926422119, param_norm=1665.561279296875
Step 3412: grad_norm=4.765229225158691, loss=2.616283416748047, param_norm=1665.5614013671875
Step 3413: grad_norm=4.410244941711426, loss=2.781493663787842, param_norm=1665.5614013671875
Step 3414: grad_norm=9.13931941986084, loss=2.8740601539611816, param_norm=1665.5614013671875
Step 3415: grad_norm=9.424635887145996, loss=2.763556480407715, param_norm=1665.5614013671875
Step 3416: grad_norm=9.56270980834961, loss=2.7710824012756348, param_norm=1665.5614013671875
Step 3417: grad_norm=5.155503273010254, loss=2.6289358139038086, param_norm=1665.5614013671875
Step 3418: grad_norm=8.000931739807129, loss=2.8168559074401855, param_norm=1665.5614013671875
Step 3419: grad_norm=4.70776891708374, loss=2.6019325256347656, param_norm=1665.5614013671875
Step 3420: grad_norm=4.84789514541626, loss=2.855903148651123, param_norm=1665.5614013671875
Step 3421: grad_norm=6.139039039611816, loss=2.7026162147521973, param_norm=1665.5614013671875
Step 3422: grad_norm=7.392328262329102, loss=2.5657730102539062, param_norm=1665.5614013671875
Step 3423: grad_norm=4.899512767791748, loss=2.788240432739258, param_norm=1665.5614013671875
Step 3424: grad_norm=4.546953201293945, loss=2.5937535762786865, param_norm=1665.5614013671875
Step 3425: grad_norm=8.557318687438965, loss=2.405705213546753, param_norm=1665.5614013671875
Step 3426: grad_norm=5.31145715713501, loss=2.9162745475769043, param_norm=1665.5614013671875
Step 3427: grad_norm=4.583230972290039, loss=2.650588035583496, param_norm=1665.5614013671875
Step 3428: grad_norm=4.863903999328613, loss=2.575381278991699, param_norm=1665.5614013671875
Step 3429: grad_norm=5.794088840484619, loss=2.720520496368408, param_norm=1665.5614013671875
Step 3430: grad_norm=5.329525947570801, loss=2.648319959640503, param_norm=1665.5614013671875
Step 3431: grad_norm=5.452106475830078, loss=2.778602123260498, param_norm=1665.5614013671875
Step 3432: grad_norm=4.565025806427002, loss=2.7528388500213623, param_norm=1665.5614013671875
Step 3433: grad_norm=4.576937675476074, loss=2.8307857513427734, param_norm=1665.5614013671875
Step 3434: grad_norm=6.219411849975586, loss=2.7185215950012207, param_norm=1665.5615234375
Step 3435: grad_norm=6.362133502960205, loss=2.786515712738037, param_norm=1665.5614013671875
Step 3436: grad_norm=5.668505668640137, loss=2.7955515384674072, param_norm=1665.5615234375
Step 3437: grad_norm=5.064670085906982, loss=2.940843105316162, param_norm=1665.5616455078125
Step 3438: grad_norm=4.944240570068359, loss=2.7498559951782227, param_norm=1665.5616455078125
Step 3439: grad_norm=7.678802967071533, loss=2.6089353561401367, param_norm=1665.5616455078125
Step 3440: grad_norm=4.739782333374023, loss=2.5503251552581787, param_norm=1665.5616455078125
Step 3441: grad_norm=5.37565279006958, loss=2.704432487487793, param_norm=1665.5616455078125
Step 3442: grad_norm=5.081269264221191, loss=2.581611394882202, param_norm=1665.5616455078125
Step 3443: grad_norm=4.400230884552002, loss=2.7128918170928955, param_norm=1665.5616455078125
Step 3444: grad_norm=6.805643558502197, loss=2.6490225791931152, param_norm=1665.5616455078125
Step 3445: grad_norm=12.820396423339844, loss=2.4360463619232178, param_norm=1665.5616455078125
Step 3446: grad_norm=4.414790630340576, loss=2.550419330596924, param_norm=1665.5616455078125
Step 3447: grad_norm=6.068376541137695, loss=2.694488286972046, param_norm=1665.5616455078125
Step 3448: grad_norm=4.765294075012207, loss=2.7926363945007324, param_norm=1665.5616455078125
Step 3449: grad_norm=9.93567943572998, loss=2.862551212310791, param_norm=1665.5616455078125
Step 3450: grad_norm=4.980881690979004, loss=2.6295628547668457, param_norm=1665.5616455078125
Step 3451: grad_norm=13.038482666015625, loss=2.3381004333496094, param_norm=1665.5616455078125
Step 3452: grad_norm=5.184567928314209, loss=2.519291400909424, param_norm=1665.561767578125
Step 3453: grad_norm=5.08120584487915, loss=2.6853957176208496, param_norm=1665.561767578125
Step 3454: grad_norm=6.711699962615967, loss=2.457181453704834, param_norm=1665.561767578125
Step 3455: grad_norm=5.85002326965332, loss=2.7722787857055664, param_norm=1665.561767578125
Step 3456: grad_norm=7.925518035888672, loss=2.7208170890808105, param_norm=1665.561767578125
Step 3457: grad_norm=11.394023895263672, loss=2.631345272064209, param_norm=1665.561767578125
Step 3458: grad_norm=5.511122703552246, loss=2.536529064178467, param_norm=1665.561767578125
Step 3459: grad_norm=7.298849105834961, loss=2.810842990875244, param_norm=1665.561767578125
Step 3460: grad_norm=5.429843902587891, loss=2.6005659103393555, param_norm=1665.561767578125
Step 3461: grad_norm=8.203229904174805, loss=2.8288328647613525, param_norm=1665.561767578125
Step 3462: grad_norm=7.181090831756592, loss=2.5436158180236816, param_norm=1665.561767578125
Step 3463: grad_norm=4.520790100097656, loss=2.5636658668518066, param_norm=1665.561767578125
Step 3464: grad_norm=5.410966873168945, loss=2.476515531539917, param_norm=1665.561767578125
Step 3465: grad_norm=7.66642951965332, loss=2.686199903488159, param_norm=1665.561767578125
Step 3466: grad_norm=4.918158531188965, loss=2.846616268157959, param_norm=1665.561767578125
Step 3467: grad_norm=5.0671868324279785, loss=2.5947537422180176, param_norm=1665.5618896484375
Step 3468: grad_norm=6.348782062530518, loss=2.6753554344177246, param_norm=1665.5618896484375
Step 3469: grad_norm=4.44874382019043, loss=2.97029972076416, param_norm=1665.5618896484375
Step 3470: grad_norm=4.95747709274292, loss=2.4265809059143066, param_norm=1665.5618896484375
Step 3471: grad_norm=5.700329780578613, loss=2.635575294494629, param_norm=1665.5618896484375
Step 3472: grad_norm=6.6491289138793945, loss=2.578901767730713, param_norm=1665.5618896484375
Step 3473: grad_norm=7.504301071166992, loss=2.5195436477661133, param_norm=1665.5618896484375
Step 3474: grad_norm=5.1243181228637695, loss=2.6983442306518555, param_norm=1665.5618896484375
Step 3475: grad_norm=7.747287750244141, loss=2.5043258666992188, param_norm=1665.5618896484375
Step 3476: grad_norm=8.1182222366333, loss=2.7373149394989014, param_norm=1665.5618896484375
Step 3477: grad_norm=5.081262111663818, loss=2.8230724334716797, param_norm=1665.5618896484375
Step 3478: grad_norm=5.8903045654296875, loss=2.4871392250061035, param_norm=1665.5618896484375
Step 3479: grad_norm=4.453420162200928, loss=2.537792682647705, param_norm=1665.5618896484375
Step 3480: grad_norm=6.272974014282227, loss=2.984158515930176, param_norm=1665.5618896484375
Step 3481: grad_norm=7.951618671417236, loss=2.5722899436950684, param_norm=1665.5618896484375
Step 3482: grad_norm=4.913225173950195, loss=2.521263837814331, param_norm=1665.5618896484375
Step 3483: grad_norm=8.522918701171875, loss=2.582392930984497, param_norm=1665.5618896484375
Step 3484: grad_norm=6.6743083000183105, loss=2.527432918548584, param_norm=1665.5618896484375
Step 3485: grad_norm=5.2601318359375, loss=2.671022415161133, param_norm=1665.56201171875
Step 3486: grad_norm=4.94704532623291, loss=2.543630599975586, param_norm=1665.56201171875
Step 3487: grad_norm=5.7394514083862305, loss=2.75518536567688, param_norm=1665.56201171875
Step 3488: grad_norm=9.384710311889648, loss=2.643152952194214, param_norm=1665.56201171875
Step 3489: grad_norm=5.053729057312012, loss=2.7156825065612793, param_norm=1665.56201171875
Step 3490: grad_norm=6.009077548980713, loss=2.84309983253479, param_norm=1665.56201171875
Step 3491: grad_norm=6.9672532081604, loss=2.6303062438964844, param_norm=1665.56201171875
Step 3492: grad_norm=5.084565162658691, loss=2.7121429443359375, param_norm=1665.56201171875
Step 3493: grad_norm=5.242272853851318, loss=2.6215174198150635, param_norm=1665.56201171875
Step 3494: grad_norm=4.465527057647705, loss=2.7182579040527344, param_norm=1665.56201171875
Step 3495: grad_norm=4.601193904876709, loss=2.7196924686431885, param_norm=1665.56201171875
Step 3496: grad_norm=4.951382637023926, loss=2.562030792236328, param_norm=1665.56201171875
Step 3497: grad_norm=5.2135009765625, loss=2.7551162242889404, param_norm=1665.56201171875
Step 3498: grad_norm=5.035719394683838, loss=2.356576442718506, param_norm=1665.56201171875
Step 3499: grad_norm=7.638799667358398, loss=2.721073627471924, param_norm=1665.56201171875
Step 3500: grad_norm=9.188374519348145, loss=2.8779971599578857, param_norm=1665.56201171875
Step 3501: grad_norm=5.914966106414795, loss=2.507988452911377, param_norm=1665.56201171875
Step 3502: grad_norm=5.557575702667236, loss=2.661647319793701, param_norm=1665.56201171875
Step 3503: grad_norm=5.667208194732666, loss=2.606172800064087, param_norm=1665.56201171875
Step 3504: grad_norm=6.092496871948242, loss=2.7101006507873535, param_norm=1665.56201171875
Step 3505: grad_norm=4.773972988128662, loss=2.600612163543701, param_norm=1665.56201171875
Step 3506: grad_norm=6.370945930480957, loss=2.6457314491271973, param_norm=1665.56201171875
Step 3507: grad_norm=5.345823764801025, loss=2.6815106868743896, param_norm=1665.56201171875
Step 3508: grad_norm=5.725013732910156, loss=2.6387290954589844, param_norm=1665.5621337890625
Step 3509: grad_norm=6.605936050415039, loss=2.698897361755371, param_norm=1665.5621337890625
Step 3510: grad_norm=5.95700740814209, loss=2.7724852561950684, param_norm=1665.5621337890625
Step 3511: grad_norm=4.880422115325928, loss=2.680121898651123, param_norm=1665.5621337890625
Step 3512: grad_norm=11.309110641479492, loss=2.717531204223633, param_norm=1665.5621337890625
Step 3513: grad_norm=8.045116424560547, loss=2.6720480918884277, param_norm=1665.562255859375
Step 3514: grad_norm=7.207819938659668, loss=2.7504312992095947, param_norm=1665.5621337890625
Step 3515: grad_norm=4.586690425872803, loss=2.6012065410614014, param_norm=1665.562255859375
Step 3516: grad_norm=6.344303607940674, loss=2.765133857727051, param_norm=1665.562255859375
Step 3517: grad_norm=8.518084526062012, loss=2.4298195838928223, param_norm=1665.562255859375
Step 3518: grad_norm=6.293370723724365, loss=2.7273824214935303, param_norm=1665.562255859375
Step 3519: grad_norm=7.3830060958862305, loss=2.575040578842163, param_norm=1665.562255859375
Step 3520: grad_norm=6.142056941986084, loss=2.995161533355713, param_norm=1665.562255859375
Step 3521: grad_norm=5.8690409660339355, loss=2.5608081817626953, param_norm=1665.562255859375
Step 3522: grad_norm=5.096596717834473, loss=2.827457904815674, param_norm=1665.562255859375
Step 3523: grad_norm=4.874420642852783, loss=2.5041990280151367, param_norm=1665.562255859375
Step 3524: grad_norm=8.178356170654297, loss=2.4941914081573486, param_norm=1665.562255859375
Step 3525: grad_norm=10.053174018859863, loss=2.6830153465270996, param_norm=1665.562255859375
Step 3526: grad_norm=4.745498180389404, loss=2.658005475997925, param_norm=1665.562255859375
Step 3527: grad_norm=6.3955488204956055, loss=2.72859525680542, param_norm=1665.562255859375
Step 3528: grad_norm=5.208777904510498, loss=2.771043062210083, param_norm=1665.562255859375
Step 3529: grad_norm=4.999076843261719, loss=2.486255645751953, param_norm=1665.562255859375
Step 3530: grad_norm=4.871307849884033, loss=2.7614283561706543, param_norm=1665.562255859375
Step 3531: grad_norm=6.169971942901611, loss=2.6115779876708984, param_norm=1665.5623779296875
Step 3532: grad_norm=4.6337056159973145, loss=2.5909371376037598, param_norm=1665.562255859375
Step 3533: grad_norm=5.192107200622559, loss=2.352715015411377, param_norm=1665.562255859375
Step 3534: grad_norm=4.334609508514404, loss=2.6769661903381348, param_norm=1665.562255859375
Step 3535: grad_norm=7.145290851593018, loss=2.864367961883545, param_norm=1665.562255859375
Step 3536: grad_norm=6.14276123046875, loss=2.548203945159912, param_norm=1665.562255859375
Step 3537: grad_norm=6.6689252853393555, loss=2.643399715423584, param_norm=1665.562255859375
Step 3538: grad_norm=8.332884788513184, loss=2.8576645851135254, param_norm=1665.562255859375
Step 3539: grad_norm=4.545825481414795, loss=2.692873954772949, param_norm=1665.5623779296875
Step 3540: grad_norm=5.750312805175781, loss=2.5001020431518555, param_norm=1665.562255859375
Step 3541: grad_norm=6.132486820220947, loss=2.591515302658081, param_norm=1665.562255859375
Step 3542: grad_norm=5.169033050537109, loss=2.8524203300476074, param_norm=1665.562255859375
Step 3543: grad_norm=9.262616157531738, loss=2.59385347366333, param_norm=1665.5623779296875
Step 3544: grad_norm=4.622158527374268, loss=2.548410415649414, param_norm=1665.5623779296875
Step 3545: grad_norm=6.408295154571533, loss=2.6508798599243164, param_norm=1665.5623779296875
Step 3546: grad_norm=8.558576583862305, loss=2.737550735473633, param_norm=1665.5623779296875
Step 3547: grad_norm=7.257320880889893, loss=3.010509490966797, param_norm=1665.5623779296875
Step 3548: grad_norm=6.4866743087768555, loss=2.6394107341766357, param_norm=1665.5623779296875
Step 3549: grad_norm=9.03818130493164, loss=2.663229465484619, param_norm=1665.5623779296875
Step 3550: grad_norm=9.375292778015137, loss=2.8214290142059326, param_norm=1665.5623779296875
Step 3551: grad_norm=8.890597343444824, loss=2.586428165435791, param_norm=1665.5623779296875
Step 3552: grad_norm=6.1668195724487305, loss=2.7965433597564697, param_norm=1665.5623779296875
Step 3553: grad_norm=11.584986686706543, loss=2.7497081756591797, param_norm=1665.5623779296875
Step 3554: grad_norm=4.570559978485107, loss=2.6400249004364014, param_norm=1665.5623779296875
Step 3555: grad_norm=10.127704620361328, loss=2.6649539470672607, param_norm=1665.5623779296875
Step 3556: grad_norm=7.119876384735107, loss=2.5544824600219727, param_norm=1665.5623779296875
Step 3557: grad_norm=7.3401689529418945, loss=2.5763211250305176, param_norm=1665.5623779296875
Step 3558: grad_norm=4.365062236785889, loss=2.530796527862549, param_norm=1665.5623779296875
Step 3559: grad_norm=8.25253677368164, loss=2.7388052940368652, param_norm=1665.5625
Step 3560: grad_norm=5.554046630859375, loss=2.7381739616394043, param_norm=1665.5625
Step 3561: grad_norm=4.468836784362793, loss=2.7095084190368652, param_norm=1665.5625
Step 3562: grad_norm=13.295434951782227, loss=2.6419501304626465, param_norm=1665.5625
Step 3563: grad_norm=6.56194543838501, loss=2.6529412269592285, param_norm=1665.5625
Step 3564: grad_norm=5.447752475738525, loss=2.6561965942382812, param_norm=1665.5625
Step 3565: grad_norm=5.975109100341797, loss=2.6170549392700195, param_norm=1665.5625
Step 3566: grad_norm=8.361953735351562, loss=2.615933895111084, param_norm=1665.5625
Step 3567: grad_norm=4.50255823135376, loss=2.8078794479370117, param_norm=1665.5625
Step 3568: grad_norm=7.339956760406494, loss=2.8149948120117188, param_norm=1665.5625
Step 3569: grad_norm=8.937713623046875, loss=2.8007335662841797, param_norm=1665.5626220703125
Step 3570: grad_norm=4.841572284698486, loss=2.8361077308654785, param_norm=1665.5626220703125
Step 3571: grad_norm=4.686743259429932, loss=2.5476412773132324, param_norm=1665.5626220703125
Step 3572: grad_norm=9.424968719482422, loss=2.8124759197235107, param_norm=1665.5626220703125
Step 3573: grad_norm=5.0388712882995605, loss=2.7758474349975586, param_norm=1665.5626220703125
Step 3574: grad_norm=4.453834533691406, loss=2.679521322250366, param_norm=1665.5626220703125
Step 3575: grad_norm=7.331578254699707, loss=2.495635509490967, param_norm=1665.5626220703125
Step 3576: grad_norm=5.019136428833008, loss=2.8773086071014404, param_norm=1665.5626220703125
Step 3577: grad_norm=5.75339937210083, loss=2.6610236167907715, param_norm=1665.5626220703125
Step 3578: grad_norm=4.935568332672119, loss=2.639495849609375, param_norm=1665.5626220703125
Step 3579: grad_norm=5.562124252319336, loss=2.775358200073242, param_norm=1665.5626220703125
Step 3580: grad_norm=8.792346000671387, loss=2.4328746795654297, param_norm=1665.5626220703125
Step 3581: grad_norm=4.3615264892578125, loss=2.675881862640381, param_norm=1665.5626220703125
Step 3582: grad_norm=5.296508312225342, loss=2.6878628730773926, param_norm=1665.5626220703125
Step 3583: grad_norm=5.936305046081543, loss=2.504876136779785, param_norm=1665.5626220703125
Step 3584: grad_norm=5.468573570251465, loss=2.801621198654175, param_norm=1665.5626220703125
Step 3585: grad_norm=5.859006881713867, loss=2.613506555557251, param_norm=1665.5626220703125
Step 3586: grad_norm=6.182640552520752, loss=2.5847322940826416, param_norm=1665.5626220703125
Step 3587: grad_norm=4.436252593994141, loss=2.7614474296569824, param_norm=1665.5626220703125
Step 3588: grad_norm=4.837677001953125, loss=2.571171283721924, param_norm=1665.5626220703125
Step 3589: grad_norm=4.91178560256958, loss=2.610980987548828, param_norm=1665.5626220703125
Step 3590: grad_norm=4.800478458404541, loss=2.698424816131592, param_norm=1665.562744140625
Step 3591: grad_norm=4.827478885650635, loss=2.420367479324341, param_norm=1665.562744140625
Step 3592: grad_norm=5.68931245803833, loss=2.6478891372680664, param_norm=1665.562744140625
Step 3593: grad_norm=5.672061920166016, loss=2.6339287757873535, param_norm=1665.562744140625
Step 3594: grad_norm=6.765590190887451, loss=2.6800267696380615, param_norm=1665.562744140625
Step 3595: grad_norm=4.578691005706787, loss=2.338665246963501, param_norm=1665.562744140625
Step 3596: grad_norm=14.47506332397461, loss=2.7611536979675293, param_norm=1665.562744140625
Step 3597: grad_norm=4.436842441558838, loss=2.864314079284668, param_norm=1665.562744140625
Step 3598: grad_norm=8.567654609680176, loss=2.7635655403137207, param_norm=1665.562744140625
Step 3599: grad_norm=7.708160877227783, loss=2.687321901321411, param_norm=1665.562744140625
Step 3600: grad_norm=10.55113697052002, loss=2.68674373626709, param_norm=1665.5628662109375
Step 3601: grad_norm=4.951430797576904, loss=2.7152812480926514, param_norm=1665.5628662109375
Step 3602: grad_norm=4.611518859863281, loss=2.5718655586242676, param_norm=1665.5628662109375
Step 3603: grad_norm=7.0315399169921875, loss=2.6091320514678955, param_norm=1665.5628662109375
Step 3604: grad_norm=5.120637893676758, loss=2.868666887283325, param_norm=1665.56298828125
Step 3605: grad_norm=6.537260055541992, loss=2.5258829593658447, param_norm=1665.5628662109375
Step 3606: grad_norm=5.469639778137207, loss=2.664642572402954, param_norm=1665.5628662109375
Step 3607: grad_norm=5.866066932678223, loss=2.6109836101531982, param_norm=1665.5628662109375
Step 3608: grad_norm=11.061054229736328, loss=2.3670058250427246, param_norm=1665.56298828125
Step 3609: grad_norm=10.635734558105469, loss=2.526367425918579, param_norm=1665.5628662109375
Step 3610: grad_norm=6.440472602844238, loss=2.7560513019561768, param_norm=1665.56298828125
Step 3611: grad_norm=11.689937591552734, loss=2.4437925815582275, param_norm=1665.56298828125
Step 3612: grad_norm=6.8200178146362305, loss=2.7942614555358887, param_norm=1665.56298828125
Step 3613: grad_norm=9.366901397705078, loss=2.6900410652160645, param_norm=1665.56298828125
Step 3614: grad_norm=7.2614426612854, loss=2.5526580810546875, param_norm=1665.56298828125
Step 3615: grad_norm=5.397921085357666, loss=2.7037453651428223, param_norm=1665.56298828125
Step 3616: grad_norm=4.709584712982178, loss=2.562577247619629, param_norm=1665.56298828125
Step 3617: grad_norm=5.250650405883789, loss=2.6885969638824463, param_norm=1665.56298828125
Step 3618: grad_norm=10.410331726074219, loss=2.5874218940734863, param_norm=1665.56298828125
Step 3619: grad_norm=6.118519306182861, loss=2.637910842895508, param_norm=1665.56298828125
Step 3620: grad_norm=6.132033824920654, loss=2.9264001846313477, param_norm=1665.56298828125
Step 3621: grad_norm=5.352853775024414, loss=2.7826616764068604, param_norm=1665.56298828125
Step 3622: grad_norm=5.319467544555664, loss=2.7773818969726562, param_norm=1665.56298828125
Step 3623: grad_norm=4.866127014160156, loss=2.667527914047241, param_norm=1665.56298828125
Step 3624: grad_norm=6.35540771484375, loss=2.782684803009033, param_norm=1665.56298828125
Step 3625: grad_norm=10.134403228759766, loss=2.725522518157959, param_norm=1665.56298828125
Step 3626: grad_norm=5.316995143890381, loss=2.627688407897949, param_norm=1665.56298828125
Step 3627: grad_norm=8.13158130645752, loss=2.6069915294647217, param_norm=1665.56298828125
Step 3628: grad_norm=4.940901756286621, loss=2.5999231338500977, param_norm=1665.5631103515625
Step 3629: grad_norm=5.429121494293213, loss=2.723008871078491, param_norm=1665.5631103515625
Step 3630: grad_norm=7.262740612030029, loss=2.8465969562530518, param_norm=1665.5631103515625
Step 3631: grad_norm=5.585238933563232, loss=2.506122589111328, param_norm=1665.5631103515625
Step 3632: grad_norm=4.902751445770264, loss=2.8969154357910156, param_norm=1665.5631103515625
Step 3633: grad_norm=6.040385723114014, loss=2.862910032272339, param_norm=1665.5631103515625
Step 3634: grad_norm=4.732485771179199, loss=2.5707883834838867, param_norm=1665.5631103515625
Step 3635: grad_norm=5.029040336608887, loss=2.7037596702575684, param_norm=1665.5631103515625
Step 3636: grad_norm=8.24796199798584, loss=2.8929991722106934, param_norm=1665.5631103515625
Step 3637: grad_norm=5.435939788818359, loss=2.5549979209899902, param_norm=1665.5631103515625
Step 3638: grad_norm=6.530928134918213, loss=2.708611488342285, param_norm=1665.5631103515625
Step 3639: grad_norm=6.989522457122803, loss=2.6584770679473877, param_norm=1665.5631103515625
Step 3640: grad_norm=4.998098850250244, loss=2.8040413856506348, param_norm=1665.5631103515625
Step 3641: grad_norm=9.532174110412598, loss=2.5919528007507324, param_norm=1665.56298828125
Step 3642: grad_norm=5.12438440322876, loss=2.5027060508728027, param_norm=1665.5631103515625
Step 3643: grad_norm=11.28177261352539, loss=2.6439993381500244, param_norm=1665.5631103515625
Step 3644: grad_norm=4.369104385375977, loss=2.572266101837158, param_norm=1665.5631103515625
Step 3645: grad_norm=6.065662384033203, loss=2.7144904136657715, param_norm=1665.5631103515625
Step 3646: grad_norm=4.544546127319336, loss=2.589688777923584, param_norm=1665.5631103515625
Step 3647: grad_norm=4.649765968322754, loss=2.6365113258361816, param_norm=1665.5631103515625
Step 3648: grad_norm=8.202483177185059, loss=2.4541234970092773, param_norm=1665.5631103515625
Step 3649: grad_norm=10.62655258178711, loss=2.7888591289520264, param_norm=1665.5631103515625
Step 3650: grad_norm=6.837667942047119, loss=2.643460750579834, param_norm=1665.5631103515625
Step 3651: grad_norm=5.355916500091553, loss=2.5596513748168945, param_norm=1665.5631103515625
Step 3652: grad_norm=5.594134330749512, loss=2.6692657470703125, param_norm=1665.5631103515625
Step 3653: grad_norm=9.347545623779297, loss=2.5357937812805176, param_norm=1665.5631103515625
Step 3654: grad_norm=4.9681477546691895, loss=2.7349119186401367, param_norm=1665.563232421875
Step 3655: grad_norm=5.908409595489502, loss=2.6269662380218506, param_norm=1665.563232421875
Step 3656: grad_norm=4.906169414520264, loss=2.5118143558502197, param_norm=1665.563232421875
Step 3657: grad_norm=6.181639194488525, loss=2.4628286361694336, param_norm=1665.563232421875
Step 3658: grad_norm=6.240262985229492, loss=2.8106589317321777, param_norm=1665.563232421875
Step 3659: grad_norm=5.1907958984375, loss=2.5594146251678467, param_norm=1665.563232421875
Step 3660: grad_norm=10.078265190124512, loss=2.431863784790039, param_norm=1665.563232421875
Step 3661: grad_norm=5.330297946929932, loss=2.582876205444336, param_norm=1665.563232421875
Step 3662: grad_norm=4.772219657897949, loss=2.6361398696899414, param_norm=1665.563232421875
Step 3663: grad_norm=6.808391571044922, loss=2.5700550079345703, param_norm=1665.563232421875
Step 3664: grad_norm=10.794689178466797, loss=2.626161575317383, param_norm=1665.5633544921875
Step 3665: grad_norm=5.105542182922363, loss=2.9867348670959473, param_norm=1665.5633544921875
Step 3666: grad_norm=4.802149772644043, loss=2.7983503341674805, param_norm=1665.5633544921875
Step 3667: grad_norm=4.518623352050781, loss=2.594655990600586, param_norm=1665.5633544921875
Step 3668: grad_norm=6.779241561889648, loss=2.8147709369659424, param_norm=1665.5633544921875
Step 3669: grad_norm=4.445465564727783, loss=2.690911293029785, param_norm=1665.5633544921875
Step 3670: grad_norm=5.044772148132324, loss=2.723266124725342, param_norm=1665.5633544921875
Step 3671: grad_norm=9.46921443939209, loss=2.4930648803710938, param_norm=1665.5633544921875
Step 3672: grad_norm=4.958832740783691, loss=2.6828768253326416, param_norm=1665.5633544921875
Step 3673: grad_norm=10.066868782043457, loss=2.8374991416931152, param_norm=1665.5633544921875
Step 3674: grad_norm=4.846612930297852, loss=2.719815254211426, param_norm=1665.5633544921875
Step 3675: grad_norm=6.8931803703308105, loss=2.5991172790527344, param_norm=1665.5633544921875
Step 3676: grad_norm=4.784092426300049, loss=2.865696907043457, param_norm=1665.5633544921875
Step 3677: grad_norm=11.26714038848877, loss=2.7708182334899902, param_norm=1665.5633544921875
Step 3678: grad_norm=12.640351295471191, loss=2.6760058403015137, param_norm=1665.5633544921875
Step 3679: grad_norm=5.111260414123535, loss=2.652555465698242, param_norm=1665.5634765625
Step 3680: grad_norm=5.076895713806152, loss=2.8192715644836426, param_norm=1665.5634765625
Step 3681: grad_norm=10.18905258178711, loss=2.56886625289917, param_norm=1665.5634765625
Step 3682: grad_norm=8.320436477661133, loss=2.670042037963867, param_norm=1665.5634765625
Step 3683: grad_norm=5.596695423126221, loss=2.4517898559570312, param_norm=1665.5634765625
Step 3684: grad_norm=5.346226215362549, loss=2.5725817680358887, param_norm=1665.5635986328125
Step 3685: grad_norm=4.579946517944336, loss=2.686030149459839, param_norm=1665.5635986328125
Step 3686: grad_norm=8.973963737487793, loss=2.8997812271118164, param_norm=1665.5635986328125
Step 3687: grad_norm=7.482528209686279, loss=2.6057496070861816, param_norm=1665.5635986328125
Step 3688: grad_norm=4.853038311004639, loss=2.7223477363586426, param_norm=1665.5635986328125
Step 3689: grad_norm=4.9466118812561035, loss=2.522736072540283, param_norm=1665.5635986328125
Step 3690: grad_norm=5.41877555847168, loss=2.7477245330810547, param_norm=1665.5635986328125
Step 3691: grad_norm=4.609023094177246, loss=2.9263103008270264, param_norm=1665.5635986328125
Step 3692: grad_norm=7.402351379394531, loss=2.5711469650268555, param_norm=1665.5635986328125
Step 3693: grad_norm=8.306398391723633, loss=2.4369890689849854, param_norm=1665.5635986328125
Step 3694: grad_norm=4.715088844299316, loss=2.5418496131896973, param_norm=1665.5635986328125
Step 3695: grad_norm=7.180613994598389, loss=2.471602439880371, param_norm=1665.5635986328125
Step 3696: grad_norm=8.843562126159668, loss=2.690648317337036, param_norm=1665.5635986328125
Step 3697: grad_norm=6.788393020629883, loss=2.6232237815856934, param_norm=1665.5635986328125
Step 3698: grad_norm=5.634191989898682, loss=2.8706490993499756, param_norm=1665.5635986328125
Step 3699: grad_norm=5.803343772888184, loss=2.518442153930664, param_norm=1665.5635986328125
Step 3700: grad_norm=7.127297878265381, loss=2.854282855987549, param_norm=1665.5635986328125
Step 3701: grad_norm=4.912300109863281, loss=2.696230173110962, param_norm=1665.5635986328125
Step 3702: grad_norm=10.96500301361084, loss=2.546006202697754, param_norm=1665.5635986328125
Step 3703: grad_norm=5.536177158355713, loss=2.544692277908325, param_norm=1665.5635986328125
Step 3704: grad_norm=6.729213237762451, loss=2.6551973819732666, param_norm=1665.5635986328125
Step 3705: grad_norm=7.976654529571533, loss=2.489539623260498, param_norm=1665.5635986328125
Step 3706: grad_norm=5.502067565917969, loss=2.7602736949920654, param_norm=1665.5635986328125
Step 3707: grad_norm=5.01162052154541, loss=2.720431327819824, param_norm=1665.5635986328125
Step 3708: grad_norm=8.633362770080566, loss=2.5271010398864746, param_norm=1665.563720703125
Step 3709: grad_norm=5.927316665649414, loss=2.562744379043579, param_norm=1665.5635986328125
Step 3710: grad_norm=4.974765300750732, loss=2.533679723739624, param_norm=1665.5635986328125
Step 3711: grad_norm=4.858726501464844, loss=2.496859073638916, param_norm=1665.5635986328125
Step 3712: grad_norm=7.839480400085449, loss=2.855475664138794, param_norm=1665.563720703125
Step 3713: grad_norm=5.232119083404541, loss=2.6181137561798096, param_norm=1665.563720703125
Step 3714: grad_norm=5.672060966491699, loss=2.5859360694885254, param_norm=1665.563720703125
Step 3715: grad_norm=8.91822624206543, loss=2.7230725288391113, param_norm=1665.563720703125
Step 3716: grad_norm=7.2629780769348145, loss=2.8304290771484375, param_norm=1665.563720703125
Step 3717: grad_norm=4.823594093322754, loss=2.7120375633239746, param_norm=1665.563720703125
Step 3718: grad_norm=4.976200580596924, loss=2.5966687202453613, param_norm=1665.563720703125
Step 3719: grad_norm=4.797571182250977, loss=2.515146493911743, param_norm=1665.563720703125
Step 3720: grad_norm=4.91892147064209, loss=2.6690330505371094, param_norm=1665.563720703125
Step 3721: grad_norm=5.13092041015625, loss=2.417335033416748, param_norm=1665.563720703125
Step 3722: grad_norm=5.510677337646484, loss=2.4348368644714355, param_norm=1665.563720703125
Step 3723: grad_norm=10.145857810974121, loss=2.8501882553100586, param_norm=1665.563720703125
Step 3724: grad_norm=5.157559394836426, loss=2.4881539344787598, param_norm=1665.5638427734375
Step 3725: grad_norm=4.556211471557617, loss=2.7037200927734375, param_norm=1665.5638427734375
Step 3726: grad_norm=7.373131275177002, loss=2.6662187576293945, param_norm=1665.5638427734375
Step 3727: grad_norm=9.408988952636719, loss=2.495245933532715, param_norm=1665.5638427734375
Step 3728: grad_norm=6.037454605102539, loss=2.730078935623169, param_norm=1665.5638427734375
Step 3729: grad_norm=4.611077308654785, loss=2.7855701446533203, param_norm=1665.5638427734375
Step 3730: grad_norm=5.728886127471924, loss=2.6153855323791504, param_norm=1665.5638427734375
Step 3731: grad_norm=4.53607177734375, loss=2.423682689666748, param_norm=1665.5638427734375
Step 3732: grad_norm=5.159919261932373, loss=2.5729756355285645, param_norm=1665.5638427734375
Step 3733: grad_norm=9.68366813659668, loss=2.5813066959381104, param_norm=1665.5638427734375
Step 3734: grad_norm=4.568564414978027, loss=2.7479400634765625, param_norm=1665.5638427734375
Step 3735: grad_norm=9.04109001159668, loss=2.6666831970214844, param_norm=1665.56396484375
Step 3736: grad_norm=5.347200393676758, loss=2.616316318511963, param_norm=1665.56396484375
Step 3737: grad_norm=4.758849143981934, loss=2.279834508895874, param_norm=1665.56396484375
Step 3738: grad_norm=4.9255242347717285, loss=2.519951820373535, param_norm=1665.56396484375
Step 3739: grad_norm=9.388994216918945, loss=2.4903640747070312, param_norm=1665.56396484375
Step 3740: grad_norm=6.40153169631958, loss=2.598135471343994, param_norm=1665.56396484375
Step 3741: grad_norm=9.028491973876953, loss=2.71333909034729, param_norm=1665.56396484375
Step 3742: grad_norm=8.362263679504395, loss=2.589695930480957, param_norm=1665.56396484375
Step 3743: grad_norm=6.053987979888916, loss=2.653916597366333, param_norm=1665.56396484375
Step 3744: grad_norm=7.902044773101807, loss=2.7838120460510254, param_norm=1665.56396484375
Step 3745: grad_norm=4.70079231262207, loss=2.7154486179351807, param_norm=1665.56396484375
Step 3746: grad_norm=4.538968086242676, loss=2.515399694442749, param_norm=1665.5640869140625
Step 3747: grad_norm=5.189414024353027, loss=2.537720203399658, param_norm=1665.5640869140625
Step 3748: grad_norm=5.580700397491455, loss=2.9013895988464355, param_norm=1665.5640869140625
Step 3749: grad_norm=7.840487480163574, loss=2.7841835021972656, param_norm=1665.5640869140625
Step 3750: grad_norm=4.44323205947876, loss=2.7689099311828613, param_norm=1665.5640869140625
Step 3751: grad_norm=5.935135841369629, loss=2.7561798095703125, param_norm=1665.5640869140625
Step 3752: grad_norm=4.563055515289307, loss=2.6913416385650635, param_norm=1665.5640869140625
Step 3753: grad_norm=8.93638801574707, loss=2.7150495052337646, param_norm=1665.5640869140625
Step 3754: grad_norm=6.027669429779053, loss=2.760906219482422, param_norm=1665.5640869140625
Step 3755: grad_norm=5.0015082359313965, loss=2.6193628311157227, param_norm=1665.5640869140625
Step 3756: grad_norm=6.6968584060668945, loss=2.7305514812469482, param_norm=1665.5640869140625
Step 3757: grad_norm=5.342185974121094, loss=2.581003427505493, param_norm=1665.5640869140625
Step 3758: grad_norm=5.548612594604492, loss=2.7135353088378906, param_norm=1665.5640869140625
Step 3759: grad_norm=5.0926384925842285, loss=2.7544307708740234, param_norm=1665.5640869140625
Step 3760: grad_norm=7.609240531921387, loss=2.681333541870117, param_norm=1665.5640869140625
Step 3761: grad_norm=6.978899955749512, loss=2.960949659347534, param_norm=1665.5640869140625
Step 3762: grad_norm=5.007843017578125, loss=2.656003952026367, param_norm=1665.5640869140625
Step 3763: grad_norm=4.257731914520264, loss=2.38100004196167, param_norm=1665.5640869140625
Step 3764: grad_norm=6.088191032409668, loss=2.6512391567230225, param_norm=1665.5640869140625
Step 3765: grad_norm=5.542212009429932, loss=2.7252707481384277, param_norm=1665.5640869140625
Step 3766: grad_norm=6.510409832000732, loss=2.4343366622924805, param_norm=1665.5640869140625
Step 3767: grad_norm=8.43696117401123, loss=2.656947135925293, param_norm=1665.5640869140625
Step 3768: grad_norm=4.731311798095703, loss=2.562971353530884, param_norm=1665.5640869140625
Step 3769: grad_norm=5.535409450531006, loss=2.36895751953125, param_norm=1665.5640869140625
Step 3770: grad_norm=7.907838344573975, loss=2.7299299240112305, param_norm=1665.5640869140625
Step 3771: grad_norm=7.802915573120117, loss=2.502990245819092, param_norm=1665.5640869140625
Step 3772: grad_norm=5.209266662597656, loss=2.7190816402435303, param_norm=1665.564208984375
Step 3773: grad_norm=7.320974826812744, loss=2.655719757080078, param_norm=1665.564208984375
Step 3774: grad_norm=5.405993461608887, loss=2.5933494567871094, param_norm=1665.5643310546875
Step 3775: grad_norm=6.392152309417725, loss=2.4522476196289062, param_norm=1665.5643310546875
Step 3776: grad_norm=5.422314643859863, loss=2.4104514122009277, param_norm=1665.5643310546875
Step 3777: grad_norm=5.516005992889404, loss=2.7115697860717773, param_norm=1665.5643310546875
Step 3778: grad_norm=4.581973075866699, loss=2.7644248008728027, param_norm=1665.5643310546875
Step 3779: grad_norm=8.217500686645508, loss=2.7333133220672607, param_norm=1665.5643310546875
Step 3780: grad_norm=6.449198246002197, loss=2.4722986221313477, param_norm=1665.5643310546875
Step 3781: grad_norm=5.283151626586914, loss=2.6359920501708984, param_norm=1665.5643310546875
Step 3782: grad_norm=5.321045398712158, loss=2.5041699409484863, param_norm=1665.5643310546875
Step 3783: grad_norm=4.606718063354492, loss=2.612901449203491, param_norm=1665.5643310546875
Step 3784: grad_norm=4.8396100997924805, loss=2.630802631378174, param_norm=1665.5643310546875
Step 3785: grad_norm=4.740927696228027, loss=2.7871909141540527, param_norm=1665.5643310546875
Step 3786: grad_norm=7.4402289390563965, loss=2.7002949714660645, param_norm=1665.5643310546875
Step 3787: grad_norm=6.624975681304932, loss=2.906233787536621, param_norm=1665.5643310546875
Step 3788: grad_norm=6.19609260559082, loss=2.5394022464752197, param_norm=1665.5643310546875
Step 3789: grad_norm=6.9282941818237305, loss=2.7474308013916016, param_norm=1665.5643310546875
Step 3790: grad_norm=4.890880584716797, loss=2.7789230346679688, param_norm=1665.5643310546875
Step 3791: grad_norm=4.786803722381592, loss=2.507530927658081, param_norm=1665.5643310546875
Step 3792: grad_norm=11.689826011657715, loss=2.790417432785034, param_norm=1665.5643310546875
Step 3793: grad_norm=5.282893657684326, loss=2.6052498817443848, param_norm=1665.5643310546875
Step 3794: grad_norm=6.246971607208252, loss=2.588578224182129, param_norm=1665.5643310546875
Step 3795: grad_norm=6.770599365234375, loss=2.6303439140319824, param_norm=1665.5643310546875
Step 3796: grad_norm=4.9800567626953125, loss=2.774385690689087, param_norm=1665.5643310546875
Step 3797: grad_norm=6.591619491577148, loss=2.5081381797790527, param_norm=1665.5643310546875
Step 3798: grad_norm=5.36079740524292, loss=2.5797371864318848, param_norm=1665.5643310546875
Step 3799: grad_norm=11.332935333251953, loss=2.6561574935913086, param_norm=1665.5643310546875
Step 3800: grad_norm=6.260105133056641, loss=2.501431465148926, param_norm=1665.5643310546875
Step 3801: grad_norm=6.433956146240234, loss=2.7109789848327637, param_norm=1665.564453125
Step 3802: grad_norm=8.509919166564941, loss=2.5270276069641113, param_norm=1665.564453125
Step 3803: grad_norm=5.304078578948975, loss=2.841568946838379, param_norm=1665.564453125
Step 3804: grad_norm=6.312283515930176, loss=2.5634922981262207, param_norm=1665.564453125
Step 3805: grad_norm=6.018906593322754, loss=2.862785816192627, param_norm=1665.564453125
Step 3806: grad_norm=4.859719753265381, loss=2.6186351776123047, param_norm=1665.564453125
Step 3807: grad_norm=7.890860080718994, loss=2.654817819595337, param_norm=1665.564453125
Step 3808: grad_norm=5.90989875793457, loss=2.9071125984191895, param_norm=1665.564453125
Step 3809: grad_norm=5.801128387451172, loss=2.8637449741363525, param_norm=1665.5645751953125
Step 3810: grad_norm=6.042294979095459, loss=2.6710009574890137, param_norm=1665.5645751953125
Step 3811: grad_norm=5.161954879760742, loss=2.8922481536865234, param_norm=1665.5645751953125
Step 3812: grad_norm=9.514713287353516, loss=2.7497408390045166, param_norm=1665.5645751953125
Step 3813: grad_norm=4.82065486907959, loss=2.364772319793701, param_norm=1665.5645751953125
Step 3814: grad_norm=4.788159370422363, loss=2.7060413360595703, param_norm=1665.5645751953125
Step 3815: grad_norm=5.204004764556885, loss=2.737311363220215, param_norm=1665.5645751953125
Step 3816: grad_norm=6.410059928894043, loss=2.839661121368408, param_norm=1665.5645751953125
Step 3817: grad_norm=10.389033317565918, loss=2.448035717010498, param_norm=1665.5645751953125
Step 3818: grad_norm=6.972785949707031, loss=2.486072063446045, param_norm=1665.5645751953125
Step 3819: grad_norm=5.216134071350098, loss=2.87225604057312, param_norm=1665.5645751953125
Step 3820: grad_norm=6.095883846282959, loss=2.5910253524780273, param_norm=1665.5645751953125
Step 3821: grad_norm=5.305069923400879, loss=2.6797239780426025, param_norm=1665.5645751953125
Step 3822: grad_norm=7.245049476623535, loss=2.548422336578369, param_norm=1665.5645751953125
Step 3823: grad_norm=4.97244930267334, loss=2.6516988277435303, param_norm=1665.5645751953125
Step 3824: grad_norm=5.579779148101807, loss=2.598374843597412, param_norm=1665.5645751953125
Step 3825: grad_norm=8.890201568603516, loss=2.5750010013580322, param_norm=1665.5645751953125
Step 3826: grad_norm=7.377451419830322, loss=2.4695732593536377, param_norm=1665.5645751953125
Step 3827: grad_norm=7.041285991668701, loss=2.900933027267456, param_norm=1665.5645751953125
Step 3828: grad_norm=4.837640762329102, loss=2.7456250190734863, param_norm=1665.5645751953125
Step 3829: grad_norm=6.057145118713379, loss=2.497440814971924, param_norm=1665.5645751953125
Step 3830: grad_norm=6.326186656951904, loss=2.8016817569732666, param_norm=1665.5645751953125
Step 3831: grad_norm=5.821857929229736, loss=2.6816914081573486, param_norm=1665.5645751953125
Step 3832: grad_norm=4.555257797241211, loss=2.7969765663146973, param_norm=1665.5645751953125
Step 3833: grad_norm=4.996583461761475, loss=2.8042900562286377, param_norm=1665.564697265625
Step 3834: grad_norm=5.049371242523193, loss=2.4465949535369873, param_norm=1665.564697265625
Step 3835: grad_norm=4.628824234008789, loss=2.548530101776123, param_norm=1665.564697265625
Step 3836: grad_norm=5.297249794006348, loss=2.4739394187927246, param_norm=1665.5645751953125
Step 3837: grad_norm=4.692728042602539, loss=2.693269729614258, param_norm=1665.564697265625
Step 3838: grad_norm=4.838050842285156, loss=2.801636219024658, param_norm=1665.564697265625
Step 3839: grad_norm=4.693583011627197, loss=2.7790493965148926, param_norm=1665.564697265625
Step 3840: grad_norm=5.472334861755371, loss=2.673818588256836, param_norm=1665.564697265625
Step 3841: grad_norm=4.469902038574219, loss=2.5466489791870117, param_norm=1665.564697265625
Step 3842: grad_norm=6.08144474029541, loss=2.4293429851531982, param_norm=1665.564697265625
Step 3843: grad_norm=4.871306896209717, loss=2.4340291023254395, param_norm=1665.564697265625
Step 3844: grad_norm=10.385077476501465, loss=2.724559783935547, param_norm=1665.564697265625
Step 3845: grad_norm=5.266051769256592, loss=2.7423582077026367, param_norm=1665.564697265625
Step 3846: grad_norm=5.182846546173096, loss=2.4523794651031494, param_norm=1665.564697265625
Step 3847: grad_norm=6.623561382293701, loss=2.8213517665863037, param_norm=1665.564697265625
Step 3848: grad_norm=10.489442825317383, loss=2.856370449066162, param_norm=1665.564697265625
Step 3849: grad_norm=5.798095703125, loss=2.852755308151245, param_norm=1665.564697265625
Step 3850: grad_norm=8.109781265258789, loss=2.5465168952941895, param_norm=1665.564697265625
Step 3851: grad_norm=5.631026744842529, loss=2.749518394470215, param_norm=1665.564697265625
Step 3852: grad_norm=11.474690437316895, loss=2.497056484222412, param_norm=1665.564697265625
Step 3853: grad_norm=4.938111782073975, loss=2.8094091415405273, param_norm=1665.564697265625
Step 3854: grad_norm=5.013614177703857, loss=2.558178663253784, param_norm=1665.564697265625
Step 3855: grad_norm=6.125021457672119, loss=2.5492749214172363, param_norm=1665.564697265625
Step 3856: grad_norm=6.477901935577393, loss=2.794151782989502, param_norm=1665.5648193359375
Step 3857: grad_norm=6.857516765594482, loss=2.5064196586608887, param_norm=1665.5648193359375
Step 3858: grad_norm=5.148814678192139, loss=2.7995247840881348, param_norm=1665.5648193359375
Step 3859: grad_norm=5.5998029708862305, loss=2.6583356857299805, param_norm=1665.5648193359375
Step 3860: grad_norm=7.358599662780762, loss=2.5622901916503906, param_norm=1665.56494140625
Step 3861: grad_norm=7.894298553466797, loss=2.5720643997192383, param_norm=1665.56494140625
Step 3862: grad_norm=5.1395649909973145, loss=2.463634490966797, param_norm=1665.56494140625
Step 3863: grad_norm=7.025646209716797, loss=2.6806998252868652, param_norm=1665.56494140625
Step 3864: grad_norm=5.926400661468506, loss=2.4943947792053223, param_norm=1665.56494140625
Step 3865: grad_norm=8.768266677856445, loss=2.6030948162078857, param_norm=1665.56494140625
Step 3866: grad_norm=5.076120853424072, loss=2.6559059619903564, param_norm=1665.56494140625
Step 3867: grad_norm=5.7339396476745605, loss=2.6454529762268066, param_norm=1665.56494140625
Step 3868: grad_norm=6.1031694412231445, loss=2.785534381866455, param_norm=1665.56494140625
Step 3869: grad_norm=4.6384663581848145, loss=2.7007107734680176, param_norm=1665.56494140625
Step 3870: grad_norm=9.30007266998291, loss=2.640838146209717, param_norm=1665.56494140625
Step 3871: grad_norm=5.183546543121338, loss=2.9211373329162598, param_norm=1665.56494140625
Step 3872: grad_norm=5.76177978515625, loss=2.4837076663970947, param_norm=1665.5650634765625
Step 3873: grad_norm=6.734279632568359, loss=2.4575703144073486, param_norm=1665.5650634765625
Step 3874: grad_norm=20.219511032104492, loss=2.829008102416992, param_norm=1665.5650634765625
Step 3875: grad_norm=12.069196701049805, loss=2.6942954063415527, param_norm=1665.5650634765625
Step 3876: grad_norm=4.931662559509277, loss=2.4414572715759277, param_norm=1665.5650634765625
Step 3877: grad_norm=5.8936076164245605, loss=2.5069820880889893, param_norm=1665.5650634765625
Step 3878: grad_norm=5.646152496337891, loss=2.6478967666625977, param_norm=1665.5650634765625
Step 3879: grad_norm=7.863656044006348, loss=2.798848867416382, param_norm=1665.5650634765625
Step 3880: grad_norm=8.646900177001953, loss=2.2220659255981445, param_norm=1665.5650634765625
Step 3881: grad_norm=10.023642539978027, loss=2.6048598289489746, param_norm=1665.5650634765625
Step 3882: grad_norm=13.006437301635742, loss=2.8308138847351074, param_norm=1665.5650634765625
Step 3883: grad_norm=5.996587753295898, loss=2.837891101837158, param_norm=1665.5650634765625
Step 3884: grad_norm=14.130831718444824, loss=2.756570339202881, param_norm=1665.5650634765625
Step 3885: grad_norm=7.658481597900391, loss=2.47108793258667, param_norm=1665.5650634765625
Step 3886: grad_norm=7.618257522583008, loss=2.724172830581665, param_norm=1665.5650634765625
Step 3887: grad_norm=7.304160118103027, loss=2.6645243167877197, param_norm=1665.5650634765625
Step 3888: grad_norm=5.907804489135742, loss=2.636655807495117, param_norm=1665.5650634765625
Step 3889: grad_norm=9.950141906738281, loss=2.6814956665039062, param_norm=1665.5650634765625
Step 3890: grad_norm=7.0081868171691895, loss=2.8150479793548584, param_norm=1665.5650634765625
Step 3891: grad_norm=5.684924125671387, loss=2.563051223754883, param_norm=1665.5650634765625
Step 3892: grad_norm=5.312192440032959, loss=2.6790659427642822, param_norm=1665.5650634765625
Step 3893: grad_norm=9.198744773864746, loss=2.8188602924346924, param_norm=1665.5650634765625
Step 3894: grad_norm=6.580084800720215, loss=2.72993803024292, param_norm=1665.5650634765625
Step 3895: grad_norm=6.367945671081543, loss=2.7164251804351807, param_norm=1665.5650634765625
Step 3896: grad_norm=4.593011856079102, loss=2.6004867553710938, param_norm=1665.5650634765625
Step 3897: grad_norm=5.253472328186035, loss=2.7540080547332764, param_norm=1665.5650634765625
Step 3898: grad_norm=9.790270805358887, loss=2.756054401397705, param_norm=1665.5650634765625
Step 3899: grad_norm=5.621483325958252, loss=2.598686695098877, param_norm=1665.5650634765625
Step 3900: grad_norm=5.038739204406738, loss=2.6406264305114746, param_norm=1665.565185546875
Step 3901: grad_norm=4.6908416748046875, loss=2.6811459064483643, param_norm=1665.565185546875
Step 3902: grad_norm=5.624088764190674, loss=2.5318212509155273, param_norm=1665.565185546875
Step 3903: grad_norm=7.415611743927002, loss=2.632107734680176, param_norm=1665.565185546875
Step 3904: grad_norm=6.376072883605957, loss=2.66597056388855, param_norm=1665.565185546875
Step 3905: grad_norm=4.991573810577393, loss=2.758115291595459, param_norm=1665.565185546875
Step 3906: grad_norm=6.007358074188232, loss=2.597463607788086, param_norm=1665.565185546875
Step 3907: grad_norm=7.972873210906982, loss=2.656414270401001, param_norm=1665.565185546875
Step 3908: grad_norm=5.277846813201904, loss=2.8496131896972656, param_norm=1665.565185546875
Step 3909: grad_norm=5.690365314483643, loss=2.6147327423095703, param_norm=1665.565185546875
Step 3910: grad_norm=12.831329345703125, loss=2.3808505535125732, param_norm=1665.565185546875
Step 3911: grad_norm=6.09970760345459, loss=2.533937454223633, param_norm=1665.565185546875
Step 3912: grad_norm=4.2841973304748535, loss=2.598898410797119, param_norm=1665.565185546875
Step 3913: grad_norm=4.8869476318359375, loss=2.4561305046081543, param_norm=1665.5653076171875
Step 3914: grad_norm=7.772430896759033, loss=2.722813844680786, param_norm=1665.5653076171875
Step 3915: grad_norm=4.703528881072998, loss=2.95664119720459, param_norm=1665.5653076171875
Step 3916: grad_norm=5.359699249267578, loss=2.72896146774292, param_norm=1665.5653076171875
Step 3917: grad_norm=8.143332481384277, loss=2.849492073059082, param_norm=1665.5653076171875
Step 3918: grad_norm=7.085799694061279, loss=2.7922017574310303, param_norm=1665.5653076171875
Step 3919: grad_norm=5.360072612762451, loss=2.6211533546447754, param_norm=1665.5653076171875
Step 3920: grad_norm=8.165840148925781, loss=2.721181869506836, param_norm=1665.5653076171875
Step 3921: grad_norm=5.317301273345947, loss=2.8285841941833496, param_norm=1665.5653076171875
Step 3922: grad_norm=4.7803544998168945, loss=2.6165683269500732, param_norm=1665.5653076171875
Step 3923: grad_norm=5.656393051147461, loss=2.583282232284546, param_norm=1665.5653076171875
Step 3924: grad_norm=7.392777919769287, loss=2.752997398376465, param_norm=1665.5653076171875
Step 3925: grad_norm=5.785318374633789, loss=2.5842442512512207, param_norm=1665.5653076171875
Step 3926: grad_norm=6.868055820465088, loss=2.5619332790374756, param_norm=1665.5653076171875
Step 3927: grad_norm=5.05544376373291, loss=2.7092854976654053, param_norm=1665.5654296875
Step 3928: grad_norm=7.422701358795166, loss=2.637692928314209, param_norm=1665.5654296875
Step 3929: grad_norm=7.477468490600586, loss=2.5009818077087402, param_norm=1665.5654296875
Step 3930: grad_norm=4.874377727508545, loss=2.6191415786743164, param_norm=1665.5654296875
Step 3931: grad_norm=4.325833797454834, loss=2.6281421184539795, param_norm=1665.5654296875
Step 3932: grad_norm=5.0584282875061035, loss=2.5467147827148438, param_norm=1665.5655517578125
Step 3933: grad_norm=5.239760875701904, loss=2.7422611713409424, param_norm=1665.5655517578125
Step 3934: grad_norm=8.493281364440918, loss=2.6110494136810303, param_norm=1665.5655517578125
Step 3935: grad_norm=5.588039875030518, loss=2.7246062755584717, param_norm=1665.5655517578125
Step 3936: grad_norm=7.32480525970459, loss=2.490811586380005, param_norm=1665.5655517578125
Step 3937: grad_norm=5.102943420410156, loss=2.6142101287841797, param_norm=1665.5655517578125
Step 3938: grad_norm=6.960731029510498, loss=2.784316062927246, param_norm=1665.5655517578125
Step 3939: grad_norm=5.7454962730407715, loss=2.7196693420410156, param_norm=1665.5655517578125
Step 3940: grad_norm=5.950382232666016, loss=2.647108554840088, param_norm=1665.5655517578125
Step 3941: grad_norm=6.2553205490112305, loss=2.7942962646484375, param_norm=1665.5655517578125
Step 3942: grad_norm=7.868016242980957, loss=2.6337075233459473, param_norm=1665.5655517578125
Step 3943: grad_norm=7.876218318939209, loss=2.6028451919555664, param_norm=1665.5655517578125
Step 3944: grad_norm=10.443150520324707, loss=2.630520820617676, param_norm=1665.5655517578125
Step 3945: grad_norm=10.76557731628418, loss=2.7779247760772705, param_norm=1665.5655517578125
Step 3946: grad_norm=4.5626726150512695, loss=2.7823362350463867, param_norm=1665.5655517578125
Step 3947: grad_norm=11.656174659729004, loss=2.511887550354004, param_norm=1665.5655517578125
Step 3948: grad_norm=7.179591655731201, loss=2.7832517623901367, param_norm=1665.565673828125
Step 3949: grad_norm=9.96384048461914, loss=2.622434616088867, param_norm=1665.565673828125
Step 3950: grad_norm=8.262960433959961, loss=2.5764918327331543, param_norm=1665.565673828125
Step 3951: grad_norm=4.974944591522217, loss=2.4982128143310547, param_norm=1665.565673828125
Step 3952: grad_norm=8.864230155944824, loss=2.6823911666870117, param_norm=1665.565673828125
Step 3953: grad_norm=4.3497090339660645, loss=2.658294200897217, param_norm=1665.565673828125
Step 3954: grad_norm=6.4857001304626465, loss=2.78731632232666, param_norm=1665.565673828125
Step 3955: grad_norm=5.586180686950684, loss=2.5323047637939453, param_norm=1665.565673828125
Step 3956: grad_norm=5.21230936050415, loss=2.7270662784576416, param_norm=1665.565673828125
Step 3957: grad_norm=5.998391628265381, loss=2.7633190155029297, param_norm=1665.565673828125
Step 3958: grad_norm=5.058851718902588, loss=2.6934494972229004, param_norm=1665.565673828125
Step 3959: grad_norm=5.371757984161377, loss=2.715358257293701, param_norm=1665.565673828125
Step 3960: grad_norm=4.314949035644531, loss=2.763498306274414, param_norm=1665.565673828125
Step 3961: grad_norm=6.863401412963867, loss=2.376479148864746, param_norm=1665.565673828125
Step 3962: grad_norm=4.571383953094482, loss=2.597602605819702, param_norm=1665.565673828125
Step 3963: grad_norm=6.750814914703369, loss=2.879977226257324, param_norm=1665.565673828125
Step 3964: grad_norm=6.246507167816162, loss=2.6667182445526123, param_norm=1665.565673828125
Step 3965: grad_norm=4.886058807373047, loss=2.544135093688965, param_norm=1665.565673828125
Step 3966: grad_norm=7.051265716552734, loss=2.6186294555664062, param_norm=1665.565673828125
Step 3967: grad_norm=4.484536647796631, loss=2.6140079498291016, param_norm=1665.565673828125
Step 3968: grad_norm=6.5850396156311035, loss=2.9087939262390137, param_norm=1665.565673828125
Step 3969: grad_norm=7.543610572814941, loss=2.8091788291931152, param_norm=1665.565673828125
Step 3970: grad_norm=4.398183345794678, loss=2.7462852001190186, param_norm=1665.565673828125
Step 3971: grad_norm=7.81013822555542, loss=2.6403043270111084, param_norm=1665.5657958984375
Step 3972: grad_norm=7.6592020988464355, loss=2.426985740661621, param_norm=1665.5657958984375
Step 3973: grad_norm=6.645223140716553, loss=2.86452579498291, param_norm=1665.5657958984375
Step 3974: grad_norm=5.2619194984436035, loss=2.4643516540527344, param_norm=1665.5657958984375
Step 3975: grad_norm=6.900944709777832, loss=2.4989213943481445, param_norm=1665.5657958984375
Step 3976: grad_norm=6.256486415863037, loss=2.292938709259033, param_norm=1665.5657958984375
Step 3977: grad_norm=8.695856094360352, loss=2.739470958709717, param_norm=1665.5657958984375
Step 3978: grad_norm=6.512742519378662, loss=2.6523306369781494, param_norm=1665.5657958984375
Step 3979: grad_norm=6.917396068572998, loss=2.4154000282287598, param_norm=1665.5657958984375
Step 3980: grad_norm=5.437752723693848, loss=2.783582925796509, param_norm=1665.5657958984375
Step 3981: grad_norm=6.296929836273193, loss=2.582566499710083, param_norm=1665.5657958984375
Step 3982: grad_norm=5.507846355438232, loss=2.5044827461242676, param_norm=1665.56591796875
Step 3983: grad_norm=5.047990322113037, loss=2.7180309295654297, param_norm=1665.56591796875
Step 3984: grad_norm=5.092545986175537, loss=2.8053975105285645, param_norm=1665.56591796875
Step 3985: grad_norm=6.630547523498535, loss=2.5032474994659424, param_norm=1665.5657958984375
Step 3986: grad_norm=5.989378452301025, loss=2.248228073120117, param_norm=1665.5657958984375
Step 3987: grad_norm=12.537201881408691, loss=2.5335679054260254, param_norm=1665.5657958984375
Step 3988: grad_norm=4.812463283538818, loss=2.5643796920776367, param_norm=1665.5657958984375
Step 3989: grad_norm=5.290591239929199, loss=2.643904209136963, param_norm=1665.5657958984375
Step 3990: grad_norm=7.179867744445801, loss=2.674004077911377, param_norm=1665.5657958984375
Step 3991: grad_norm=5.512991905212402, loss=2.655172109603882, param_norm=1665.5657958984375
Step 3992: grad_norm=5.3925089836120605, loss=2.593797206878662, param_norm=1665.5657958984375
Step 3993: grad_norm=4.935461521148682, loss=2.599217653274536, param_norm=1665.5657958984375
Step 3994: grad_norm=6.086282730102539, loss=2.3406553268432617, param_norm=1665.5657958984375
Step 3995: grad_norm=4.840587139129639, loss=2.663961887359619, param_norm=1665.56591796875
Step 3996: grad_norm=6.019711017608643, loss=2.717799425125122, param_norm=1665.56591796875
Step 3997: grad_norm=5.004580020904541, loss=2.6161880493164062, param_norm=1665.56591796875
Step 3998: grad_norm=8.293414115905762, loss=2.771374225616455, param_norm=1665.56591796875
Step 3999: grad_norm=5.486534595489502, loss=2.914583683013916, param_norm=1665.56591796875
Step 4000: grad_norm=6.853623390197754, loss=2.609408378601074, param_norm=1665.56591796875
Step 4001: grad_norm=5.056589126586914, loss=2.712501287460327, param_norm=1665.56591796875
Step 4002: grad_norm=6.394587993621826, loss=2.758639335632324, param_norm=1665.56591796875
Step 4003: grad_norm=4.609895706176758, loss=2.5404279232025146, param_norm=1665.56591796875
Step 4004: grad_norm=7.283407211303711, loss=2.6486411094665527, param_norm=1665.56591796875
Step 4005: grad_norm=5.7279372215271, loss=2.565803050994873, param_norm=1665.5660400390625
Step 4006: grad_norm=5.214975357055664, loss=2.5372540950775146, param_norm=1665.5660400390625
Step 4007: grad_norm=6.416928291320801, loss=2.481891632080078, param_norm=1665.5660400390625
Step 4008: grad_norm=5.277860164642334, loss=2.513991355895996, param_norm=1665.5660400390625
Step 4009: grad_norm=8.568681716918945, loss=2.7331318855285645, param_norm=1665.5660400390625
Step 4010: grad_norm=5.62656831741333, loss=2.820197582244873, param_norm=1665.5660400390625
Step 4011: grad_norm=7.71719217300415, loss=2.6017837524414062, param_norm=1665.5660400390625
Step 4012: grad_norm=7.513608455657959, loss=2.496328353881836, param_norm=1665.5660400390625
Step 4013: grad_norm=4.922761917114258, loss=2.6158642768859863, param_norm=1665.5660400390625
Step 4014: grad_norm=5.9159088134765625, loss=2.7757925987243652, param_norm=1665.5660400390625
Step 4015: grad_norm=8.087745666503906, loss=2.7386388778686523, param_norm=1665.5660400390625
Step 4016: grad_norm=5.4421916007995605, loss=2.586658000946045, param_norm=1665.5660400390625
Step 4017: grad_norm=4.986367225646973, loss=2.661245822906494, param_norm=1665.5660400390625
Step 4018: grad_norm=4.526732921600342, loss=2.772287368774414, param_norm=1665.5660400390625
Step 4019: grad_norm=9.130062103271484, loss=2.650059938430786, param_norm=1665.5660400390625
Step 4020: grad_norm=4.685430526733398, loss=2.7020835876464844, param_norm=1665.5660400390625
Step 4021: grad_norm=5.197415828704834, loss=2.5092320442199707, param_norm=1665.566162109375
Step 4022: grad_norm=6.835666179656982, loss=2.599911689758301, param_norm=1665.566162109375
Step 4023: grad_norm=5.436323165893555, loss=2.6569204330444336, param_norm=1665.566162109375
Step 4024: grad_norm=7.709619998931885, loss=2.6622495651245117, param_norm=1665.566162109375
Step 4025: grad_norm=7.23772668838501, loss=2.620875120162964, param_norm=1665.566162109375
Step 4026: grad_norm=7.823729038238525, loss=2.7007484436035156, param_norm=1665.566162109375
Step 4027: grad_norm=6.199276924133301, loss=2.7290635108947754, param_norm=1665.566162109375
Step 4028: grad_norm=7.156668186187744, loss=2.9270424842834473, param_norm=1665.5662841796875
Step 4029: grad_norm=5.839308261871338, loss=2.7547130584716797, param_norm=1665.566162109375
Step 4030: grad_norm=6.967024326324463, loss=2.842690944671631, param_norm=1665.566162109375
Step 4031: grad_norm=4.784564971923828, loss=2.587632179260254, param_norm=1665.566162109375
Step 4032: grad_norm=5.47620964050293, loss=2.855398178100586, param_norm=1665.566162109375
Step 4033: grad_norm=4.984595775604248, loss=2.713674545288086, param_norm=1665.566162109375
Step 4034: grad_norm=6.2535271644592285, loss=2.6850218772888184, param_norm=1665.566162109375
Step 4035: grad_norm=5.200138092041016, loss=2.7470991611480713, param_norm=1665.5662841796875
Step 4036: grad_norm=6.669443607330322, loss=2.519484519958496, param_norm=1665.5662841796875
Step 4037: grad_norm=6.148434638977051, loss=2.6507365703582764, param_norm=1665.5662841796875
Step 4038: grad_norm=4.674404621124268, loss=2.564561128616333, param_norm=1665.5662841796875
Step 4039: grad_norm=4.990598201751709, loss=2.5520176887512207, param_norm=1665.5662841796875
Step 4040: grad_norm=11.536524772644043, loss=2.7803492546081543, param_norm=1665.5662841796875
Step 4041: grad_norm=5.842967987060547, loss=2.530913829803467, param_norm=1665.5662841796875
Step 4042: grad_norm=5.203878402709961, loss=2.550056219100952, param_norm=1665.5662841796875
Step 4043: grad_norm=7.614973545074463, loss=2.665525197982788, param_norm=1665.5662841796875
Step 4044: grad_norm=5.804426193237305, loss=2.7120351791381836, param_norm=1665.5662841796875
Step 4045: grad_norm=4.706557273864746, loss=2.529329299926758, param_norm=1665.5662841796875
Step 4046: grad_norm=8.258467674255371, loss=2.519761562347412, param_norm=1665.5662841796875
Step 4047: grad_norm=7.5933380126953125, loss=2.5776185989379883, param_norm=1665.5662841796875
Step 4048: grad_norm=7.73506498336792, loss=2.6854629516601562, param_norm=1665.5662841796875
Step 4049: grad_norm=7.930192470550537, loss=2.7925219535827637, param_norm=1665.5662841796875
Step 4050: grad_norm=8.946876525878906, loss=2.6926488876342773, param_norm=1665.5662841796875
Step 4051: grad_norm=6.291530132293701, loss=2.87099552154541, param_norm=1665.5662841796875
Step 4052: grad_norm=4.898900032043457, loss=2.555387020111084, param_norm=1665.56640625
Step 4053: grad_norm=8.497566223144531, loss=2.600741386413574, param_norm=1665.56640625
Step 4054: grad_norm=4.892805576324463, loss=2.847292423248291, param_norm=1665.56640625
Step 4055: grad_norm=5.826055526733398, loss=2.7228732109069824, param_norm=1665.5665283203125
Step 4056: grad_norm=6.6308722496032715, loss=2.630222797393799, param_norm=1665.56640625
Step 4057: grad_norm=9.275490760803223, loss=2.650235652923584, param_norm=1665.5665283203125
Step 4058: grad_norm=6.446128845214844, loss=2.6520862579345703, param_norm=1665.5665283203125
Step 4059: grad_norm=9.146347999572754, loss=2.70766282081604, param_norm=1665.5665283203125
Step 4060: grad_norm=5.749055862426758, loss=2.718625068664551, param_norm=1665.5665283203125
Step 4061: grad_norm=4.681967735290527, loss=2.569455623626709, param_norm=1665.5665283203125
Step 4062: grad_norm=5.204322338104248, loss=2.6527278423309326, param_norm=1665.5665283203125
Step 4063: grad_norm=4.473809719085693, loss=2.803799629211426, param_norm=1665.5665283203125
Step 4064: grad_norm=5.406602382659912, loss=2.5946245193481445, param_norm=1665.5665283203125
Step 4065: grad_norm=6.440077781677246, loss=2.7136449813842773, param_norm=1665.5665283203125
Step 4066: grad_norm=8.956047058105469, loss=2.796856164932251, param_norm=1665.5665283203125
Step 4067: grad_norm=6.997855186462402, loss=2.4236538410186768, param_norm=1665.5665283203125
Step 4068: grad_norm=5.218327522277832, loss=2.714984893798828, param_norm=1665.5665283203125
Step 4069: grad_norm=8.415796279907227, loss=2.812856674194336, param_norm=1665.5665283203125
Step 4070: grad_norm=5.291118144989014, loss=2.875770092010498, param_norm=1665.5665283203125
Step 4071: grad_norm=6.928012371063232, loss=2.65901517868042, param_norm=1665.5665283203125
Step 4072: grad_norm=9.245513916015625, loss=2.6757194995880127, param_norm=1665.5665283203125
Step 4073: grad_norm=4.640204906463623, loss=2.7196953296661377, param_norm=1665.5665283203125
Step 4074: grad_norm=5.3997416496276855, loss=2.4251651763916016, param_norm=1665.5665283203125
Step 4075: grad_norm=7.804225444793701, loss=2.500555992126465, param_norm=1665.566650390625
Step 4076: grad_norm=5.945703506469727, loss=2.441420555114746, param_norm=1665.566650390625
Step 4077: grad_norm=5.757566452026367, loss=2.7988200187683105, param_norm=1665.566650390625
Step 4078: grad_norm=4.903853893280029, loss=2.311819076538086, param_norm=1665.566650390625
Step 4079: grad_norm=6.73017692565918, loss=2.5008127689361572, param_norm=1665.566650390625
Step 4080: grad_norm=6.192572593688965, loss=2.6851882934570312, param_norm=1665.566650390625
Step 4081: grad_norm=6.295322895050049, loss=2.965057611465454, param_norm=1665.566650390625
Step 4082: grad_norm=6.39343786239624, loss=2.569223403930664, param_norm=1665.566650390625
Step 4083: grad_norm=12.418219566345215, loss=2.6379494667053223, param_norm=1665.566650390625
Step 4084: grad_norm=4.812021255493164, loss=2.655393600463867, param_norm=1665.566650390625
Step 4085: grad_norm=5.447819232940674, loss=2.6229920387268066, param_norm=1665.566650390625
Step 4086: grad_norm=5.391571044921875, loss=2.904590606689453, param_norm=1665.566650390625
Step 4087: grad_norm=5.966919898986816, loss=2.439828395843506, param_norm=1665.566650390625
Step 4088: grad_norm=6.562893867492676, loss=2.632955312728882, param_norm=1665.566650390625
Step 4089: grad_norm=5.411006450653076, loss=2.644442081451416, param_norm=1665.566650390625
Step 4090: grad_norm=5.4677348136901855, loss=2.615145444869995, param_norm=1665.566650390625
Step 4091: grad_norm=6.342792987823486, loss=2.6504251956939697, param_norm=1665.566650390625
Step 4092: grad_norm=5.954782485961914, loss=2.783214569091797, param_norm=1665.566650390625
Step 4093: grad_norm=5.579815864562988, loss=2.570640802383423, param_norm=1665.566650390625
Step 4094: grad_norm=7.93302059173584, loss=2.7766342163085938, param_norm=1665.566650390625
Step 4095: grad_norm=5.098777770996094, loss=2.703916072845459, param_norm=1665.566650390625
Step 4096: grad_norm=8.20498275756836, loss=2.6151411533355713, param_norm=1665.566650390625
Step 4097: grad_norm=7.881894588470459, loss=2.547583818435669, param_norm=1665.566650390625
Step 4098: grad_norm=4.726690769195557, loss=2.6603596210479736, param_norm=1665.5667724609375
Step 4099: grad_norm=6.057535171508789, loss=2.4395437240600586, param_norm=1665.5667724609375
Step 4100: grad_norm=4.9019083976745605, loss=2.8470237255096436, param_norm=1665.5667724609375
Step 4101: grad_norm=6.201757431030273, loss=2.6626029014587402, param_norm=1665.5667724609375
Step 4102: grad_norm=7.895529270172119, loss=2.368687152862549, param_norm=1665.5667724609375
Step 4103: grad_norm=5.298787593841553, loss=2.4215853214263916, param_norm=1665.5667724609375
Step 4104: grad_norm=9.425619125366211, loss=2.637031316757202, param_norm=1665.5667724609375
Step 4105: grad_norm=5.329926013946533, loss=2.6795668601989746, param_norm=1665.5667724609375
Step 4106: grad_norm=4.671136856079102, loss=2.5955848693847656, param_norm=1665.56689453125
Step 4107: grad_norm=5.605409145355225, loss=2.6001038551330566, param_norm=1665.56689453125
Step 4108: grad_norm=5.284670352935791, loss=2.6659882068634033, param_norm=1665.56689453125
Step 4109: grad_norm=10.296286582946777, loss=2.959289073944092, param_norm=1665.56689453125
Step 4110: grad_norm=5.495657444000244, loss=2.7043752670288086, param_norm=1665.56689453125
Step 4111: grad_norm=5.44078254699707, loss=2.6737775802612305, param_norm=1665.56689453125
Step 4112: grad_norm=7.726437091827393, loss=2.68415904045105, param_norm=1665.56689453125
Step 4113: grad_norm=9.595643043518066, loss=2.790222644805908, param_norm=1665.56689453125
Step 4114: grad_norm=9.387252807617188, loss=2.6089019775390625, param_norm=1665.56689453125
Step 4115: grad_norm=6.742447376251221, loss=2.9177870750427246, param_norm=1665.56689453125
Step 4116: grad_norm=4.895157814025879, loss=2.6130056381225586, param_norm=1665.56689453125
Step 4117: grad_norm=8.646768569946289, loss=2.524366855621338, param_norm=1665.56689453125
Step 4118: grad_norm=5.398028373718262, loss=2.767378807067871, param_norm=1665.56689453125
Step 4119: grad_norm=7.504272937774658, loss=2.629016876220703, param_norm=1665.56689453125
Step 4120: grad_norm=5.007021903991699, loss=2.7184948921203613, param_norm=1665.56689453125
Step 4121: grad_norm=5.30295991897583, loss=2.5426223278045654, param_norm=1665.56689453125
Step 4122: grad_norm=5.8556928634643555, loss=2.5722811222076416, param_norm=1665.56689453125
Step 4123: grad_norm=5.000752925872803, loss=2.5591084957122803, param_norm=1665.56689453125
Step 4124: grad_norm=5.978204727172852, loss=2.911949396133423, param_norm=1665.56689453125
Step 4125: grad_norm=9.294022560119629, loss=2.579629421234131, param_norm=1665.56689453125
Step 4126: grad_norm=5.182133674621582, loss=2.6023216247558594, param_norm=1665.56689453125
Step 4127: grad_norm=4.977172374725342, loss=2.5353732109069824, param_norm=1665.56689453125
Step 4128: grad_norm=7.320923328399658, loss=2.6819658279418945, param_norm=1665.5670166015625
Step 4129: grad_norm=5.298861026763916, loss=2.536417007446289, param_norm=1665.56689453125
Step 4130: grad_norm=7.343547821044922, loss=2.6870429515838623, param_norm=1665.5670166015625
Step 4131: grad_norm=6.65736722946167, loss=2.626197099685669, param_norm=1665.5670166015625
Step 4132: grad_norm=4.925012111663818, loss=2.737593173980713, param_norm=1665.5670166015625
Step 4133: grad_norm=4.711347579956055, loss=2.8300042152404785, param_norm=1665.5670166015625
Step 4134: grad_norm=6.614754676818848, loss=2.5350518226623535, param_norm=1665.5670166015625
Step 4135: grad_norm=6.779260158538818, loss=2.6685361862182617, param_norm=1665.5670166015625
Step 4136: grad_norm=7.673413276672363, loss=2.7374215126037598, param_norm=1665.5670166015625
Step 4137: grad_norm=7.486937046051025, loss=2.819246292114258, param_norm=1665.5670166015625
Step 4138: grad_norm=6.4955525398254395, loss=2.557694673538208, param_norm=1665.5670166015625
Step 4139: grad_norm=6.935722827911377, loss=2.762908458709717, param_norm=1665.5670166015625
Step 4140: grad_norm=6.838260173797607, loss=2.851365089416504, param_norm=1665.5670166015625
Step 4141: grad_norm=6.161264419555664, loss=2.7481560707092285, param_norm=1665.5670166015625
Step 4142: grad_norm=5.199552059173584, loss=2.6870760917663574, param_norm=1665.5670166015625
Step 4143: grad_norm=5.194835186004639, loss=2.6458840370178223, param_norm=1665.5670166015625
Step 4144: grad_norm=4.7022247314453125, loss=2.4968998432159424, param_norm=1665.5670166015625
Step 4145: grad_norm=5.378209114074707, loss=2.7126901149749756, param_norm=1665.5670166015625
Step 4146: grad_norm=5.195676803588867, loss=2.5438802242279053, param_norm=1665.5670166015625
Step 4147: grad_norm=8.23574161529541, loss=2.8269600868225098, param_norm=1665.5670166015625
Step 4148: grad_norm=7.540741443634033, loss=2.619476318359375, param_norm=1665.567138671875
Step 4149: grad_norm=7.7790374755859375, loss=2.792210102081299, param_norm=1665.567138671875
Step 4150: grad_norm=4.881126880645752, loss=2.4463987350463867, param_norm=1665.567138671875
Step 4151: grad_norm=5.3297553062438965, loss=2.574981689453125, param_norm=1665.567138671875
Step 4152: grad_norm=7.7743096351623535, loss=2.8256635665893555, param_norm=1665.567138671875
Step 4153: grad_norm=5.4677414894104, loss=2.762373447418213, param_norm=1665.567138671875
Step 4154: grad_norm=5.285989284515381, loss=2.7258617877960205, param_norm=1665.567138671875
Step 4155: grad_norm=6.002289295196533, loss=2.7920656204223633, param_norm=1665.567138671875
Step 4156: grad_norm=6.371180534362793, loss=2.7442831993103027, param_norm=1665.567138671875
Step 4157: grad_norm=7.328658580780029, loss=2.879479169845581, param_norm=1665.567138671875
Step 4158: grad_norm=6.133041858673096, loss=2.711641788482666, param_norm=1665.5672607421875
Step 4159: grad_norm=7.924506664276123, loss=2.3987340927124023, param_norm=1665.5672607421875
Step 4160: grad_norm=6.437798023223877, loss=2.8244528770446777, param_norm=1665.5672607421875
Step 4161: grad_norm=7.035242080688477, loss=2.672107219696045, param_norm=1665.5672607421875
Step 4162: grad_norm=6.305887222290039, loss=2.5213890075683594, param_norm=1665.5672607421875
Step 4163: grad_norm=5.439021110534668, loss=2.7639622688293457, param_norm=1665.5672607421875
Step 4164: grad_norm=5.436173439025879, loss=2.5147862434387207, param_norm=1665.5672607421875
Step 4165: grad_norm=7.598830223083496, loss=2.604797840118408, param_norm=1665.5672607421875
Step 4166: grad_norm=4.7643938064575195, loss=2.5714492797851562, param_norm=1665.5672607421875
Step 4167: grad_norm=5.321699619293213, loss=2.7507433891296387, param_norm=1665.5672607421875
Step 4168: grad_norm=4.79840612411499, loss=2.633579730987549, param_norm=1665.5672607421875
Step 4169: grad_norm=5.178011894226074, loss=2.680454730987549, param_norm=1665.5672607421875
Step 4170: grad_norm=8.50837230682373, loss=2.7601280212402344, param_norm=1665.5672607421875
Step 4171: grad_norm=6.0382609367370605, loss=2.551269292831421, param_norm=1665.5672607421875
Step 4172: grad_norm=4.776797294616699, loss=2.5649242401123047, param_norm=1665.5672607421875
Step 4173: grad_norm=4.480050086975098, loss=2.465923547744751, param_norm=1665.5672607421875
Step 4174: grad_norm=5.371473789215088, loss=2.555506706237793, param_norm=1665.5672607421875
Step 4175: grad_norm=5.424774169921875, loss=2.748688220977783, param_norm=1665.5672607421875
Step 4176: grad_norm=5.687363147735596, loss=2.6843745708465576, param_norm=1665.5672607421875
Step 4177: grad_norm=4.74153470993042, loss=2.673097610473633, param_norm=1665.5672607421875
Step 4178: grad_norm=4.394660472869873, loss=2.5754332542419434, param_norm=1665.5675048828125
Step 4179: grad_norm=7.440760135650635, loss=2.677826166152954, param_norm=1665.5675048828125
Step 4180: grad_norm=5.174429893493652, loss=2.9264676570892334, param_norm=1665.5675048828125
Step 4181: grad_norm=5.226710319519043, loss=2.7835543155670166, param_norm=1665.5675048828125
Step 4182: grad_norm=5.164041996002197, loss=2.5725631713867188, param_norm=1665.5675048828125
Step 4183: grad_norm=5.126990795135498, loss=2.70074200630188, param_norm=1665.5675048828125
Step 4184: grad_norm=5.673025608062744, loss=2.8099312782287598, param_norm=1665.5675048828125
Step 4185: grad_norm=5.744882106781006, loss=2.3666553497314453, param_norm=1665.5675048828125
Step 4186: grad_norm=4.568556308746338, loss=2.629619598388672, param_norm=1665.5675048828125
Step 4187: grad_norm=8.563494682312012, loss=2.6197969913482666, param_norm=1665.5675048828125
Step 4188: grad_norm=10.838281631469727, loss=2.5837273597717285, param_norm=1665.5675048828125
Step 4189: grad_norm=4.5914225578308105, loss=2.920104503631592, param_norm=1665.5675048828125
Step 4190: grad_norm=4.637782573699951, loss=2.6819517612457275, param_norm=1665.5675048828125
Step 4191: grad_norm=7.5856170654296875, loss=2.796870231628418, param_norm=1665.5675048828125
Step 4192: grad_norm=9.462101936340332, loss=2.786942481994629, param_norm=1665.567626953125
Step 4193: grad_norm=5.159632682800293, loss=2.608717679977417, param_norm=1665.5675048828125
Step 4194: grad_norm=14.81379222869873, loss=2.701005220413208, param_norm=1665.5675048828125
Step 4195: grad_norm=6.299201488494873, loss=2.8060436248779297, param_norm=1665.567626953125
Step 4196: grad_norm=10.042699813842773, loss=2.629432439804077, param_norm=1665.567626953125
Step 4197: grad_norm=5.071210861206055, loss=2.666219711303711, param_norm=1665.567626953125
Step 4198: grad_norm=5.294206619262695, loss=2.7567265033721924, param_norm=1665.567626953125
Step 4199: grad_norm=4.893265724182129, loss=2.7186880111694336, param_norm=1665.567626953125
Step 4200: grad_norm=6.627766132354736, loss=2.594468593597412, param_norm=1665.567626953125
Step 4201: grad_norm=5.34658145904541, loss=2.6068029403686523, param_norm=1665.567626953125
Step 4202: grad_norm=7.641751766204834, loss=2.8642117977142334, param_norm=1665.567626953125
Step 4203: grad_norm=8.166008949279785, loss=2.747638702392578, param_norm=1665.567626953125
Step 4204: grad_norm=4.772407054901123, loss=2.4181981086730957, param_norm=1665.567626953125
Step 4205: grad_norm=9.891068458557129, loss=2.98134183883667, param_norm=1665.567626953125
Step 4206: grad_norm=6.901189804077148, loss=2.607393741607666, param_norm=1665.5677490234375
Step 4207: grad_norm=7.0571818351745605, loss=2.515019416809082, param_norm=1665.5677490234375
Step 4208: grad_norm=5.376135349273682, loss=2.8816311359405518, param_norm=1665.5677490234375
Step 4209: grad_norm=4.866142272949219, loss=2.753619909286499, param_norm=1665.5677490234375
Step 4210: grad_norm=5.408350467681885, loss=2.8706438541412354, param_norm=1665.5677490234375
Step 4211: grad_norm=8.193275451660156, loss=2.777008056640625, param_norm=1665.5677490234375
Step 4212: grad_norm=5.099291801452637, loss=2.359057903289795, param_norm=1665.5677490234375
Step 4213: grad_norm=5.6421990394592285, loss=2.538827657699585, param_norm=1665.5677490234375
Step 4214: grad_norm=4.929739475250244, loss=2.621440887451172, param_norm=1665.5677490234375
Step 4215: grad_norm=5.374663352966309, loss=2.696080446243286, param_norm=1665.5677490234375
Step 4216: grad_norm=4.711288928985596, loss=2.6594736576080322, param_norm=1665.5677490234375
Step 4217: grad_norm=5.450203895568848, loss=2.746565580368042, param_norm=1665.5677490234375
Step 4218: grad_norm=9.412694931030273, loss=2.659447431564331, param_norm=1665.5677490234375
Step 4219: grad_norm=5.016998291015625, loss=2.692401647567749, param_norm=1665.56787109375
Step 4220: grad_norm=6.134322166442871, loss=2.5456485748291016, param_norm=1665.56787109375
Step 4221: grad_norm=4.639423370361328, loss=2.6867098808288574, param_norm=1665.56787109375
Step 4222: grad_norm=5.850574016571045, loss=2.835293769836426, param_norm=1665.56787109375
Step 4223: grad_norm=7.33745813369751, loss=2.5949130058288574, param_norm=1665.56787109375
Step 4224: grad_norm=6.96157169342041, loss=2.74715256690979, param_norm=1665.56787109375
Step 4225: grad_norm=5.153591156005859, loss=2.5641510486602783, param_norm=1665.56787109375
Step 4226: grad_norm=9.42123794555664, loss=2.669663667678833, param_norm=1665.56787109375
Step 4227: grad_norm=4.745638847351074, loss=2.7572736740112305, param_norm=1665.56787109375
Step 4228: grad_norm=7.544745445251465, loss=2.3476221561431885, param_norm=1665.56787109375
Step 4229: grad_norm=8.076578140258789, loss=2.5778980255126953, param_norm=1665.56787109375
Step 4230: grad_norm=10.744999885559082, loss=2.6088221073150635, param_norm=1665.56787109375
Step 4231: grad_norm=7.236963748931885, loss=2.676417827606201, param_norm=1665.56787109375
Step 4232: grad_norm=6.315944671630859, loss=2.767120361328125, param_norm=1665.56787109375
Step 4233: grad_norm=4.79398250579834, loss=2.7720961570739746, param_norm=1665.56787109375
Step 4234: grad_norm=4.720466136932373, loss=2.546164035797119, param_norm=1665.56787109375
Step 4235: grad_norm=7.18248987197876, loss=2.6761507987976074, param_norm=1665.56787109375
Step 4236: grad_norm=5.618371486663818, loss=2.470766544342041, param_norm=1665.56787109375
Step 4237: grad_norm=5.272159099578857, loss=2.6705703735351562, param_norm=1665.56787109375
Step 4238: grad_norm=11.615778923034668, loss=2.50656795501709, param_norm=1665.5679931640625
Step 4239: grad_norm=7.9494452476501465, loss=2.436418056488037, param_norm=1665.5679931640625
Step 4240: grad_norm=5.759703159332275, loss=2.536442756652832, param_norm=1665.5679931640625
Step 4241: grad_norm=4.716614246368408, loss=2.7628939151763916, param_norm=1665.5679931640625
Step 4242: grad_norm=5.296233654022217, loss=2.6125190258026123, param_norm=1665.5679931640625
Step 4243: grad_norm=7.452894687652588, loss=2.5729916095733643, param_norm=1665.5679931640625
Step 4244: grad_norm=5.315321922302246, loss=2.642218589782715, param_norm=1665.5679931640625
Step 4245: grad_norm=5.013527870178223, loss=2.6937108039855957, param_norm=1665.5679931640625
Step 4246: grad_norm=7.127837657928467, loss=2.512944221496582, param_norm=1665.5679931640625
Step 4247: grad_norm=6.202282428741455, loss=2.8145861625671387, param_norm=1665.5679931640625
Step 4248: grad_norm=7.964853286743164, loss=2.613407611846924, param_norm=1665.5679931640625
Step 4249: grad_norm=7.507349491119385, loss=2.8886373043060303, param_norm=1665.5679931640625
Step 4250: grad_norm=5.6127777099609375, loss=2.5324764251708984, param_norm=1665.568115234375
Step 4251: grad_norm=8.329395294189453, loss=2.678990602493286, param_norm=1665.568115234375
Step 4252: grad_norm=5.1021575927734375, loss=2.619436740875244, param_norm=1665.5682373046875
Step 4253: grad_norm=5.341666221618652, loss=2.785780906677246, param_norm=1665.5682373046875
Step 4254: grad_norm=5.274168014526367, loss=2.6485331058502197, param_norm=1665.5682373046875
Step 4255: grad_norm=6.384199142456055, loss=2.6430227756500244, param_norm=1665.5682373046875
Step 4256: grad_norm=6.915281772613525, loss=2.6230220794677734, param_norm=1665.5682373046875
Step 4257: grad_norm=7.506289958953857, loss=2.556330680847168, param_norm=1665.568115234375
Step 4258: grad_norm=8.484314918518066, loss=2.7195634841918945, param_norm=1665.5682373046875
Step 4259: grad_norm=7.145529747009277, loss=2.5331077575683594, param_norm=1665.5682373046875
Step 4260: grad_norm=7.895219326019287, loss=2.50335955619812, param_norm=1665.5682373046875
Step 4261: grad_norm=6.019937515258789, loss=2.554884910583496, param_norm=1665.5682373046875
Step 4262: grad_norm=5.193423748016357, loss=2.691579818725586, param_norm=1665.5682373046875
Step 4263: grad_norm=4.692557334899902, loss=2.5873727798461914, param_norm=1665.5682373046875
Step 4264: grad_norm=6.3867058753967285, loss=2.8066112995147705, param_norm=1665.5682373046875
Step 4265: grad_norm=5.313240051269531, loss=2.4674973487854004, param_norm=1665.5682373046875
Step 4266: grad_norm=6.664181232452393, loss=2.526685953140259, param_norm=1665.5682373046875
Step 4267: grad_norm=7.88248348236084, loss=2.6625795364379883, param_norm=1665.5682373046875
Step 4268: grad_norm=7.74855899810791, loss=2.583700180053711, param_norm=1665.5682373046875
Step 4269: grad_norm=4.961026668548584, loss=2.574037551879883, param_norm=1665.5682373046875
Step 4270: grad_norm=5.15188455581665, loss=2.728703737258911, param_norm=1665.568359375
Step 4271: grad_norm=6.163502216339111, loss=2.677215099334717, param_norm=1665.5682373046875
Step 4272: grad_norm=5.774119853973389, loss=2.4785611629486084, param_norm=1665.5682373046875
Step 4273: grad_norm=4.622292995452881, loss=2.492124319076538, param_norm=1665.568359375
Step 4274: grad_norm=5.0188117027282715, loss=2.4940943717956543, param_norm=1665.568359375
Step 4275: grad_norm=5.601336479187012, loss=2.5059356689453125, param_norm=1665.568359375
Step 4276: grad_norm=6.263397693634033, loss=2.602585792541504, param_norm=1665.568359375
Step 4277: grad_norm=5.662395477294922, loss=2.7320661544799805, param_norm=1665.568359375
Step 4278: grad_norm=5.203826904296875, loss=2.7146387100219727, param_norm=1665.568359375
Step 4279: grad_norm=6.757824420928955, loss=2.478999137878418, param_norm=1665.568359375
Step 4280: grad_norm=6.138242721557617, loss=2.499375581741333, param_norm=1665.5684814453125
Step 4281: grad_norm=4.519655227661133, loss=2.637928009033203, param_norm=1665.5684814453125
Step 4282: grad_norm=5.797435283660889, loss=2.6640236377716064, param_norm=1665.5684814453125
Step 4283: grad_norm=5.0884857177734375, loss=2.573822498321533, param_norm=1665.5684814453125
Step 4284: grad_norm=5.474587917327881, loss=2.7563538551330566, param_norm=1665.5684814453125
Step 4285: grad_norm=4.927888870239258, loss=2.426988124847412, param_norm=1665.5684814453125
Step 4286: grad_norm=6.897044658660889, loss=2.856123924255371, param_norm=1665.5684814453125
Step 4287: grad_norm=5.727065086364746, loss=2.6787121295928955, param_norm=1665.5684814453125
Step 4288: grad_norm=5.707773208618164, loss=2.8700358867645264, param_norm=1665.5684814453125
Step 4289: grad_norm=7.414243221282959, loss=2.5923948287963867, param_norm=1665.5684814453125
Step 4290: grad_norm=6.0729169845581055, loss=2.5350840091705322, param_norm=1665.5684814453125
Step 4291: grad_norm=6.833232879638672, loss=2.5493617057800293, param_norm=1665.5684814453125
Step 4292: grad_norm=5.1375813484191895, loss=2.7543156147003174, param_norm=1665.5684814453125
Step 4293: grad_norm=7.3401360511779785, loss=2.5892601013183594, param_norm=1665.5684814453125
Step 4294: grad_norm=9.350801467895508, loss=2.652034282684326, param_norm=1665.5684814453125
Step 4295: grad_norm=8.531716346740723, loss=2.7019667625427246, param_norm=1665.5684814453125
Step 4296: grad_norm=6.031100749969482, loss=2.667114734649658, param_norm=1665.5684814453125
Step 4297: grad_norm=9.571215629577637, loss=2.4785897731781006, param_norm=1665.5684814453125
Step 4298: grad_norm=5.0332417488098145, loss=2.6110057830810547, param_norm=1665.5684814453125
Step 4299: grad_norm=8.236603736877441, loss=2.7540030479431152, param_norm=1665.5684814453125
Step 4300: grad_norm=10.929682731628418, loss=2.7870187759399414, param_norm=1665.5684814453125
Step 4301: grad_norm=6.364262104034424, loss=2.353299856185913, param_norm=1665.5684814453125
Step 4302: grad_norm=5.1598052978515625, loss=2.6315221786499023, param_norm=1665.5684814453125
Step 4303: grad_norm=5.055471897125244, loss=2.8199679851531982, param_norm=1665.5684814453125
Step 4304: grad_norm=5.069477558135986, loss=2.7318553924560547, param_norm=1665.5684814453125
Step 4305: grad_norm=11.360981941223145, loss=2.776089668273926, param_norm=1665.5684814453125
Step 4306: grad_norm=5.70393180847168, loss=2.57456111907959, param_norm=1665.5684814453125
Step 4307: grad_norm=4.898653030395508, loss=2.6670570373535156, param_norm=1665.568603515625
Step 4308: grad_norm=5.480762481689453, loss=2.756293773651123, param_norm=1665.568603515625
Step 4309: grad_norm=9.979585647583008, loss=2.6981348991394043, param_norm=1665.568603515625
Step 4310: grad_norm=6.549282550811768, loss=2.672107696533203, param_norm=1665.568603515625
Step 4311: grad_norm=7.630307674407959, loss=2.7508151531219482, param_norm=1665.568603515625
Step 4312: grad_norm=6.050274848937988, loss=2.6872124671936035, param_norm=1665.568603515625
Step 4313: grad_norm=5.274421215057373, loss=2.5834856033325195, param_norm=1665.568603515625
Step 4314: grad_norm=7.595557689666748, loss=2.5781192779541016, param_norm=1665.568603515625
Step 4315: grad_norm=5.291662216186523, loss=2.504817008972168, param_norm=1665.568603515625
Step 4316: grad_norm=7.423800468444824, loss=2.7578279972076416, param_norm=1665.568603515625
Step 4317: grad_norm=6.614715099334717, loss=2.541196823120117, param_norm=1665.568603515625
Step 4318: grad_norm=6.10031795501709, loss=2.4303414821624756, param_norm=1665.568603515625
Step 4319: grad_norm=4.8953351974487305, loss=2.650851249694824, param_norm=1665.568603515625
Step 4320: grad_norm=7.060903072357178, loss=2.688965320587158, param_norm=1665.568603515625
Step 4321: grad_norm=4.569205284118652, loss=2.4682931900024414, param_norm=1665.568603515625
Step 4322: grad_norm=7.807912349700928, loss=2.7502808570861816, param_norm=1665.568603515625
Step 4323: grad_norm=5.543192386627197, loss=3.0086121559143066, param_norm=1665.568603515625
Step 4324: grad_norm=5.095760345458984, loss=2.460357427597046, param_norm=1665.568603515625
Step 4325: grad_norm=4.948145866394043, loss=2.793558359146118, param_norm=1665.568603515625
Step 4326: grad_norm=5.399667739868164, loss=2.4276390075683594, param_norm=1665.568603515625
Step 4327: grad_norm=10.337533950805664, loss=2.7921156883239746, param_norm=1665.568603515625
Step 4328: grad_norm=5.3461833000183105, loss=2.749342918395996, param_norm=1665.568603515625
Step 4329: grad_norm=5.159406661987305, loss=2.346068859100342, param_norm=1665.568603515625
Step 4330: grad_norm=8.198614120483398, loss=2.8127450942993164, param_norm=1665.568603515625
Step 4331: grad_norm=6.6548285484313965, loss=2.6655404567718506, param_norm=1665.568603515625
Step 4332: grad_norm=6.107367992401123, loss=2.445779323577881, param_norm=1665.568603515625
Step 4333: grad_norm=4.5856828689575195, loss=2.4772164821624756, param_norm=1665.568603515625
Step 4334: grad_norm=4.999332904815674, loss=2.7635409832000732, param_norm=1665.568603515625
Step 4335: grad_norm=5.029013633728027, loss=2.7704484462738037, param_norm=1665.568603515625
Step 4336: grad_norm=9.21277141571045, loss=2.461085796356201, param_norm=1665.568603515625
Step 4337: grad_norm=7.455878734588623, loss=2.643258810043335, param_norm=1665.568603515625
Step 4338: grad_norm=8.1871919631958, loss=2.854279041290283, param_norm=1665.5687255859375
Step 4339: grad_norm=4.469745635986328, loss=2.8421027660369873, param_norm=1665.568603515625
Step 4340: grad_norm=7.910559177398682, loss=2.5506367683410645, param_norm=1665.5687255859375
Step 4341: grad_norm=5.296474456787109, loss=2.863154411315918, param_norm=1665.5687255859375
Step 4342: grad_norm=5.126572132110596, loss=2.417694568634033, param_norm=1665.5687255859375
Step 4343: grad_norm=4.979214668273926, loss=2.806339740753174, param_norm=1665.5687255859375
Step 4344: grad_norm=4.947368621826172, loss=2.404634475708008, param_norm=1665.5687255859375
Step 4345: grad_norm=5.004665374755859, loss=2.922158718109131, param_norm=1665.5687255859375
Step 4346: grad_norm=8.502652168273926, loss=2.6173417568206787, param_norm=1665.5687255859375
Step 4347: grad_norm=10.02402114868164, loss=2.4709439277648926, param_norm=1665.5687255859375
Step 4348: grad_norm=4.702388763427734, loss=2.535853624343872, param_norm=1665.5687255859375
Step 4349: grad_norm=10.32922077178955, loss=2.6871023178100586, param_norm=1665.5687255859375
Step 4350: grad_norm=5.185762405395508, loss=2.7774546146392822, param_norm=1665.56884765625
Step 4351: grad_norm=4.990258693695068, loss=2.8608345985412598, param_norm=1665.56884765625
Step 4352: grad_norm=7.656621932983398, loss=2.6448464393615723, param_norm=1665.5687255859375
Step 4353: grad_norm=5.330740928649902, loss=2.5709400177001953, param_norm=1665.56884765625
Step 4354: grad_norm=7.807513236999512, loss=2.6323137283325195, param_norm=1665.56884765625
Step 4355: grad_norm=6.315147876739502, loss=2.814649820327759, param_norm=1665.56884765625
Step 4356: grad_norm=5.140519618988037, loss=2.4106853008270264, param_norm=1665.56884765625
Step 4357: grad_norm=4.775834083557129, loss=2.684851884841919, param_norm=1665.56884765625
Step 4358: grad_norm=7.980325222015381, loss=2.4180116653442383, param_norm=1665.56884765625
Step 4359: grad_norm=5.445493221282959, loss=2.3229196071624756, param_norm=1665.56884765625
Step 4360: grad_norm=5.129984378814697, loss=2.746361494064331, param_norm=1665.56884765625
Step 4361: grad_norm=9.860067367553711, loss=2.6194815635681152, param_norm=1665.56884765625
Step 4362: grad_norm=5.225599765777588, loss=2.7828516960144043, param_norm=1665.5689697265625
Step 4363: grad_norm=7.851358890533447, loss=2.6881113052368164, param_norm=1665.56884765625
Step 4364: grad_norm=8.174553871154785, loss=2.7157676219940186, param_norm=1665.56884765625
Step 4365: grad_norm=7.180060863494873, loss=2.3648085594177246, param_norm=1665.56884765625
Step 4366: grad_norm=6.163244724273682, loss=2.4773430824279785, param_norm=1665.5689697265625
Step 4367: grad_norm=4.961426258087158, loss=2.7828428745269775, param_norm=1665.5689697265625
Step 4368: grad_norm=8.073236465454102, loss=2.422300338745117, param_norm=1665.5689697265625
Step 4369: grad_norm=6.576387405395508, loss=2.8394834995269775, param_norm=1665.5689697265625
Step 4370: grad_norm=4.782403945922852, loss=2.7453062534332275, param_norm=1665.5689697265625
Step 4371: grad_norm=6.625375270843506, loss=2.42653226852417, param_norm=1665.5689697265625
Step 4372: grad_norm=6.052899360656738, loss=2.58450984954834, param_norm=1665.5689697265625
Step 4373: grad_norm=4.966095924377441, loss=2.4845468997955322, param_norm=1665.5689697265625
Step 4374: grad_norm=6.050766944885254, loss=2.765214443206787, param_norm=1665.5689697265625
Step 4375: grad_norm=5.160032749176025, loss=2.6663601398468018, param_norm=1665.5689697265625
Step 4376: grad_norm=5.2423906326293945, loss=2.3157262802124023, param_norm=1665.5689697265625
Step 4377: grad_norm=5.057316303253174, loss=2.6952357292175293, param_norm=1665.5689697265625
Step 4378: grad_norm=8.970802307128906, loss=2.439648151397705, param_norm=1665.569091796875
Step 4379: grad_norm=4.6588454246521, loss=2.7447803020477295, param_norm=1665.569091796875
Step 4380: grad_norm=6.653092384338379, loss=2.8206422328948975, param_norm=1665.569091796875
Step 4381: grad_norm=4.5271077156066895, loss=2.529385805130005, param_norm=1665.569091796875
Step 4382: grad_norm=6.062157154083252, loss=2.643372058868408, param_norm=1665.569091796875
Step 4383: grad_norm=12.19832992553711, loss=2.672645330429077, param_norm=1665.569091796875
Step 4384: grad_norm=6.58248233795166, loss=2.5179758071899414, param_norm=1665.569091796875
Step 4385: grad_norm=5.549215793609619, loss=2.8128890991210938, param_norm=1665.569091796875
Step 4386: grad_norm=6.286632537841797, loss=2.5118656158447266, param_norm=1665.5692138671875
Step 4387: grad_norm=9.452930450439453, loss=2.5170440673828125, param_norm=1665.5692138671875
Step 4388: grad_norm=5.025088787078857, loss=2.696221351623535, param_norm=1665.5692138671875
Step 4389: grad_norm=5.576908111572266, loss=2.1801371574401855, param_norm=1665.5692138671875
Step 4390: grad_norm=12.020522117614746, loss=2.786409378051758, param_norm=1665.5692138671875
Step 4391: grad_norm=6.803869724273682, loss=2.794930934906006, param_norm=1665.5692138671875
Step 4392: grad_norm=5.818107604980469, loss=2.630861520767212, param_norm=1665.5692138671875
Step 4393: grad_norm=5.519014835357666, loss=2.725888252258301, param_norm=1665.5692138671875
Step 4394: grad_norm=7.484181880950928, loss=2.599609375, param_norm=1665.5692138671875
Step 4395: grad_norm=6.800933361053467, loss=2.6453373432159424, param_norm=1665.5692138671875
Step 4396: grad_norm=6.07051944732666, loss=2.6782846450805664, param_norm=1665.5692138671875
Step 4397: grad_norm=13.481839179992676, loss=2.419940710067749, param_norm=1665.5692138671875
Step 4398: grad_norm=5.081632614135742, loss=2.5213565826416016, param_norm=1665.5692138671875
Step 4399: grad_norm=7.042695999145508, loss=2.5358986854553223, param_norm=1665.5692138671875
Step 4400: grad_norm=11.486557006835938, loss=2.6148602962493896, param_norm=1665.5693359375
Step 4401: grad_norm=7.005897521972656, loss=2.5534229278564453, param_norm=1665.5693359375
Step 4402: grad_norm=5.381840705871582, loss=2.559577703475952, param_norm=1665.5693359375
Step 4403: grad_norm=6.152847766876221, loss=2.729994535446167, param_norm=1665.5693359375
Step 4404: grad_norm=8.092605590820312, loss=2.584110975265503, param_norm=1665.5693359375
Step 4405: grad_norm=5.322090148925781, loss=2.8456389904022217, param_norm=1665.5693359375
Step 4406: grad_norm=4.697622299194336, loss=2.664860963821411, param_norm=1665.5693359375
Step 4407: grad_norm=4.86944055557251, loss=2.5900893211364746, param_norm=1665.5693359375
Step 4408: grad_norm=5.33550500869751, loss=2.630618095397949, param_norm=1665.5694580078125
Step 4409: grad_norm=6.46690034866333, loss=2.6568613052368164, param_norm=1665.5694580078125
Step 4410: grad_norm=6.810599327087402, loss=2.664224863052368, param_norm=1665.5694580078125
Step 4411: grad_norm=4.820246696472168, loss=2.5756101608276367, param_norm=1665.5694580078125
Step 4412: grad_norm=6.010181903839111, loss=2.679108142852783, param_norm=1665.5694580078125
Step 4413: grad_norm=4.558907508850098, loss=2.6488304138183594, param_norm=1665.5694580078125
Step 4414: grad_norm=7.657332420349121, loss=2.672351360321045, param_norm=1665.5694580078125
Step 4415: grad_norm=6.7589430809021, loss=2.662067413330078, param_norm=1665.5694580078125
Step 4416: grad_norm=6.8987250328063965, loss=2.6543772220611572, param_norm=1665.5694580078125
Step 4417: grad_norm=5.559665203094482, loss=2.502326726913452, param_norm=1665.5694580078125
Step 4418: grad_norm=5.042043685913086, loss=2.5901265144348145, param_norm=1665.5694580078125
Step 4419: grad_norm=9.236137390136719, loss=2.615410327911377, param_norm=1665.5694580078125
Step 4420: grad_norm=6.8556060791015625, loss=2.6377997398376465, param_norm=1665.5694580078125
Step 4421: grad_norm=5.197016716003418, loss=2.4046096801757812, param_norm=1665.5694580078125
Step 4422: grad_norm=5.220790863037109, loss=2.433525800704956, param_norm=1665.5694580078125
Step 4423: grad_norm=4.894632339477539, loss=2.5242104530334473, param_norm=1665.5694580078125
Step 4424: grad_norm=7.751750946044922, loss=2.785641670227051, param_norm=1665.569580078125
Step 4425: grad_norm=6.991541862487793, loss=2.435269594192505, param_norm=1665.569580078125
Step 4426: grad_norm=7.813501834869385, loss=2.718846321105957, param_norm=1665.569580078125
Step 4427: grad_norm=5.233962535858154, loss=2.661022901535034, param_norm=1665.569580078125
Step 4428: grad_norm=10.707768440246582, loss=2.4353997707366943, param_norm=1665.569580078125
Step 4429: grad_norm=6.5679731369018555, loss=2.33967924118042, param_norm=1665.569580078125
Step 4430: grad_norm=8.727002143859863, loss=2.7002556324005127, param_norm=1665.569580078125
Step 4431: grad_norm=10.231549263000488, loss=2.546114206314087, param_norm=1665.569580078125
Step 4432: grad_norm=6.498780727386475, loss=2.5055298805236816, param_norm=1665.569580078125
Step 4433: grad_norm=10.10068130493164, loss=2.572829246520996, param_norm=1665.569580078125
Step 4434: grad_norm=5.447661399841309, loss=2.6191256046295166, param_norm=1665.569580078125
Step 4435: grad_norm=5.212780952453613, loss=2.2519607543945312, param_norm=1665.569580078125
Step 4436: grad_norm=4.4926371574401855, loss=2.5966594219207764, param_norm=1665.569580078125
Step 4437: grad_norm=5.942790508270264, loss=2.575953960418701, param_norm=1665.569580078125
Step 4438: grad_norm=4.582893371582031, loss=2.591855525970459, param_norm=1665.569580078125
Step 4439: grad_norm=6.778395652770996, loss=2.6761796474456787, param_norm=1665.569580078125
Step 4440: grad_norm=4.868682861328125, loss=2.3435611724853516, param_norm=1665.569580078125
Step 4441: grad_norm=7.743500232696533, loss=2.4128644466400146, param_norm=1665.569580078125
Step 4442: grad_norm=12.422887802124023, loss=2.673877000808716, param_norm=1665.569580078125
Step 4443: grad_norm=7.51810884475708, loss=2.6302108764648438, param_norm=1665.5697021484375
Step 4444: grad_norm=7.176790237426758, loss=2.6549694538116455, param_norm=1665.5697021484375
Step 4445: grad_norm=6.242961883544922, loss=2.712297201156616, param_norm=1665.5697021484375
Step 4446: grad_norm=5.25398063659668, loss=2.5293822288513184, param_norm=1665.5697021484375
Step 4447: grad_norm=6.174785137176514, loss=2.581757068634033, param_norm=1665.5697021484375
Step 4448: grad_norm=6.464288711547852, loss=2.58498215675354, param_norm=1665.56982421875
Step 4449: grad_norm=6.437566757202148, loss=2.616541624069214, param_norm=1665.56982421875
Step 4450: grad_norm=7.368962287902832, loss=2.539027452468872, param_norm=1665.56982421875
Step 4451: grad_norm=6.5797271728515625, loss=2.482816219329834, param_norm=1665.56982421875
Step 4452: grad_norm=6.0891947746276855, loss=2.6423423290252686, param_norm=1665.56982421875
Step 4453: grad_norm=9.2095947265625, loss=2.642305850982666, param_norm=1665.56982421875
Step 4454: grad_norm=6.349948406219482, loss=2.5648956298828125, param_norm=1665.56982421875
Step 4455: grad_norm=5.544459342956543, loss=2.930769920349121, param_norm=1665.56982421875
Step 4456: grad_norm=10.623852729797363, loss=2.5941152572631836, param_norm=1665.56982421875
Step 4457: grad_norm=6.416460990905762, loss=2.6160812377929688, param_norm=1665.56982421875
Step 4458: grad_norm=6.73548698425293, loss=2.5542705059051514, param_norm=1665.56982421875
Step 4459: grad_norm=6.254743576049805, loss=2.694235324859619, param_norm=1665.56982421875
Step 4460: grad_norm=16.810287475585938, loss=2.6101832389831543, param_norm=1665.56982421875
Step 4461: grad_norm=5.834316253662109, loss=2.614340305328369, param_norm=1665.56982421875
Step 4462: grad_norm=5.8740234375, loss=2.6783089637756348, param_norm=1665.5699462890625
Step 4463: grad_norm=15.064878463745117, loss=2.8502750396728516, param_norm=1665.5699462890625
Step 4464: grad_norm=10.185794830322266, loss=2.741063117980957, param_norm=1665.5699462890625
Step 4465: grad_norm=7.896180629730225, loss=2.5801138877868652, param_norm=1665.5699462890625
Step 4466: grad_norm=6.0068678855896, loss=2.768631935119629, param_norm=1665.5699462890625
Step 4467: grad_norm=9.236859321594238, loss=2.6272497177124023, param_norm=1665.5699462890625
Step 4468: grad_norm=5.384897708892822, loss=2.6017165184020996, param_norm=1665.5699462890625
Step 4469: grad_norm=4.97741174697876, loss=2.4294893741607666, param_norm=1665.5699462890625
Step 4470: grad_norm=5.451496601104736, loss=2.424102306365967, param_norm=1665.5699462890625
Step 4471: grad_norm=5.018621921539307, loss=2.763136863708496, param_norm=1665.5699462890625
Step 4472: grad_norm=5.021174907684326, loss=2.8057193756103516, param_norm=1665.5699462890625
Step 4473: grad_norm=7.0713958740234375, loss=2.765366554260254, param_norm=1665.5699462890625
Step 4474: grad_norm=4.849052906036377, loss=2.6959733963012695, param_norm=1665.5699462890625
Step 4475: grad_norm=11.237784385681152, loss=2.7904818058013916, param_norm=1665.5699462890625
Step 4476: grad_norm=9.564799308776855, loss=2.536651134490967, param_norm=1665.5699462890625
Step 4477: grad_norm=7.191334247589111, loss=2.6590933799743652, param_norm=1665.5699462890625
Step 4478: grad_norm=6.281233787536621, loss=2.784182548522949, param_norm=1665.5699462890625
Step 4479: grad_norm=5.220086097717285, loss=2.818166732788086, param_norm=1665.5699462890625
Step 4480: grad_norm=6.279904365539551, loss=2.594143867492676, param_norm=1665.5699462890625
Step 4481: grad_norm=5.4538774490356445, loss=2.5985965728759766, param_norm=1665.5699462890625
Step 4482: grad_norm=6.372567653656006, loss=2.751476764678955, param_norm=1665.5699462890625
Step 4483: grad_norm=6.050122261047363, loss=2.5965237617492676, param_norm=1665.5699462890625
Step 4484: grad_norm=8.103342056274414, loss=2.6803300380706787, param_norm=1665.5699462890625
Step 4485: grad_norm=6.291356563568115, loss=2.6414921283721924, param_norm=1665.5699462890625
Step 4486: grad_norm=6.460780143737793, loss=2.7506635189056396, param_norm=1665.5701904296875
Step 4487: grad_norm=6.022509574890137, loss=2.7050793170928955, param_norm=1665.5701904296875
Step 4488: grad_norm=4.912032127380371, loss=2.7505757808685303, param_norm=1665.5701904296875
Step 4489: grad_norm=10.99336051940918, loss=2.734982490539551, param_norm=1665.5701904296875
Step 4490: grad_norm=5.091183662414551, loss=2.737717628479004, param_norm=1665.5701904296875
Step 4491: grad_norm=9.17025089263916, loss=2.652599334716797, param_norm=1665.5701904296875
Step 4492: grad_norm=6.010210990905762, loss=2.650320053100586, param_norm=1665.5701904296875
Step 4493: grad_norm=8.690340042114258, loss=2.491525888442993, param_norm=1665.5701904296875
Step 4494: grad_norm=6.101355075836182, loss=2.4511117935180664, param_norm=1665.5701904296875
Step 4495: grad_norm=6.129937648773193, loss=2.560608386993408, param_norm=1665.5701904296875
Step 4496: grad_norm=7.7952375411987305, loss=2.644730806350708, param_norm=1665.5701904296875
Step 4497: grad_norm=6.752252578735352, loss=2.603407382965088, param_norm=1665.5701904296875
Step 4498: grad_norm=4.884838104248047, loss=2.4543097019195557, param_norm=1665.5701904296875
Step 4499: grad_norm=6.869744777679443, loss=2.4644103050231934, param_norm=1665.5701904296875
Step 4500: grad_norm=6.493912696838379, loss=2.746300458908081, param_norm=1665.5701904296875
Step 4501: grad_norm=9.378555297851562, loss=2.4891881942749023, param_norm=1665.5701904296875
Step 4502: grad_norm=7.6327619552612305, loss=2.8239362239837646, param_norm=1665.5701904296875
Step 4503: grad_norm=7.202280521392822, loss=2.6755833625793457, param_norm=1665.5701904296875
Step 4504: grad_norm=7.435410976409912, loss=2.672522783279419, param_norm=1665.5701904296875
Step 4505: grad_norm=8.8932523727417, loss=2.697282314300537, param_norm=1665.5701904296875
Step 4506: grad_norm=8.460465431213379, loss=2.6314353942871094, param_norm=1665.5701904296875
Step 4507: grad_norm=5.468404769897461, loss=2.6735782623291016, param_norm=1665.5701904296875
Step 4508: grad_norm=5.035949230194092, loss=2.5976104736328125, param_norm=1665.5701904296875
Step 4509: grad_norm=5.770568370819092, loss=2.751713752746582, param_norm=1665.5701904296875
Step 4510: grad_norm=6.872851848602295, loss=2.6541290283203125, param_norm=1665.5701904296875
Step 4511: grad_norm=4.757491588592529, loss=2.5079598426818848, param_norm=1665.5701904296875
Step 4512: grad_norm=6.256263256072998, loss=2.6388325691223145, param_norm=1665.5701904296875
Step 4513: grad_norm=5.943491458892822, loss=2.843088388442993, param_norm=1665.5701904296875
Step 4514: grad_norm=4.600027084350586, loss=2.7128264904022217, param_norm=1665.5703125
Step 4515: grad_norm=5.021425724029541, loss=2.5121700763702393, param_norm=1665.5703125
Step 4516: grad_norm=5.455360412597656, loss=2.6881368160247803, param_norm=1665.5703125
Step 4517: grad_norm=4.778009414672852, loss=2.7040200233459473, param_norm=1665.5703125
Step 4518: grad_norm=5.513584613800049, loss=2.8393900394439697, param_norm=1665.5703125
Step 4519: grad_norm=5.229395389556885, loss=2.497908115386963, param_norm=1665.5703125
Step 4520: grad_norm=8.117705345153809, loss=2.6101789474487305, param_norm=1665.5703125
Step 4521: grad_norm=8.66523265838623, loss=2.652379274368286, param_norm=1665.5704345703125
Step 4522: grad_norm=5.337625980377197, loss=2.39253830909729, param_norm=1665.5704345703125
Step 4523: grad_norm=5.648941516876221, loss=2.6963131427764893, param_norm=1665.5704345703125
Step 4524: grad_norm=5.242654323577881, loss=2.6683952808380127, param_norm=1665.5704345703125
Step 4525: grad_norm=5.141695022583008, loss=2.8444747924804688, param_norm=1665.5704345703125
Step 4526: grad_norm=5.993987560272217, loss=2.3587257862091064, param_norm=1665.5704345703125
Step 4527: grad_norm=6.456162929534912, loss=2.6670680046081543, param_norm=1665.5704345703125
Step 4528: grad_norm=6.033315181732178, loss=2.6861414909362793, param_norm=1665.5704345703125
Step 4529: grad_norm=5.2855916023254395, loss=2.6819469928741455, param_norm=1665.5704345703125
Step 4530: grad_norm=8.704644203186035, loss=2.4957447052001953, param_norm=1665.5704345703125
Step 4531: grad_norm=6.118820667266846, loss=2.691938638687134, param_norm=1665.5704345703125
Step 4532: grad_norm=5.372141361236572, loss=2.65934419631958, param_norm=1665.5704345703125
Step 4533: grad_norm=4.874246120452881, loss=2.3917980194091797, param_norm=1665.5704345703125
Step 4534: grad_norm=6.244356632232666, loss=2.5096688270568848, param_norm=1665.5704345703125
Step 4535: grad_norm=9.953285217285156, loss=2.551486015319824, param_norm=1665.5704345703125
Step 4536: grad_norm=5.663845539093018, loss=2.669525384902954, param_norm=1665.5704345703125
Step 4537: grad_norm=8.6104154586792, loss=2.4648876190185547, param_norm=1665.5704345703125
Step 4538: grad_norm=4.99661111831665, loss=2.490570545196533, param_norm=1665.5704345703125
Step 4539: grad_norm=13.467633247375488, loss=2.421180486679077, param_norm=1665.5704345703125
Step 4540: grad_norm=7.6142354011535645, loss=2.6290130615234375, param_norm=1665.5704345703125
Step 4541: grad_norm=5.879125118255615, loss=2.636307954788208, param_norm=1665.5704345703125
Step 4542: grad_norm=6.915740013122559, loss=2.483863353729248, param_norm=1665.5704345703125
Step 4543: grad_norm=7.0287394523620605, loss=2.5700387954711914, param_norm=1665.5704345703125
Step 4544: grad_norm=5.81259822845459, loss=2.730558395385742, param_norm=1665.570556640625
Step 4545: grad_norm=9.309419631958008, loss=2.2610011100769043, param_norm=1665.570556640625
Step 4546: grad_norm=4.987298011779785, loss=2.859602928161621, param_norm=1665.570556640625
Step 4547: grad_norm=7.11598539352417, loss=2.421133518218994, param_norm=1665.570556640625
Step 4548: grad_norm=5.423296928405762, loss=2.8943982124328613, param_norm=1665.570556640625
Step 4549: grad_norm=9.145990371704102, loss=2.8642184734344482, param_norm=1665.570556640625
Step 4550: grad_norm=10.069443702697754, loss=2.5971436500549316, param_norm=1665.570556640625
Step 4551: grad_norm=4.814168930053711, loss=2.2890944480895996, param_norm=1665.570556640625
Step 4552: grad_norm=9.704324722290039, loss=2.479478359222412, param_norm=1665.570556640625
Step 4553: grad_norm=5.245954513549805, loss=2.5264601707458496, param_norm=1665.570556640625
Step 4554: grad_norm=7.768484115600586, loss=2.6611316204071045, param_norm=1665.570556640625
Step 4555: grad_norm=5.512082099914551, loss=2.764416217803955, param_norm=1665.570556640625
Step 4556: grad_norm=8.145193099975586, loss=2.6061062812805176, param_norm=1665.570556640625
Step 4557: grad_norm=5.606743335723877, loss=2.891723155975342, param_norm=1665.570556640625
Step 4558: grad_norm=6.0083537101745605, loss=2.5033578872680664, param_norm=1665.570556640625
Step 4559: grad_norm=6.276362419128418, loss=2.547525644302368, param_norm=1665.570556640625
Step 4560: grad_norm=8.058923721313477, loss=2.6103663444519043, param_norm=1665.570556640625
Step 4561: grad_norm=5.441896915435791, loss=2.682122230529785, param_norm=1665.570556640625
Step 4562: grad_norm=6.26908016204834, loss=2.63553786277771, param_norm=1665.570556640625
Step 4563: grad_norm=5.465261936187744, loss=2.7691240310668945, param_norm=1665.570556640625
Step 4564: grad_norm=5.4692864418029785, loss=2.684727668762207, param_norm=1665.570556640625
Step 4565: grad_norm=5.3697896003723145, loss=2.7027664184570312, param_norm=1665.570556640625
Step 4566: grad_norm=6.090550899505615, loss=2.4791553020477295, param_norm=1665.570556640625
Step 4567: grad_norm=12.530994415283203, loss=2.7876462936401367, param_norm=1665.570556640625
Step 4568: grad_norm=5.899760723114014, loss=2.606686592102051, param_norm=1665.570556640625
Step 4569: grad_norm=8.413629531860352, loss=2.85502290725708, param_norm=1665.570556640625
Step 4570: grad_norm=6.384697437286377, loss=2.4064273834228516, param_norm=1665.570556640625
Step 4571: grad_norm=4.978404521942139, loss=2.5737409591674805, param_norm=1665.570556640625
Step 4572: grad_norm=8.74672794342041, loss=2.761105537414551, param_norm=1665.570556640625
Step 4573: grad_norm=9.64087200164795, loss=2.5984222888946533, param_norm=1665.570556640625
Step 4574: grad_norm=4.944281578063965, loss=2.7643167972564697, param_norm=1665.570556640625
Step 4575: grad_norm=4.9495415687561035, loss=2.6584858894348145, param_norm=1665.570556640625
Step 4576: grad_norm=8.941895484924316, loss=2.5365538597106934, param_norm=1665.570556640625
Step 4577: grad_norm=7.171333312988281, loss=2.5555944442749023, param_norm=1665.570556640625
Step 4578: grad_norm=5.652990818023682, loss=2.730499505996704, param_norm=1665.570556640625
Step 4579: grad_norm=7.850377559661865, loss=2.480919361114502, param_norm=1665.5706787109375
Step 4580: grad_norm=4.86244535446167, loss=2.5940823554992676, param_norm=1665.5706787109375
Step 4581: grad_norm=6.006352424621582, loss=2.617427349090576, param_norm=1665.5706787109375
Step 4582: grad_norm=6.278956890106201, loss=2.458282947540283, param_norm=1665.5706787109375
Step 4583: grad_norm=4.963009834289551, loss=2.4103198051452637, param_norm=1665.5706787109375
Step 4584: grad_norm=5.070284366607666, loss=2.5163075923919678, param_norm=1665.5706787109375
Step 4585: grad_norm=4.658164978027344, loss=2.6890969276428223, param_norm=1665.5706787109375
Step 4586: grad_norm=7.531712055206299, loss=2.8610658645629883, param_norm=1665.57080078125
Step 4587: grad_norm=6.415804862976074, loss=2.700477123260498, param_norm=1665.57080078125
Step 4588: grad_norm=10.837817192077637, loss=2.6225392818450928, param_norm=1665.57080078125
Step 4589: grad_norm=5.882213115692139, loss=2.583660125732422, param_norm=1665.57080078125
Step 4590: grad_norm=8.014455795288086, loss=2.800018310546875, param_norm=1665.57080078125
Step 4591: grad_norm=4.907100677490234, loss=2.612954616546631, param_norm=1665.57080078125
Step 4592: grad_norm=6.139463901519775, loss=2.825427293777466, param_norm=1665.57080078125
Step 4593: grad_norm=5.620896339416504, loss=2.7014875411987305, param_norm=1665.57080078125
Step 4594: grad_norm=5.362791538238525, loss=2.5394582748413086, param_norm=1665.57080078125
Step 4595: grad_norm=6.146266460418701, loss=2.785417318344116, param_norm=1665.57080078125
Step 4596: grad_norm=5.812339782714844, loss=2.6919188499450684, param_norm=1665.57080078125
Step 4597: grad_norm=4.66343879699707, loss=2.585007429122925, param_norm=1665.57080078125
Step 4598: grad_norm=6.551740646362305, loss=2.6129066944122314, param_norm=1665.57080078125
Step 4599: grad_norm=8.091337203979492, loss=2.6725871562957764, param_norm=1665.57080078125
Step 4600: grad_norm=6.373054504394531, loss=2.7951152324676514, param_norm=1665.57080078125
Step 4601: grad_norm=5.149139404296875, loss=2.697612762451172, param_norm=1665.57080078125
Step 4602: grad_norm=4.794295787811279, loss=2.776442050933838, param_norm=1665.57080078125
Step 4603: grad_norm=5.6119303703308105, loss=2.6306111812591553, param_norm=1665.57080078125
Step 4604: grad_norm=6.640147686004639, loss=2.7873053550720215, param_norm=1665.57080078125
Step 4605: grad_norm=7.002786159515381, loss=2.6310954093933105, param_norm=1665.57080078125
Step 4606: grad_norm=7.08978271484375, loss=2.558825731277466, param_norm=1665.57080078125
Step 4607: grad_norm=6.961991310119629, loss=2.658799648284912, param_norm=1665.57080078125
Step 4608: grad_norm=8.4531831741333, loss=2.709432363510132, param_norm=1665.57080078125
Step 4609: grad_norm=11.004817962646484, loss=2.638718843460083, param_norm=1665.57080078125
Step 4610: grad_norm=11.882270812988281, loss=2.6362223625183105, param_norm=1665.57080078125
Step 4611: grad_norm=6.067641258239746, loss=2.561182975769043, param_norm=1665.5709228515625
Step 4612: grad_norm=4.875570297241211, loss=2.5775773525238037, param_norm=1665.5709228515625
Step 4613: grad_norm=5.843786239624023, loss=2.623410224914551, param_norm=1665.5709228515625
Step 4614: grad_norm=5.673752784729004, loss=2.635265350341797, param_norm=1665.5709228515625
Step 4615: grad_norm=9.622498512268066, loss=2.467463254928589, param_norm=1665.5709228515625
Step 4616: grad_norm=5.357601165771484, loss=2.671121120452881, param_norm=1665.5709228515625
Step 4617: grad_norm=5.705592632293701, loss=2.3597793579101562, param_norm=1665.5709228515625
Step 4618: grad_norm=5.135403633117676, loss=2.595855951309204, param_norm=1665.5709228515625
Step 4619: grad_norm=5.7843017578125, loss=2.5887908935546875, param_norm=1665.5709228515625
Step 4620: grad_norm=6.978919506072998, loss=2.8785641193389893, param_norm=1665.5709228515625
Step 4621: grad_norm=6.080393314361572, loss=2.7967817783355713, param_norm=1665.5709228515625
Step 4622: grad_norm=12.93797779083252, loss=2.8068058490753174, param_norm=1665.571044921875
Step 4623: grad_norm=5.5177202224731445, loss=2.785824775695801, param_norm=1665.571044921875
Step 4624: grad_norm=6.246382713317871, loss=2.833305835723877, param_norm=1665.571044921875
Step 4625: grad_norm=4.643719673156738, loss=2.737220525741577, param_norm=1665.571044921875
Step 4626: grad_norm=9.671916961669922, loss=2.5664870738983154, param_norm=1665.571044921875
Step 4627: grad_norm=6.231462001800537, loss=2.645442008972168, param_norm=1665.571044921875
Step 4628: grad_norm=6.039398193359375, loss=2.532409429550171, param_norm=1665.571044921875
Step 4629: grad_norm=6.849869251251221, loss=2.6953647136688232, param_norm=1665.571044921875
Step 4630: grad_norm=8.40709114074707, loss=2.5403971672058105, param_norm=1665.571044921875
Step 4631: grad_norm=5.37441349029541, loss=2.405001163482666, param_norm=1665.571044921875
Step 4632: grad_norm=4.9787702560424805, loss=2.667276620864868, param_norm=1665.571044921875
Step 4633: grad_norm=10.82003402709961, loss=2.5142903327941895, param_norm=1665.571044921875
Step 4634: grad_norm=6.434487819671631, loss=2.6844844818115234, param_norm=1665.571044921875
Step 4635: grad_norm=8.64554214477539, loss=2.7222588062286377, param_norm=1665.571044921875
Step 4636: grad_norm=10.160530090332031, loss=2.5447311401367188, param_norm=1665.571044921875
Step 4637: grad_norm=6.187088966369629, loss=2.4819397926330566, param_norm=1665.571044921875
Step 4638: grad_norm=6.212700843811035, loss=2.4857401847839355, param_norm=1665.571044921875
Step 4639: grad_norm=5.842818260192871, loss=2.7839455604553223, param_norm=1665.571044921875
Step 4640: grad_norm=6.107426643371582, loss=2.6335203647613525, param_norm=1665.571044921875
Step 4641: grad_norm=5.183313369750977, loss=2.5248959064483643, param_norm=1665.5711669921875
Step 4642: grad_norm=6.201656818389893, loss=2.4971699714660645, param_norm=1665.5711669921875
Step 4643: grad_norm=5.57664680480957, loss=2.72611665725708, param_norm=1665.5711669921875
Step 4644: grad_norm=9.084023475646973, loss=2.756525993347168, param_norm=1665.5711669921875
Step 4645: grad_norm=5.879133701324463, loss=2.7861335277557373, param_norm=1665.5711669921875
Step 4646: grad_norm=5.186437129974365, loss=2.548121929168701, param_norm=1665.5711669921875
Step 4647: grad_norm=7.295193672180176, loss=2.7480034828186035, param_norm=1665.5711669921875
Step 4648: grad_norm=10.965929985046387, loss=2.5267646312713623, param_norm=1665.5711669921875
Step 4649: grad_norm=5.4587860107421875, loss=2.3978636264801025, param_norm=1665.5711669921875
Step 4650: grad_norm=4.973649501800537, loss=3.015570640563965, param_norm=1665.5711669921875
Step 4651: grad_norm=7.607830047607422, loss=2.790010452270508, param_norm=1665.5711669921875
Step 4652: grad_norm=5.104428291320801, loss=2.532043933868408, param_norm=1665.5711669921875
Step 4653: grad_norm=4.809875965118408, loss=2.583686113357544, param_norm=1665.5711669921875
Step 4654: grad_norm=7.364217758178711, loss=2.5146560668945312, param_norm=1665.5711669921875
Step 4655: grad_norm=5.482535362243652, loss=2.3852477073669434, param_norm=1665.5711669921875
Step 4656: grad_norm=8.823838233947754, loss=2.593458652496338, param_norm=1665.5714111328125
Step 4657: grad_norm=6.863698959350586, loss=2.7073450088500977, param_norm=1665.5714111328125
Step 4658: grad_norm=6.389438152313232, loss=2.7016818523406982, param_norm=1665.5714111328125
Step 4659: grad_norm=6.8159708976745605, loss=2.5960922241210938, param_norm=1665.5714111328125
Step 4660: grad_norm=5.129619121551514, loss=2.6622021198272705, param_norm=1665.5714111328125
Step 4661: grad_norm=8.05234146118164, loss=2.730668544769287, param_norm=1665.5714111328125
Step 4662: grad_norm=6.9993977546691895, loss=2.8518333435058594, param_norm=1665.5714111328125
Step 4663: grad_norm=9.65325927734375, loss=2.687856435775757, param_norm=1665.5714111328125
Step 4664: grad_norm=5.863423824310303, loss=2.6503162384033203, param_norm=1665.5714111328125
Step 4665: grad_norm=10.827531814575195, loss=2.397092819213867, param_norm=1665.5714111328125
Step 4666: grad_norm=10.265368461608887, loss=2.796220302581787, param_norm=1665.5714111328125
Step 4667: grad_norm=5.082223892211914, loss=2.5183889865875244, param_norm=1665.5714111328125
Step 4668: grad_norm=6.788802623748779, loss=2.5663769245147705, param_norm=1665.5714111328125
Step 4669: grad_norm=5.3090715408325195, loss=2.5678439140319824, param_norm=1665.5714111328125
Step 4670: grad_norm=7.2008466720581055, loss=2.668431520462036, param_norm=1665.5714111328125
Step 4671: grad_norm=6.498036861419678, loss=2.4987385272979736, param_norm=1665.5714111328125
Step 4672: grad_norm=5.22770881652832, loss=2.5414185523986816, param_norm=1665.5714111328125
Step 4673: grad_norm=8.358407020568848, loss=2.8316216468811035, param_norm=1665.5714111328125
Step 4674: grad_norm=5.193437576293945, loss=2.8508143424987793, param_norm=1665.5714111328125
Step 4675: grad_norm=5.765893459320068, loss=2.5103507041931152, param_norm=1665.5714111328125
Step 4676: grad_norm=7.987319469451904, loss=2.71169376373291, param_norm=1665.5714111328125
Step 4677: grad_norm=5.300803184509277, loss=2.539860248565674, param_norm=1665.5714111328125
Step 4678: grad_norm=7.404515743255615, loss=2.613220453262329, param_norm=1665.5714111328125
Step 4679: grad_norm=4.8377227783203125, loss=2.5593996047973633, param_norm=1665.5714111328125
Step 4680: grad_norm=5.623092174530029, loss=2.602668046951294, param_norm=1665.5714111328125
Step 4681: grad_norm=9.428791999816895, loss=2.6589152812957764, param_norm=1665.5714111328125
Step 4682: grad_norm=7.132152080535889, loss=2.6350483894348145, param_norm=1665.571533203125
Step 4683: grad_norm=5.548263072967529, loss=2.833214044570923, param_norm=1665.571533203125
Step 4684: grad_norm=5.781712055206299, loss=2.6385786533355713, param_norm=1665.571533203125
Step 4685: grad_norm=6.793741703033447, loss=2.773674964904785, param_norm=1665.571533203125
Step 4686: grad_norm=4.987402439117432, loss=2.5659232139587402, param_norm=1665.571533203125
Step 4687: grad_norm=5.7536139488220215, loss=2.6168370246887207, param_norm=1665.571533203125
Step 4688: grad_norm=6.4977803230285645, loss=2.3549840450286865, param_norm=1665.571533203125
Step 4689: grad_norm=6.437880516052246, loss=2.6324775218963623, param_norm=1665.571533203125
Step 4690: grad_norm=5.920386791229248, loss=2.571864128112793, param_norm=1665.571533203125
Step 4691: grad_norm=6.069156646728516, loss=2.5673828125, param_norm=1665.571533203125
Step 4692: grad_norm=6.157376289367676, loss=2.77472186088562, param_norm=1665.571533203125
Step 4693: grad_norm=5.842167854309082, loss=2.678304672241211, param_norm=1665.571533203125
Step 4694: grad_norm=5.152519226074219, loss=2.4528403282165527, param_norm=1665.571533203125
Step 4695: grad_norm=11.330109596252441, loss=2.5383949279785156, param_norm=1665.571533203125
Step 4696: grad_norm=8.210159301757812, loss=2.809096336364746, param_norm=1665.571533203125
Step 4697: grad_norm=5.424441814422607, loss=2.656503677368164, param_norm=1665.571533203125
Step 4698: grad_norm=6.9861531257629395, loss=2.7395009994506836, param_norm=1665.571533203125
Step 4699: grad_norm=4.881396770477295, loss=2.3753647804260254, param_norm=1665.571533203125
Step 4700: grad_norm=4.979101181030273, loss=2.570030450820923, param_norm=1665.571533203125
Step 4701: grad_norm=6.204824924468994, loss=2.7754058837890625, param_norm=1665.571533203125
Step 4702: grad_norm=6.1969709396362305, loss=2.6234512329101562, param_norm=1665.571533203125
Step 4703: grad_norm=4.785886287689209, loss=2.7911524772644043, param_norm=1665.571533203125
Step 4704: grad_norm=8.969432830810547, loss=2.6304445266723633, param_norm=1665.571533203125
Step 4705: grad_norm=8.44144058227539, loss=2.453425645828247, param_norm=1665.571533203125
Step 4706: grad_norm=5.902528762817383, loss=2.550837755203247, param_norm=1665.571533203125
Step 4707: grad_norm=4.886415481567383, loss=2.5199475288391113, param_norm=1665.571533203125
Step 4708: grad_norm=4.935521602630615, loss=2.628774642944336, param_norm=1665.571533203125
Step 4709: grad_norm=7.5031352043151855, loss=2.751840591430664, param_norm=1665.571533203125
Step 4710: grad_norm=5.189843654632568, loss=2.5707011222839355, param_norm=1665.571533203125
Step 4711: grad_norm=5.310014247894287, loss=2.5361266136169434, param_norm=1665.571533203125
Step 4712: grad_norm=6.182974815368652, loss=2.705015182495117, param_norm=1665.571533203125
Step 4713: grad_norm=5.769565105438232, loss=2.6781492233276367, param_norm=1665.571533203125
Step 4714: grad_norm=5.234702110290527, loss=2.5510103702545166, param_norm=1665.571533203125
Step 4715: grad_norm=4.861941814422607, loss=2.5139942169189453, param_norm=1665.5716552734375
Step 4716: grad_norm=4.697487831115723, loss=2.724736213684082, param_norm=1665.571533203125
Step 4717: grad_norm=6.128112316131592, loss=2.7920713424682617, param_norm=1665.571533203125
Step 4718: grad_norm=8.628535270690918, loss=2.6156165599823, param_norm=1665.5716552734375
Step 4719: grad_norm=4.80866813659668, loss=2.6465072631835938, param_norm=1665.5716552734375
Step 4720: grad_norm=13.485982894897461, loss=2.364254951477051, param_norm=1665.5716552734375
Step 4721: grad_norm=8.339790344238281, loss=2.5550200939178467, param_norm=1665.5716552734375
Step 4722: grad_norm=8.671672821044922, loss=2.730264186859131, param_norm=1665.5716552734375
Step 4723: grad_norm=6.126441955566406, loss=2.5812978744506836, param_norm=1665.5716552734375
Step 4724: grad_norm=5.7153825759887695, loss=2.6972198486328125, param_norm=1665.57177734375
Step 4725: grad_norm=6.4485039710998535, loss=2.8335564136505127, param_norm=1665.57177734375
Step 4726: grad_norm=4.804673671722412, loss=2.4864227771759033, param_norm=1665.57177734375
Step 4727: grad_norm=7.26571798324585, loss=2.588106393814087, param_norm=1665.57177734375
Step 4728: grad_norm=5.003905296325684, loss=2.855846881866455, param_norm=1665.57177734375
Step 4729: grad_norm=5.850118637084961, loss=2.694887638092041, param_norm=1665.57177734375
Step 4730: grad_norm=6.540841579437256, loss=2.6039786338806152, param_norm=1665.57177734375
Step 4731: grad_norm=5.536306381225586, loss=2.6482415199279785, param_norm=1665.57177734375
Step 4732: grad_norm=9.129766464233398, loss=2.7583909034729004, param_norm=1665.57177734375
Step 4733: grad_norm=5.692405700683594, loss=2.4455766677856445, param_norm=1665.57177734375
Step 4734: grad_norm=7.0172295570373535, loss=2.9789485931396484, param_norm=1665.57177734375
Step 4735: grad_norm=7.320951461791992, loss=2.859034538269043, param_norm=1665.57177734375
Step 4736: grad_norm=7.570462703704834, loss=2.630549907684326, param_norm=1665.57177734375
Step 4737: grad_norm=8.848213195800781, loss=2.8024516105651855, param_norm=1665.57177734375
Step 4738: grad_norm=5.107660293579102, loss=2.5398917198181152, param_norm=1665.57177734375
Step 4739: grad_norm=5.02437686920166, loss=2.590634822845459, param_norm=1665.57177734375
Step 4740: grad_norm=6.133422374725342, loss=2.5662286281585693, param_norm=1665.57177734375
Step 4741: grad_norm=10.31789493560791, loss=2.665445327758789, param_norm=1665.57177734375
Step 4742: grad_norm=8.780781745910645, loss=2.7732205390930176, param_norm=1665.57177734375
Step 4743: grad_norm=7.4293532371521, loss=2.901601552963257, param_norm=1665.57177734375
Step 4744: grad_norm=5.8428730964660645, loss=2.5128419399261475, param_norm=1665.57177734375
Step 4745: grad_norm=5.219027519226074, loss=2.679311513900757, param_norm=1665.57177734375
Step 4746: grad_norm=10.347793579101562, loss=2.655674457550049, param_norm=1665.57177734375
Step 4747: grad_norm=10.176836013793945, loss=2.6579747200012207, param_norm=1665.57177734375
Step 4748: grad_norm=8.209650039672852, loss=2.620783805847168, param_norm=1665.57177734375
Step 4749: grad_norm=9.465250968933105, loss=2.3721351623535156, param_norm=1665.57177734375
Step 4750: grad_norm=7.0470428466796875, loss=2.7826921939849854, param_norm=1665.57177734375
Step 4751: grad_norm=7.067907333374023, loss=2.705277919769287, param_norm=1665.57177734375
Step 4752: grad_norm=6.4565839767456055, loss=2.7411069869995117, param_norm=1665.57177734375
Step 4753: grad_norm=10.61009693145752, loss=2.4669268131256104, param_norm=1665.57177734375
Step 4754: grad_norm=6.055271625518799, loss=2.5138587951660156, param_norm=1665.57177734375
Step 4755: grad_norm=6.693341255187988, loss=2.546103000640869, param_norm=1665.57177734375
Step 4756: grad_norm=4.812974452972412, loss=2.8199009895324707, param_norm=1665.57177734375
Step 4757: grad_norm=9.06175422668457, loss=2.5338027477264404, param_norm=1665.57177734375
Step 4758: grad_norm=5.830133438110352, loss=2.7183890342712402, param_norm=1665.57177734375
Step 4759: grad_norm=5.721638202667236, loss=2.7346320152282715, param_norm=1665.57177734375
Step 4760: grad_norm=7.2666544914245605, loss=2.2226104736328125, param_norm=1665.57177734375
Step 4761: grad_norm=8.313644409179688, loss=2.505053997039795, param_norm=1665.57177734375
Step 4762: grad_norm=6.8002448081970215, loss=2.4875221252441406, param_norm=1665.5718994140625
Step 4763: grad_norm=7.08047342300415, loss=2.687628746032715, param_norm=1665.5718994140625
Step 4764: grad_norm=5.561779975891113, loss=2.6604254245758057, param_norm=1665.5718994140625
Step 4765: grad_norm=7.269676685333252, loss=2.7155206203460693, param_norm=1665.5718994140625
Step 4766: grad_norm=5.180130958557129, loss=2.5455546379089355, param_norm=1665.5718994140625
Step 4767: grad_norm=5.011749744415283, loss=2.9552950859069824, param_norm=1665.5718994140625
Step 4768: grad_norm=5.692468166351318, loss=2.6219141483306885, param_norm=1665.5718994140625
Step 4769: grad_norm=5.004614353179932, loss=2.7988648414611816, param_norm=1665.5718994140625
Step 4770: grad_norm=10.8585205078125, loss=2.5945489406585693, param_norm=1665.5718994140625
Step 4771: grad_norm=8.978992462158203, loss=2.447251319885254, param_norm=1665.5718994140625
Step 4772: grad_norm=5.706884860992432, loss=2.762140989303589, param_norm=1665.5718994140625
Step 4773: grad_norm=5.494448661804199, loss=2.703758478164673, param_norm=1665.5718994140625
Step 4774: grad_norm=6.739846706390381, loss=2.563791513442993, param_norm=1665.5718994140625
Step 4775: grad_norm=5.0941972732543945, loss=2.5983104705810547, param_norm=1665.5718994140625
Step 4776: grad_norm=10.951435089111328, loss=2.608442783355713, param_norm=1665.5718994140625
Step 4777: grad_norm=8.458727836608887, loss=2.5822062492370605, param_norm=1665.5718994140625
Step 4778: grad_norm=5.232599258422852, loss=2.427602767944336, param_norm=1665.5721435546875
Step 4779: grad_norm=5.822751522064209, loss=2.68239164352417, param_norm=1665.5721435546875
Step 4780: grad_norm=7.71423864364624, loss=2.48323392868042, param_norm=1665.5721435546875
Step 4781: grad_norm=5.293901443481445, loss=2.6323184967041016, param_norm=1665.5721435546875
Step 4782: grad_norm=7.0618062019348145, loss=2.6102566719055176, param_norm=1665.5721435546875
Step 4783: grad_norm=4.903393745422363, loss=2.6798369884490967, param_norm=1665.5721435546875
Step 4784: grad_norm=6.676653861999512, loss=2.5558629035949707, param_norm=1665.5721435546875
Step 4785: grad_norm=10.250190734863281, loss=2.7715682983398438, param_norm=1665.5721435546875
Step 4786: grad_norm=7.686245441436768, loss=2.5591399669647217, param_norm=1665.5721435546875
Step 4787: grad_norm=4.993247032165527, loss=2.729759693145752, param_norm=1665.5721435546875
Step 4788: grad_norm=6.683509349822998, loss=2.6868386268615723, param_norm=1665.5721435546875
Step 4789: grad_norm=5.6320295333862305, loss=2.7319912910461426, param_norm=1665.5721435546875
Step 4790: grad_norm=6.738485813140869, loss=2.4809303283691406, param_norm=1665.5721435546875
Step 4791: grad_norm=4.952070713043213, loss=2.5665154457092285, param_norm=1665.5721435546875
Step 4792: grad_norm=4.943183422088623, loss=2.77431058883667, param_norm=1665.5721435546875
Step 4793: grad_norm=5.80525541305542, loss=2.627361297607422, param_norm=1665.5721435546875
Step 4794: grad_norm=5.171822547912598, loss=2.818063974380493, param_norm=1665.5721435546875
Step 4795: grad_norm=5.035017013549805, loss=2.616008758544922, param_norm=1665.5721435546875
Step 4796: grad_norm=5.7894182205200195, loss=2.722090244293213, param_norm=1665.5721435546875
Step 4797: grad_norm=8.927757263183594, loss=2.428455114364624, param_norm=1665.5721435546875
Step 4798: grad_norm=4.8801751136779785, loss=2.619783878326416, param_norm=1665.5721435546875
Step 4799: grad_norm=6.6300048828125, loss=2.572216033935547, param_norm=1665.5721435546875
Step 4800: grad_norm=8.176407814025879, loss=2.6755905151367188, param_norm=1665.5721435546875
Step 4801: grad_norm=8.492217063903809, loss=2.541066884994507, param_norm=1665.5721435546875
Step 4802: grad_norm=7.9366135597229, loss=2.8365108966827393, param_norm=1665.5721435546875
Step 4803: grad_norm=7.803682327270508, loss=2.740334987640381, param_norm=1665.5721435546875
Step 4804: grad_norm=6.300619602203369, loss=2.6765058040618896, param_norm=1665.572265625
Step 4805: grad_norm=5.128366470336914, loss=2.635395050048828, param_norm=1665.572265625
Step 4806: grad_norm=6.425569534301758, loss=2.6684036254882812, param_norm=1665.5721435546875
Step 4807: grad_norm=5.168628692626953, loss=2.5202369689941406, param_norm=1665.572265625
Step 4808: grad_norm=6.528635501861572, loss=2.6330759525299072, param_norm=1665.572265625
Step 4809: grad_norm=6.565401554107666, loss=2.5860655307769775, param_norm=1665.5721435546875
Step 4810: grad_norm=5.020915508270264, loss=2.606018543243408, param_norm=1665.572265625
Step 4811: grad_norm=5.408805847167969, loss=2.5732264518737793, param_norm=1665.572265625
Step 4812: grad_norm=5.604560852050781, loss=2.6864609718322754, param_norm=1665.572265625
Step 4813: grad_norm=7.907956600189209, loss=2.635496139526367, param_norm=1665.572265625
Step 4814: grad_norm=6.681149005889893, loss=2.8120908737182617, param_norm=1665.572265625
Step 4815: grad_norm=5.076507091522217, loss=2.3955488204956055, param_norm=1665.572265625
Step 4816: grad_norm=5.3401079177856445, loss=2.6092751026153564, param_norm=1665.572265625
Step 4817: grad_norm=6.814085483551025, loss=2.6738672256469727, param_norm=1665.572265625
Step 4818: grad_norm=7.248848915100098, loss=2.6747148036956787, param_norm=1665.572265625
Step 4819: grad_norm=5.338070869445801, loss=2.7256016731262207, param_norm=1665.572265625
Step 4820: grad_norm=12.546006202697754, loss=2.671154737472534, param_norm=1665.572265625
Step 4821: grad_norm=4.9900102615356445, loss=2.465449094772339, param_norm=1665.5723876953125
Step 4822: grad_norm=5.778964519500732, loss=2.5370230674743652, param_norm=1665.5723876953125
Step 4823: grad_norm=7.96160364151001, loss=2.59749174118042, param_norm=1665.5723876953125
Step 4824: grad_norm=6.440849304199219, loss=2.59997820854187, param_norm=1665.5723876953125
Step 4825: grad_norm=8.762296676635742, loss=2.380188465118408, param_norm=1665.5723876953125
Step 4826: grad_norm=7.1588311195373535, loss=2.632920742034912, param_norm=1665.5723876953125
Step 4827: grad_norm=6.5174560546875, loss=2.465446949005127, param_norm=1665.5723876953125
Step 4828: grad_norm=5.379960536956787, loss=2.350607395172119, param_norm=1665.5723876953125
Step 4829: grad_norm=5.008255481719971, loss=2.6324214935302734, param_norm=1665.5723876953125
Step 4830: grad_norm=7.190119743347168, loss=2.515077590942383, param_norm=1665.5723876953125
Step 4831: grad_norm=10.969701766967773, loss=2.563560962677002, param_norm=1665.5723876953125
Step 4832: grad_norm=5.731808185577393, loss=2.5156970024108887, param_norm=1665.572509765625
Step 4833: grad_norm=5.862619400024414, loss=2.81414532661438, param_norm=1665.572509765625
Step 4834: grad_norm=6.7873454093933105, loss=2.7553091049194336, param_norm=1665.572509765625
Step 4835: grad_norm=9.305081367492676, loss=2.5700418949127197, param_norm=1665.572509765625
Step 4836: grad_norm=6.12974214553833, loss=2.740882396697998, param_norm=1665.5723876953125
Step 4837: grad_norm=5.756121635437012, loss=2.7800028324127197, param_norm=1665.5723876953125
Step 4838: grad_norm=4.886050224304199, loss=2.7260615825653076, param_norm=1665.572509765625
Step 4839: grad_norm=5.484856605529785, loss=2.533578395843506, param_norm=1665.572509765625
Step 4840: grad_norm=6.605886936187744, loss=2.718686580657959, param_norm=1665.572509765625
Step 4841: grad_norm=7.703629016876221, loss=2.6321606636047363, param_norm=1665.572509765625
Step 4842: grad_norm=4.864912033081055, loss=2.483315944671631, param_norm=1665.572509765625
Step 4843: grad_norm=6.097925662994385, loss=2.4743247032165527, param_norm=1665.572509765625
Step 4844: grad_norm=10.482666969299316, loss=2.8673720359802246, param_norm=1665.572509765625
Step 4845: grad_norm=6.218900680541992, loss=2.770031213760376, param_norm=1665.572509765625
Step 4846: grad_norm=7.579448699951172, loss=2.7761754989624023, param_norm=1665.572509765625
Step 4847: grad_norm=6.072451591491699, loss=2.463374137878418, param_norm=1665.572509765625
Step 4848: grad_norm=6.146836280822754, loss=2.5418734550476074, param_norm=1665.572509765625
Step 4849: grad_norm=5.343545913696289, loss=2.8135242462158203, param_norm=1665.572509765625
Step 4850: grad_norm=4.506956100463867, loss=2.63655161857605, param_norm=1665.572509765625
Step 4851: grad_norm=5.0802226066589355, loss=2.6314949989318848, param_norm=1665.572509765625
Step 4852: grad_norm=5.44170618057251, loss=2.7537145614624023, param_norm=1665.572509765625
Step 4853: grad_norm=7.715824604034424, loss=2.548949718475342, param_norm=1665.5726318359375
Step 4854: grad_norm=5.052746772766113, loss=2.49660062789917, param_norm=1665.5726318359375
Step 4855: grad_norm=5.0577921867370605, loss=2.3585376739501953, param_norm=1665.5726318359375
Step 4856: grad_norm=7.784539699554443, loss=2.6825785636901855, param_norm=1665.5726318359375
Step 4857: grad_norm=5.968235969543457, loss=2.7488789558410645, param_norm=1665.5726318359375
Step 4858: grad_norm=5.268288612365723, loss=2.659973621368408, param_norm=1665.5726318359375
Step 4859: grad_norm=5.413315296173096, loss=2.707221746444702, param_norm=1665.57275390625
Step 4860: grad_norm=5.278221607208252, loss=2.4103379249572754, param_norm=1665.57275390625
Step 4861: grad_norm=11.033385276794434, loss=2.6636204719543457, param_norm=1665.57275390625
Step 4862: grad_norm=5.009762763977051, loss=2.5765485763549805, param_norm=1665.57275390625
Step 4863: grad_norm=4.95396089553833, loss=2.595357656478882, param_norm=1665.57275390625
Step 4864: grad_norm=6.233870506286621, loss=2.5559654235839844, param_norm=1665.57275390625
Step 4865: grad_norm=5.237092018127441, loss=2.625065326690674, param_norm=1665.57275390625
Step 4866: grad_norm=5.886356830596924, loss=2.682894229888916, param_norm=1665.57275390625
Step 4867: grad_norm=6.426492691040039, loss=2.8859810829162598, param_norm=1665.57275390625
Step 4868: grad_norm=5.174923419952393, loss=2.667896032333374, param_norm=1665.57275390625
Step 4869: grad_norm=4.701406478881836, loss=2.3284525871276855, param_norm=1665.57275390625
Step 4870: grad_norm=8.696619987487793, loss=2.7024168968200684, param_norm=1665.57275390625
Step 4871: grad_norm=5.673448085784912, loss=2.4436874389648438, param_norm=1665.57275390625
Step 4872: grad_norm=5.018626689910889, loss=2.938401699066162, param_norm=1665.57275390625
Step 4873: grad_norm=6.324985504150391, loss=2.621790885925293, param_norm=1665.57275390625
Step 4874: grad_norm=6.118224620819092, loss=2.5719947814941406, param_norm=1665.57275390625
Step 4875: grad_norm=7.032133102416992, loss=2.7736268043518066, param_norm=1665.57275390625
Step 4876: grad_norm=9.722002983093262, loss=2.621752977371216, param_norm=1665.57275390625
Step 4877: grad_norm=7.3019490242004395, loss=2.5534844398498535, param_norm=1665.57275390625
Step 4878: grad_norm=10.050687789916992, loss=2.7361984252929688, param_norm=1665.5728759765625
Step 4879: grad_norm=9.838672637939453, loss=2.5060596466064453, param_norm=1665.5728759765625
Step 4880: grad_norm=5.242177963256836, loss=2.769228935241699, param_norm=1665.5728759765625
Step 4881: grad_norm=5.937522888183594, loss=2.5024032592773438, param_norm=1665.5728759765625
Step 4882: grad_norm=6.34282112121582, loss=2.630364179611206, param_norm=1665.5728759765625
Step 4883: grad_norm=5.779910087585449, loss=2.632956027984619, param_norm=1665.5728759765625
Step 4884: grad_norm=5.214179992675781, loss=2.610966205596924, param_norm=1665.5728759765625
Step 4885: grad_norm=6.911002159118652, loss=2.41998553276062, param_norm=1665.5728759765625
Step 4886: grad_norm=5.440072059631348, loss=2.3794093132019043, param_norm=1665.5728759765625
Step 4887: grad_norm=5.919729232788086, loss=2.6043860912323, param_norm=1665.5728759765625
Step 4888: grad_norm=5.295433044433594, loss=2.1619279384613037, param_norm=1665.5728759765625
Step 4889: grad_norm=6.028554916381836, loss=2.4486474990844727, param_norm=1665.5728759765625
Step 4890: grad_norm=10.02910041809082, loss=2.5455899238586426, param_norm=1665.5728759765625
Step 4891: grad_norm=5.698304653167725, loss=2.70597243309021, param_norm=1665.5728759765625
Step 4892: grad_norm=7.665443420410156, loss=2.457455635070801, param_norm=1665.572998046875
Step 4893: grad_norm=10.346399307250977, loss=2.60493540763855, param_norm=1665.572998046875
Step 4894: grad_norm=5.403644561767578, loss=2.762664318084717, param_norm=1665.572998046875
Step 4895: grad_norm=8.613150596618652, loss=2.7079501152038574, param_norm=1665.572998046875
Step 4896: grad_norm=7.451469421386719, loss=2.6532111167907715, param_norm=1665.572998046875
Step 4897: grad_norm=6.158491611480713, loss=2.5491480827331543, param_norm=1665.572998046875
Step 4898: grad_norm=5.324086666107178, loss=2.7648630142211914, param_norm=1665.572998046875
Step 4899: grad_norm=8.054814338684082, loss=2.660022497177124, param_norm=1665.572998046875
Step 4900: grad_norm=5.593527793884277, loss=2.459913492202759, param_norm=1665.572998046875
Step 4901: grad_norm=9.031704902648926, loss=2.5226850509643555, param_norm=1665.5728759765625
Step 4902: grad_norm=12.161819458007812, loss=2.739614963531494, param_norm=1665.572998046875
Step 4903: grad_norm=5.933288097381592, loss=2.4966771602630615, param_norm=1665.572998046875
Step 4904: grad_norm=9.137503623962402, loss=2.591822624206543, param_norm=1665.572998046875
Step 4905: grad_norm=5.357357501983643, loss=2.6020541191101074, param_norm=1665.572998046875
Step 4906: grad_norm=4.919981479644775, loss=2.6994009017944336, param_norm=1665.572998046875
Step 4907: grad_norm=6.453137397766113, loss=2.683198928833008, param_norm=1665.572998046875
Step 4908: grad_norm=8.226966857910156, loss=2.923220157623291, param_norm=1665.572998046875
Step 4909: grad_norm=5.062917232513428, loss=2.611210823059082, param_norm=1665.572998046875
Step 4910: grad_norm=8.175331115722656, loss=2.8487496376037598, param_norm=1665.572998046875
Step 4911: grad_norm=5.16365909576416, loss=2.554088592529297, param_norm=1665.572998046875
Step 4912: grad_norm=5.698383808135986, loss=2.6321892738342285, param_norm=1665.572998046875
Step 4913: grad_norm=5.9156622886657715, loss=2.6944541931152344, param_norm=1665.572998046875
Step 4914: grad_norm=14.684192657470703, loss=2.7976717948913574, param_norm=1665.572998046875
Step 4915: grad_norm=5.876970291137695, loss=2.748243808746338, param_norm=1665.5731201171875
Step 4916: grad_norm=6.296474933624268, loss=2.6630818843841553, param_norm=1665.5731201171875
Step 4917: grad_norm=5.405369758605957, loss=2.765958070755005, param_norm=1665.572998046875
Step 4918: grad_norm=7.095608711242676, loss=2.7344765663146973, param_norm=1665.5731201171875
Step 4919: grad_norm=5.881121635437012, loss=2.3881120681762695, param_norm=1665.5731201171875
Step 4920: grad_norm=5.0921173095703125, loss=2.3051702976226807, param_norm=1665.5731201171875
Step 4921: grad_norm=4.706262111663818, loss=2.8341662883758545, param_norm=1665.5731201171875
Step 4922: grad_norm=6.368872165679932, loss=2.429814338684082, param_norm=1665.5731201171875
Step 4923: grad_norm=5.607587814331055, loss=2.381363868713379, param_norm=1665.5731201171875
Step 4924: grad_norm=5.276900768280029, loss=2.5356192588806152, param_norm=1665.5731201171875
Step 4925: grad_norm=7.4611592292785645, loss=2.697765588760376, param_norm=1665.5731201171875
Step 4926: grad_norm=6.677938938140869, loss=2.747385263442993, param_norm=1665.5731201171875
Step 4927: grad_norm=6.163321018218994, loss=2.605647563934326, param_norm=1665.5731201171875
Step 4928: grad_norm=5.545642852783203, loss=2.7533671855926514, param_norm=1665.5731201171875
Step 4929: grad_norm=6.504719257354736, loss=2.7497470378875732, param_norm=1665.5731201171875
Step 4930: grad_norm=4.961787223815918, loss=2.584073543548584, param_norm=1665.5731201171875
Step 4931: grad_norm=7.139699459075928, loss=2.551401138305664, param_norm=1665.5731201171875
Step 4932: grad_norm=5.418912887573242, loss=2.6154227256774902, param_norm=1665.5731201171875
Step 4933: grad_norm=5.78371524810791, loss=2.641521453857422, param_norm=1665.5731201171875
Step 4934: grad_norm=6.7101263999938965, loss=2.9934327602386475, param_norm=1665.5731201171875
Step 4935: grad_norm=5.315396785736084, loss=2.698596477508545, param_norm=1665.5732421875
Step 4936: grad_norm=5.522786617279053, loss=2.6470112800598145, param_norm=1665.5732421875
Step 4937: grad_norm=9.483214378356934, loss=2.683964490890503, param_norm=1665.5732421875
Step 4938: grad_norm=4.5340752601623535, loss=2.698744297027588, param_norm=1665.5732421875
Step 4939: grad_norm=7.291275978088379, loss=2.456037998199463, param_norm=1665.5732421875
Step 4940: grad_norm=6.197918891906738, loss=2.8413925170898438, param_norm=1665.5732421875
Step 4941: grad_norm=5.739973545074463, loss=2.210838794708252, param_norm=1665.5732421875
Step 4942: grad_norm=6.512775897979736, loss=2.5421671867370605, param_norm=1665.5732421875
Step 4943: grad_norm=5.0486531257629395, loss=2.7624971866607666, param_norm=1665.5733642578125
Step 4944: grad_norm=7.262744903564453, loss=2.76499605178833, param_norm=1665.5733642578125
Step 4945: grad_norm=7.2409868240356445, loss=2.6069345474243164, param_norm=1665.5733642578125
Step 4946: grad_norm=7.735513210296631, loss=2.5825023651123047, param_norm=1665.5733642578125
Step 4947: grad_norm=10.277911186218262, loss=2.6463985443115234, param_norm=1665.5733642578125
Step 4948: grad_norm=8.672586441040039, loss=2.4578020572662354, param_norm=1665.5733642578125
Step 4949: grad_norm=7.320786476135254, loss=2.756826877593994, param_norm=1665.5733642578125
Step 4950: grad_norm=9.211859703063965, loss=2.704719066619873, param_norm=1665.5733642578125
Step 4951: grad_norm=5.1353840827941895, loss=2.5497169494628906, param_norm=1665.5733642578125
Step 4952: grad_norm=5.3167572021484375, loss=2.852315902709961, param_norm=1665.5733642578125
Step 4953: grad_norm=6.789495468139648, loss=2.7562875747680664, param_norm=1665.5733642578125
Step 4954: grad_norm=5.919705867767334, loss=2.482628583908081, param_norm=1665.5733642578125
Step 4955: grad_norm=6.272100925445557, loss=2.8835160732269287, param_norm=1665.5733642578125
Step 4956: grad_norm=4.747361183166504, loss=2.5329318046569824, param_norm=1665.5733642578125
Step 4957: grad_norm=6.471186637878418, loss=2.6783595085144043, param_norm=1665.5733642578125
Step 4958: grad_norm=5.702790260314941, loss=2.7463202476501465, param_norm=1665.5733642578125
Step 4959: grad_norm=5.48194694519043, loss=2.511904716491699, param_norm=1665.5733642578125
Step 4960: grad_norm=5.223395824432373, loss=2.663773536682129, param_norm=1665.5733642578125
Step 4961: grad_norm=5.673451900482178, loss=2.633880615234375, param_norm=1665.5733642578125
Step 4962: grad_norm=9.138179779052734, loss=2.7572786808013916, param_norm=1665.5733642578125
Step 4963: grad_norm=6.140743732452393, loss=2.692920684814453, param_norm=1665.573486328125
Step 4964: grad_norm=5.271248817443848, loss=2.8435325622558594, param_norm=1665.573486328125
Step 4965: grad_norm=5.455907344818115, loss=2.7038674354553223, param_norm=1665.573486328125
Step 4966: grad_norm=5.70235538482666, loss=2.7908740043640137, param_norm=1665.573486328125
Step 4967: grad_norm=8.622922897338867, loss=2.633028507232666, param_norm=1665.573486328125
Step 4968: grad_norm=6.229924201965332, loss=2.652465581893921, param_norm=1665.573486328125
Step 4969: grad_norm=6.305152416229248, loss=2.5918049812316895, param_norm=1665.573486328125
Step 4970: grad_norm=5.423593997955322, loss=2.6999459266662598, param_norm=1665.573486328125
Step 4971: grad_norm=5.984060764312744, loss=2.602910041809082, param_norm=1665.573486328125
Step 4972: grad_norm=5.21291446685791, loss=2.561763286590576, param_norm=1665.573486328125
Step 4973: grad_norm=6.401400566101074, loss=2.5511221885681152, param_norm=1665.573486328125
Step 4974: grad_norm=6.405743598937988, loss=2.5172247886657715, param_norm=1665.573486328125
Step 4975: grad_norm=5.212076187133789, loss=2.4543237686157227, param_norm=1665.573486328125
Step 4976: grad_norm=8.470364570617676, loss=2.7220869064331055, param_norm=1665.573486328125
Step 4977: grad_norm=4.9442009925842285, loss=2.572526454925537, param_norm=1665.573486328125
Step 4978: grad_norm=5.880058765411377, loss=2.590719699859619, param_norm=1665.573486328125
Step 4979: grad_norm=5.490678787231445, loss=2.689030170440674, param_norm=1665.573486328125
Step 4980: grad_norm=12.558959007263184, loss=2.7749528884887695, param_norm=1665.573486328125
Step 4981: grad_norm=4.966552734375, loss=2.383481025695801, param_norm=1665.573486328125
Step 4982: grad_norm=5.1687445640563965, loss=2.6674437522888184, param_norm=1665.573486328125
Step 4983: grad_norm=6.359978675842285, loss=2.5403285026550293, param_norm=1665.573486328125
Step 4984: grad_norm=5.53939962387085, loss=2.5442023277282715, param_norm=1665.573486328125
Step 4985: grad_norm=4.864406108856201, loss=2.487319231033325, param_norm=1665.5736083984375
Step 4986: grad_norm=8.267395973205566, loss=2.4317708015441895, param_norm=1665.5736083984375
Step 4987: grad_norm=4.986922264099121, loss=2.799534797668457, param_norm=1665.5736083984375
Step 4988: grad_norm=7.64740514755249, loss=2.5879721641540527, param_norm=1665.5736083984375
Step 4989: grad_norm=5.443509578704834, loss=2.408426284790039, param_norm=1665.5736083984375
Step 4990: grad_norm=7.417478084564209, loss=2.4983105659484863, param_norm=1665.5736083984375
Step 4991: grad_norm=5.500160217285156, loss=2.7647643089294434, param_norm=1665.5736083984375
Step 4992: grad_norm=8.993523597717285, loss=2.7874913215637207, param_norm=1665.5736083984375
Step 4993: grad_norm=6.390219688415527, loss=2.818709373474121, param_norm=1665.5736083984375
Step 4994: grad_norm=5.575730323791504, loss=2.5334742069244385, param_norm=1665.5736083984375
Step 4995: grad_norm=5.48403263092041, loss=2.7528462409973145, param_norm=1665.5736083984375
Step 4996: grad_norm=5.3110198974609375, loss=2.7196476459503174, param_norm=1665.5736083984375
Step 4997: grad_norm=6.835302352905273, loss=2.6331942081451416, param_norm=1665.57373046875
Step 4998: grad_norm=5.959105014801025, loss=2.4053335189819336, param_norm=1665.57373046875
Step 4999: grad_norm=6.196950912475586, loss=2.7674686908721924, param_norm=1665.57373046875
Step 5000: grad_norm=6.4928717613220215, loss=2.6145901679992676, param_norm=1665.57373046875
Step 5001: grad_norm=5.542503356933594, loss=2.784285068511963, param_norm=1665.57373046875
Step 5002: grad_norm=5.546104907989502, loss=2.7568867206573486, param_norm=1665.57373046875
Step 5003: grad_norm=5.120692729949951, loss=2.606689214706421, param_norm=1665.57373046875
Step 5004: grad_norm=7.520089626312256, loss=2.570728302001953, param_norm=1665.57373046875
Step 5005: grad_norm=8.594071388244629, loss=2.5569448471069336, param_norm=1665.57373046875
Step 5006: grad_norm=5.486771106719971, loss=2.792130947113037, param_norm=1665.57373046875
Step 5007: grad_norm=5.242431163787842, loss=2.6088433265686035, param_norm=1665.57373046875
Step 5008: grad_norm=11.084000587463379, loss=2.4755520820617676, param_norm=1665.57373046875
Step 5009: grad_norm=6.649740695953369, loss=2.7166991233825684, param_norm=1665.57373046875
Step 5010: grad_norm=5.48737907409668, loss=2.6793484687805176, param_norm=1665.57373046875
Step 5011: grad_norm=5.184528827667236, loss=2.7362582683563232, param_norm=1665.57373046875
Step 5012: grad_norm=10.272054672241211, loss=2.584359884262085, param_norm=1665.57373046875
Step 5013: grad_norm=5.983530044555664, loss=2.491759777069092, param_norm=1665.57373046875
Step 5014: grad_norm=8.998052597045898, loss=2.6677818298339844, param_norm=1665.57373046875
Step 5015: grad_norm=5.980996131896973, loss=2.7780795097351074, param_norm=1665.57373046875
Step 5016: grad_norm=4.502324104309082, loss=2.5395240783691406, param_norm=1665.57373046875
Step 5017: grad_norm=6.5554094314575195, loss=2.7391304969787598, param_norm=1665.57373046875
Step 5018: grad_norm=6.023492336273193, loss=2.505282402038574, param_norm=1665.57373046875
Step 5019: grad_norm=5.667176246643066, loss=2.793931722640991, param_norm=1665.57373046875
Step 5020: grad_norm=5.7737884521484375, loss=2.681957244873047, param_norm=1665.5738525390625
Step 5021: grad_norm=5.9834394454956055, loss=2.707873821258545, param_norm=1665.5738525390625
Step 5022: grad_norm=5.135708808898926, loss=2.5855278968811035, param_norm=1665.5738525390625
Step 5023: grad_norm=6.738763809204102, loss=2.55674409866333, param_norm=1665.5738525390625
Step 5024: grad_norm=5.758224010467529, loss=2.6027119159698486, param_norm=1665.57373046875